{"type":"FeatureCollection","_meta":{"source":"City of Winnipeg map API, feature set 18787 (\"WalkShed 800m\"), as drawn on the legacy PP&D Property Map","source_url":"https://legacy.winnipeg.ca/ppd/Mapping/PropertyMap/default.stm","legend_title":"Winnipeg Zoning Schedule AC Map 2 (800m walking distance of frequent transit)","bylaw":"Winnipeg Zoning By-law 200/2006, Schedule AC (added by By-law 59/2025)","generated_at":"2026-10-09T23:55:20.820Z"},"features":[{"type":"Feature","properties":{"name":"Schedule AC Map 2","description":"Within 800 m walking distance of frequent transit","feature_set_id":18787},"geometry":{"type":"MultiPolygon","coordinates":[[[[-97.26632,49.85206],[-97.26629,49.8525],[-97.26702,49.85245],[-97.26708,49.85209],[-97.26632,49.85206]]],[[[-97.28569,49.89492],[-97.28538,49.89522],[-97.28549,49.89527],[-97.28515,49.8956],[-97.28507,49.89583],[-97.28505,49.89618],[-97.28591,49.89622],[-97.28655,49.8956],[-97.28643,49.89552],[-97.28689,49.89507],[-97.28624,49.89516],[-97.28569,49.89492]]],[[[-97.0602,49.92858],[-97.06016,49.92862],[-97.05951,49.92841],[-97.05922,49.92879],[-97.05865,49.92862],[-97.05816,49.9292],[-97.05867,49.92943],[-97.05858,49.9295],[-97.05848,49.92958],[-97.05876,49.92974],[-97.05943,49.92953],[-97.0602,49.92858]]],[[[-97.17401,49.84716],[-97.17253,49.84766],[-97.17054,49.84833],[-97.16599,49.84987],[-97.16524,49.85013],[-97.1655,49.85131],[-97.17611,49.85032],[-97.17616,49.85031],[-97.17621,49.84987],[-97.17611,49.84976],[-97.1754,49.84888],[-97.17401,49.84716]]],[[[-97.13654,49.80033],[-97.13624,49.80043],[-97.13658,49.80085],[-97.13692,49.80127],[-97.13392,49.80228],[-97.13358,49.80186],[-97.13324,49.80144],[-97.13291,49.80155],[-97.13261,49.80111],[-97.13169,49.80142],[-97.13164,49.80136],[-97.13071,49.80168],[-97.13084,49.80188],[-97.12788,49.80288],[-97.12862,49.80337],[-97.12919,49.80389],[-97.12942,49.8044],[-97.12961,49.8049],[-97.12972,49.80533],[-97.12979,49.80559],[-97.12978,49.80593],[-97.1298,49.80604],[-97.13078,49.80581],[-97.1416,49.80214],[-97.14082,49.80117],[-97.14024,49.80136],[-97.13995,49.80147],[-97.13958,49.8016],[-97.13919,49.80112],[-97.1388,49.80063],[-97.13757,49.80105],[-97.13723,49.80063],[-97.13688,49.80075],[-97.13654,49.80033]]],[[[-97.14922,49.75918],[-97.14635,49.76018],[-97.14627,49.75998],[-97.14629,49.75975],[-97.14626,49.75953],[-97.14606,49.75941],[-97.14581,49.75937],[-97.14558,49.75947],[-97.14582,49.76371],[-97.14458,49.76373],[-97.14459,49.76403],[-97.14369,49.76404],[-97.14385,49.76425],[-97.14399,49.76439],[-97.14323,49.7644],[-97.14324,49.76461],[-97.14262,49.76462],[-97.14219,49.76578],[-97.14403,49.76574],[-97.14404,49.766],[-97.14479,49.76599],[-97.14483,49.76687],[-97.14407,49.76688],[-97.14407,49.767],[-97.14411,49.76705],[-97.14356,49.76725],[-97.14367,49.76739],[-97.14383,49.76758],[-97.14388,49.76764],[-97.14409,49.76789],[-97.14431,49.76815],[-97.14375,49.76835],[-97.14392,49.76856],[-97.14381,49.7686],[-97.14421,49.76908],[-97.14893,49.76745],[-97.15145,49.76655],[-97.15293,49.76818],[-97.15234,49.76838],[-97.15258,49.76991],[-97.15312,49.77003],[-97.15356,49.77015],[-97.15386,49.77025],[-97.15427,49.77047],[-97.15442,49.77062],[-97.15477,49.77093],[-97.15492,49.77119],[-97.15518,49.77149],[-97.15524,49.77182],[-97.15542,49.77206],[-97.15546,49.7724],[-97.15543,49.77285],[-97.15513,49.77319],[-97.15483,49.77342],[-97.15465,49.77371],[-97.15451,49.774],[-97.15422,49.77431],[-97.15377,49.77475],[-97.15338,49.77517],[-97.15249,49.77553],[-97.15168,49.77583],[-97.15122,49.77603],[-97.15198,49.77694],[-97.1552,49.77581],[-97.15545,49.7757],[-97.15548,49.77558],[-97.15546,49.77532],[-97.15584,49.77519],[-97.15649,49.77494],[-97.15648,49.77463],[-97.16081,49.77312],[-97.16082,49.77316],[-97.16083,49.77321],[-97.16083,49.77325],[-97.16084,49.77329],[-97.16084,49.77332],[-97.16085,49.77337],[-97.16087,49.77358],[-97.1613,49.77356],[-97.16138,49.77355],[-97.16181,49.77407],[-97.16177,49.77408],[-97.16215,49.77453],[-97.16438,49.77375],[-97.16401,49.7733],[-97.16393,49.77332],[-97.16378,49.77313],[-97.16324,49.77332],[-97.16277,49.77271],[-97.16271,49.77259],[-97.16327,49.77247],[-97.16325,49.77243],[-97.16381,49.77235],[-97.16393,49.77257],[-97.16411,49.77278],[-97.165,49.7724],[-97.16571,49.77322],[-97.16675,49.77286],[-97.16615,49.77212],[-97.16674,49.77191],[-97.16674,49.77191],[-97.16744,49.77166],[-97.16655,49.77096],[-97.16572,49.77058],[-97.1665,49.77014],[-97.16699,49.76993],[-97.16671,49.76961],[-97.1662,49.76985],[-97.16619,49.76985],[-97.16564,49.77016],[-97.1649,49.76942],[-97.16518,49.76932],[-97.16509,49.76881],[-97.1649,49.76881],[-97.1645,49.76873],[-97.16443,49.76872],[-97.16435,49.76791],[-97.16572,49.76743],[-97.16536,49.76696],[-97.16593,49.76676],[-97.16538,49.76605],[-97.16499,49.76554],[-97.16451,49.76489],[-97.16436,49.76476],[-97.16387,49.76434],[-97.16335,49.76459],[-97.16337,49.76461],[-97.16285,49.76485],[-97.16252,49.76456],[-97.16303,49.76431],[-97.16296,49.76424],[-97.16244,49.76449],[-97.16173,49.76386],[-97.16145,49.76361],[-97.161,49.76318],[-97.16149,49.76295],[-97.16155,49.76301],[-97.16204,49.76277],[-97.16226,49.76296],[-97.16224,49.76297],[-97.16234,49.76298],[-97.16259,49.76286],[-97.16238,49.76272],[-97.16261,49.76264],[-97.16233,49.76211],[-97.1612,49.76251],[-97.161,49.76228],[-97.16143,49.76213],[-97.16106,49.76169],[-97.1614,49.76149],[-97.16103,49.76131],[-97.16171,49.76103],[-97.16143,49.76069],[-97.16025,49.76111],[-97.15991,49.76106],[-97.15948,49.76104],[-97.15913,49.76097],[-97.15886,49.76095],[-97.15854,49.76096],[-97.15628,49.76175],[-97.1545,49.76341],[-97.15418,49.76358],[-97.15391,49.76321],[-97.15322,49.76226],[-97.15219,49.76083],[-97.15181,49.76033],[-97.15162,49.7601],[-97.15154,49.76002],[-97.15144,49.75992],[-97.15138,49.75986],[-97.15136,49.75983],[-97.15132,49.75979],[-97.1499,49.76018],[-97.14922,49.75918]]],[[[-97.0602,49.92858],[-97.05926,49.92975],[-97.05926,49.92975],[-97.05919,49.92983],[-97.05896,49.93012],[-97.0585,49.93071],[-97.05835,49.93066],[-97.05829,49.93068],[-97.05788,49.93085],[-97.05775,49.93094],[-97.05764,49.93105],[-97.05754,49.93117],[-97.05683,49.93206],[-97.06005,49.93311],[-97.05904,49.93442],[-97.05559,49.93327],[-97.05543,49.93334],[-97.05504,49.93335],[-97.05474,49.93363],[-97.05532,49.93451],[-97.05566,49.93504],[-97.05622,49.93597],[-97.05669,49.93652],[-97.05697,49.93682],[-97.05791,49.93777],[-97.05919,49.93819],[-97.05933,49.9382],[-97.05799,49.93929],[-97.05762,49.93955],[-97.0565,49.94043],[-97.05561,49.94001],[-97.05586,49.93985],[-97.05599,49.93965],[-97.05593,49.93946],[-97.05577,49.93925],[-97.0553,49.93866],[-97.05469,49.93789],[-97.05459,49.93778],[-97.05441,49.93765],[-97.05422,49.93754],[-97.05406,49.93749],[-97.05381,49.93742],[-97.05308,49.93744],[-97.0528,49.93748],[-97.05251,49.93756],[-97.05226,49.93767],[-97.05202,49.93785],[-97.05157,49.9382],[-97.05074,49.93886],[-97.05066,49.93896],[-97.05044,49.93879],[-97.04988,49.9382],[-97.04993,49.93818],[-97.05094,49.93777],[-97.0521,49.93685],[-97.05142,49.93649],[-97.0514,49.93651],[-97.05113,49.93636],[-97.05076,49.93665],[-97.0501,49.9363],[-97.0497,49.93662],[-97.04963,49.93658],[-97.04918,49.93688],[-97.0491,49.93683],[-97.04871,49.93663],[-97.04782,49.93616],[-97.04737,49.93652],[-97.04691,49.93688],[-97.04803,49.93748],[-97.04811,49.93752],[-97.04812,49.93755],[-97.0475,49.93814],[-97.04845,49.93856],[-97.04848,49.93858],[-97.04851,49.9386],[-97.04853,49.93862],[-97.04855,49.93864],[-97.04856,49.93866],[-97.04858,49.9387],[-97.04858,49.93874],[-97.04857,49.93878],[-97.04855,49.9388],[-97.04853,49.93883],[-97.04771,49.9396],[-97.04729,49.93999],[-97.04677,49.93976],[-97.04666,49.93987],[-97.04667,49.9399],[-97.04591,49.93989],[-97.04574,49.94005],[-97.04384,49.9392],[-97.04335,49.93966],[-97.04331,49.93964],[-97.04292,49.94016],[-97.04382,49.94056],[-97.04382,49.94056],[-97.04463,49.94092],[-97.04454,49.94123],[-97.04399,49.94131],[-97.04404,49.94146],[-97.04346,49.94155],[-97.0436,49.94196],[-97.04302,49.94204],[-97.043,49.94199],[-97.04241,49.94183],[-97.04234,49.94215],[-97.04241,49.94217],[-97.04251,49.94219],[-97.04253,49.94249],[-97.04258,49.94264],[-97.04208,49.94255],[-97.04166,49.94237],[-97.04135,49.94266],[-97.04122,49.9426],[-97.04075,49.94303],[-97.04006,49.94272],[-97.04,49.94277],[-97.03943,49.94252],[-97.03893,49.94299],[-97.03897,49.94301],[-97.03861,49.94334],[-97.03896,49.9435],[-97.03898,49.94348],[-97.03951,49.94372],[-97.0392,49.94401],[-97.03921,49.94402],[-97.03891,49.9443],[-97.03869,49.9442],[-97.03787,49.94496],[-97.03736,49.94474],[-97.03717,49.94492],[-97.03698,49.9451],[-97.03751,49.94534],[-97.03733,49.94551],[-97.0368,49.94527],[-97.03649,49.94557],[-97.03664,49.94563],[-97.03616,49.94607],[-97.03871,49.9472],[-97.03918,49.94677],[-97.03936,49.94685],[-97.0389,49.94728],[-97.03931,49.94747],[-97.03823,49.94849],[-97.04398,49.95104],[-97.04407,49.95099],[-97.04653,49.95209],[-97.04743,49.95249],[-97.05121,49.95417],[-97.05158,49.95384],[-97.05266,49.95431],[-97.05304,49.95396],[-97.05341,49.95362],[-97.05463,49.95415],[-97.05557,49.95328],[-97.05413,49.95264],[-97.05452,49.95228],[-97.05474,49.95237],[-97.05503,49.95243],[-97.05572,49.95178],[-97.05548,49.95167],[-97.05578,49.95137],[-97.05584,49.9514],[-97.05615,49.95111],[-97.05678,49.95139],[-97.05709,49.95108],[-97.05705,49.95107],[-97.05739,49.95076],[-97.05668,49.95043],[-97.05696,49.95015],[-97.05733,49.94982],[-97.0546,49.94861],[-97.05487,49.94816],[-97.05537,49.94839],[-97.05666,49.94719],[-97.05616,49.94697],[-97.05684,49.94651],[-97.05689,49.94655],[-97.05712,49.94665],[-97.05726,49.94716],[-97.05971,49.94825],[-97.06068,49.94735],[-97.06176,49.94783],[-97.06229,49.94806],[-97.06325,49.94716],[-97.06156,49.94641],[-97.06105,49.94618],[-97.06076,49.94605],[-97.0604,49.94638],[-97.05989,49.94616],[-97.06024,49.94582],[-97.06023,49.94582],[-97.06071,49.94538],[-97.06135,49.94565],[-97.06136,49.94549],[-97.06133,49.94538],[-97.0613,49.94528],[-97.06128,49.94518],[-97.06128,49.94503],[-97.06152,49.94505],[-97.06186,49.94506],[-97.06285,49.94544],[-97.06314,49.94512],[-97.06325,49.94516],[-97.06352,49.94486],[-97.06442,49.9452],[-97.06466,49.94485],[-97.06451,49.9448],[-97.0648,49.94447],[-97.06458,49.94439],[-97.0648,49.94411],[-97.06428,49.94394],[-97.06427,49.94396],[-97.06376,49.94377],[-97.06446,49.94289],[-97.06082,49.94169],[-97.06114,49.94118],[-97.06091,49.94102],[-97.06143,49.94063],[-97.06206,49.94026],[-97.06247,49.94055],[-97.06237,49.94061],[-97.06236,49.94072],[-97.06254,49.94085],[-97.06298,49.94059],[-97.06332,49.94084],[-97.06376,49.94058],[-97.06374,49.94056],[-97.06416,49.94032],[-97.06499,49.94091],[-97.06529,49.94052],[-97.06739,49.94121],[-97.06867,49.93959],[-97.06919,49.93977],[-97.06936,49.93956],[-97.06966,49.93966],[-97.06994,49.93933],[-97.07069,49.93958],[-97.07124,49.93888],[-97.07222,49.93921],[-97.07251,49.93886],[-97.07254,49.93887],[-97.07283,49.93849],[-97.07225,49.9383],[-97.07214,49.93811],[-97.07049,49.93756],[-97.07049,49.93753],[-97.07089,49.93702],[-97.07184,49.93734],[-97.07236,49.93667],[-97.07331,49.93699],[-97.07373,49.93645],[-97.0742,49.9366],[-97.07438,49.93639],[-97.07456,49.93645],[-97.07485,49.93609],[-97.07398,49.93581],[-97.07423,49.93548],[-97.0745,49.93515],[-97.07356,49.93483],[-97.07249,49.93447],[-97.07244,49.93432],[-97.07313,49.93377],[-97.07369,49.93333],[-97.07385,49.93329],[-97.07575,49.93392],[-97.07604,49.93356],[-97.07594,49.93353],[-97.07611,49.93331],[-97.07562,49.93314],[-97.07595,49.93272],[-97.0754,49.93254],[-97.07569,49.93218],[-97.07873,49.93319],[-97.07899,49.93286],[-97.07902,49.93287],[-97.07928,49.93255],[-97.08031,49.93291],[-97.0806,49.93256],[-97.08023,49.93244],[-97.08075,49.93179],[-97.07565,49.93009],[-97.07755,49.92771],[-97.07473,49.92678],[-97.07678,49.92515],[-97.08373,49.92748],[-97.08399,49.92715],[-97.08409,49.92718],[-97.08435,49.92686],[-97.08525,49.92716],[-97.0855,49.92683],[-97.08556,49.92685],[-97.08582,49.92653],[-97.08687,49.92687],[-97.08712,49.92655],[-97.08739,49.92622],[-97.08643,49.92589],[-97.08669,49.92557],[-97.08655,49.92552],[-97.08682,49.9252],[-97.08619,49.92499],[-97.08645,49.92467],[-97.08654,49.9247],[-97.0868,49.92438],[-97.08784,49.92473],[-97.08843,49.92398],[-97.08973,49.92441],[-97.0904,49.92357],[-97.09093,49.92374],[-97.0911,49.92354],[-97.09162,49.92371],[-97.09179,49.92351],[-97.09212,49.92308],[-97.09159,49.92291],[-97.09154,49.92297],[-97.09124,49.92287],[-97.09154,49.92249],[-97.0912,49.92238],[-97.0915,49.922],[-97.09115,49.92188],[-97.09146,49.92151],[-97.09136,49.92147],[-97.09167,49.9211],[-97.08905,49.92021],[-97.0897,49.91996],[-97.09093,49.91953],[-97.09333,49.91869],[-97.09395,49.91889],[-97.09422,49.91856],[-97.09388,49.91845],[-97.0961,49.91769],[-97.09751,49.91816],[-97.09786,49.91772],[-97.0984,49.91705],[-97.09923,49.91733],[-97.09949,49.917],[-97.10062,49.91738],[-97.10088,49.91704],[-97.10082,49.91702],[-97.10107,49.9167],[-97.10209,49.91704],[-97.10234,49.91672],[-97.10226,49.91669],[-97.10252,49.91637],[-97.10362,49.91673],[-97.10388,49.91641],[-97.1041,49.91648],[-97.10436,49.91615],[-97.1052,49.91643],[-97.10494,49.91676],[-97.10468,49.91708],[-97.1045,49.91703],[-97.10424,49.91735],[-97.10436,49.91739],[-97.1041,49.91771],[-97.1031,49.91738],[-97.10284,49.91771],[-97.10259,49.91803],[-97.10144,49.91766],[-97.10118,49.91797],[-97.10126,49.918],[-97.10099,49.91833],[-97.09997,49.91798],[-97.0997,49.91833],[-97.10179,49.91903],[-97.1008,49.92034],[-97.09959,49.91994],[-97.09907,49.92059],[-97.09934,49.92069],[-97.09894,49.92119],[-97.0993,49.92131],[-97.10028,49.921],[-97.10289,49.92186],[-97.10212,49.92284],[-97.09843,49.92162],[-97.09818,49.92195],[-97.09793,49.92186],[-97.09766,49.92219],[-97.09866,49.92252],[-97.09839,49.92286],[-97.09845,49.92287],[-97.09814,49.92326],[-97.09793,49.92319],[-97.09763,49.92356],[-97.0977,49.92359],[-97.09739,49.92396],[-97.09675,49.92375],[-97.09586,49.92486],[-97.09421,49.92431],[-97.09388,49.92474],[-97.09501,49.92511],[-97.09468,49.92553],[-97.09434,49.92595],[-97.09486,49.92612],[-97.09535,49.92628],[-97.09501,49.9267],[-97.09512,49.92674],[-97.09485,49.92706],[-97.09572,49.92735],[-97.09546,49.92767],[-97.09543,49.92766],[-97.09517,49.92798],[-97.09545,49.92807],[-97.0952,49.92839],[-97.09506,49.92834],[-97.09479,49.92868],[-97.09381,49.92836],[-97.09354,49.92868],[-97.0936,49.9287],[-97.09334,49.92903],[-97.09271,49.92882],[-97.09241,49.92872],[-97.09215,49.92904],[-97.09189,49.92937],[-97.0908,49.929],[-97.09054,49.92933],[-97.09051,49.92932],[-97.09025,49.92964],[-97.08926,49.92931],[-97.089,49.92964],[-97.08898,49.92963],[-97.08869,49.92998],[-97.0911,49.93078],[-97.09107,49.9308],[-97.09083,49.93115],[-97.09019,49.93197],[-97.0898,49.93245],[-97.08917,49.93224],[-97.08845,49.93314],[-97.08908,49.93335],[-97.0883,49.93432],[-97.08439,49.93302],[-97.08387,49.93367],[-97.08373,49.93362],[-97.08347,49.93395],[-97.08448,49.9343],[-97.08424,49.93461],[-97.08433,49.93464],[-97.08403,49.93501],[-97.08516,49.93538],[-97.08484,49.93578],[-97.08453,49.93617],[-97.0857,49.93656],[-97.08508,49.93736],[-97.0839,49.93697],[-97.08356,49.93739],[-97.08351,49.93737],[-97.08345,49.93746],[-97.08317,49.93779],[-97.08297,49.93773],[-97.08265,49.93813],[-97.08157,49.93778],[-97.08126,49.93816],[-97.08058,49.93794],[-97.08026,49.93834],[-97.07978,49.93818],[-97.07952,49.93851],[-97.07977,49.9386],[-97.07956,49.93886],[-97.08071,49.93924],[-97.08045,49.93956],[-97.08046,49.93957],[-97.08021,49.93988],[-97.08038,49.93995],[-97.07975,49.94072],[-97.07907,49.9405],[-97.07874,49.94092],[-97.07893,49.94098],[-97.07864,49.94134],[-97.07726,49.94087],[-97.07699,49.94121],[-97.07642,49.94192],[-97.07948,49.94293],[-97.08004,49.94223],[-97.08092,49.94252],[-97.08287,49.94317],[-97.08106,49.94543],[-97.08113,49.94595],[-97.08102,49.94596],[-97.0808,49.94598],[-97.08074,49.94597],[-97.08069,49.94557],[-97.07998,49.94533],[-97.07762,49.94455],[-97.07729,49.94496],[-97.07772,49.9451],[-97.07665,49.94645],[-97.075,49.94594],[-97.0742,49.94609],[-97.07415,49.94615],[-97.07335,49.94616],[-97.07325,49.94629],[-97.07362,49.94642],[-97.0733,49.94683],[-97.07334,49.94685],[-97.07308,49.94717],[-97.07288,49.94709],[-97.07262,49.94742],[-97.07244,49.94735],[-97.0722,49.94768],[-97.07315,49.94803],[-97.07253,49.94861],[-97.07299,49.94881],[-97.0731,49.94871],[-97.07353,49.94892],[-97.07262,49.94977],[-97.07085,49.949],[-97.07082,49.94903],[-97.07029,49.94887],[-97.06987,49.94945],[-97.07128,49.95007],[-97.0702,49.95108],[-97.06906,49.95057],[-97.06966,49.95],[-97.06895,49.94968],[-97.0688,49.94988],[-97.06785,49.94946],[-97.06744,49.94984],[-97.06695,49.94962],[-97.06658,49.94997],[-97.06655,49.94996],[-97.06631,49.95018],[-97.0668,49.9504],[-97.06682,49.95038],[-97.06729,49.9506],[-97.06717,49.95072],[-97.06663,49.9513],[-97.06715,49.95153],[-97.06713,49.95155],[-97.06759,49.95176],[-97.06734,49.95199],[-97.06689,49.95179],[-97.067,49.95168],[-97.06633,49.95139],[-97.06576,49.95192],[-97.06583,49.95195],[-97.06548,49.95229],[-97.06491,49.95203],[-97.06463,49.9523],[-97.06459,49.95228],[-97.06386,49.95294],[-97.06408,49.95303],[-97.0647,49.95245],[-97.06478,49.95248],[-97.06429,49.95294],[-97.06472,49.95313],[-97.06524,49.95336],[-97.06425,49.95429],[-97.06461,49.95444],[-97.06429,49.95473],[-97.06573,49.95538],[-97.0651,49.95597],[-97.06556,49.95618],[-97.06473,49.95695],[-97.06394,49.9566],[-97.06356,49.95696],[-97.06321,49.95681],[-97.06324,49.95678],[-97.06304,49.95669],[-97.06348,49.95629],[-97.06357,49.95633],[-97.06378,49.95613],[-97.06327,49.9559],[-97.0637,49.95551],[-97.06261,49.95502],[-97.06197,49.95561],[-97.06178,49.95553],[-97.06128,49.956],[-97.06048,49.95564],[-97.06063,49.95549],[-97.06027,49.95533],[-97.05967,49.95588],[-97.0594,49.95576],[-97.05902,49.95611],[-97.05919,49.95619],[-97.05883,49.95653],[-97.059,49.95661],[-97.05825,49.95731],[-97.06437,49.96001],[-97.06678,49.96109],[-97.06809,49.96167],[-97.06801,49.96173],[-97.06933,49.96231],[-97.06948,49.96217],[-97.06976,49.9619],[-97.07021,49.96146],[-97.07081,49.96088],[-97.07176,49.95991],[-97.07241,49.95942],[-97.07348,49.9584],[-97.07503,49.9573],[-97.07621,49.95644],[-97.07752,49.95538],[-97.07891,49.9544],[-97.08022,49.95345],[-97.08129,49.95254],[-97.08271,49.95156],[-97.08395,49.95108],[-97.08527,49.95069],[-97.08563,49.95059],[-97.08535,49.95023],[-97.08568,49.94993],[-97.08569,49.94991],[-97.08639,49.95015],[-97.08675,49.9503],[-97.08719,49.95021],[-97.0882,49.9502],[-97.08948,49.95025],[-97.09089,49.95042],[-97.09245,49.95073],[-97.09352,49.95099],[-97.09527,49.95102],[-97.09629,49.95063],[-97.09695,49.94997],[-97.09725,49.94943],[-97.09739,49.94896],[-97.09732,49.94824],[-97.09703,49.94743],[-97.09688,49.94645],[-97.09638,49.94591],[-97.09601,49.94533],[-97.09581,49.94501],[-97.09551,49.94438],[-97.09533,49.94364],[-97.0954,49.94288],[-97.09579,49.94199],[-97.09674,49.94105],[-97.09846,49.94009],[-97.09958,49.93971],[-97.09826,49.93926],[-97.09868,49.93913],[-97.09906,49.93901],[-97.0995,49.93888],[-97.10008,49.9387],[-97.10079,49.93848],[-97.10214,49.93808],[-97.10014,49.93743],[-97.10039,49.93711],[-97.10026,49.93707],[-97.10084,49.93632],[-97.1042,49.93739],[-97.10445,49.93733],[-97.10478,49.93725],[-97.10526,49.93712],[-97.10631,49.93685],[-97.10606,49.93645],[-97.1065,49.93633],[-97.10716,49.93654],[-97.10724,49.93645],[-97.10862,49.9369],[-97.1089,49.93674],[-97.10926,49.93636],[-97.1097,49.93584],[-97.10809,49.93531],[-97.10814,49.93519],[-97.10748,49.93497],[-97.10763,49.9346],[-97.10784,49.93466],[-97.10811,49.93433],[-97.10789,49.93426],[-97.10803,49.9339],[-97.1072,49.93362],[-97.10746,49.9333],[-97.10771,49.93298],[-97.10701,49.93275],[-97.10728,49.93241],[-97.10813,49.93269],[-97.1086,49.93285],[-97.1086,49.93287],[-97.11046,49.93349],[-97.11035,49.93295],[-97.11027,49.9326],[-97.11026,49.93219],[-97.1101,49.93183],[-97.10994,49.93126],[-97.10984,49.93063],[-97.1096,49.93034],[-97.10946,49.92982],[-97.10931,49.92935],[-97.10921,49.92887],[-97.10915,49.9284],[-97.1091,49.92811],[-97.10913,49.92752],[-97.10915,49.92705],[-97.10914,49.92632],[-97.10922,49.92587],[-97.10945,49.92536],[-97.10966,49.92486],[-97.10993,49.92443],[-97.11019,49.92394],[-97.1104,49.92361],[-97.11078,49.92318],[-97.11104,49.92296],[-97.11129,49.9226],[-97.11163,49.92214],[-97.11185,49.92189],[-97.11229,49.92146],[-97.11275,49.92109],[-97.11327,49.92073],[-97.11433,49.92024],[-97.11539,49.91988],[-97.11673,49.9195],[-97.11755,49.91939],[-97.1188,49.91921],[-97.11992,49.91906],[-97.12142,49.91883],[-97.12224,49.91862],[-97.12315,49.9183],[-97.12403,49.91794],[-97.12451,49.91756],[-97.12491,49.91716],[-97.12529,49.91677],[-97.12404,49.91635],[-97.12401,49.91638],[-97.1234,49.91618],[-97.12353,49.916],[-97.1238,49.91609],[-97.12403,49.91576],[-97.12388,49.91571],[-97.12388,49.91571],[-97.12296,49.9154],[-97.12321,49.91507],[-97.12383,49.91527],[-97.12412,49.91491],[-97.12312,49.91458],[-97.12356,49.91399],[-97.12303,49.91382],[-97.12298,49.91388],[-97.12245,49.91369],[-97.123,49.91297],[-97.12613,49.91401],[-97.12608,49.91329],[-97.12559,49.91251],[-97.12499,49.9117],[-97.12332,49.91142],[-97.12333,49.9114],[-97.1239,49.91094],[-97.12345,49.91064],[-97.12267,49.91017],[-97.12211,49.90991],[-97.12062,49.90913],[-97.11963,49.90848],[-97.11847,49.90786],[-97.11745,49.90737],[-97.11642,49.90686],[-97.11551,49.90651],[-97.11364,49.90602],[-97.11247,49.90574],[-97.11112,49.9054],[-97.10975,49.905],[-97.10894,49.90452],[-97.10808,49.90381],[-97.10775,49.90334],[-97.10774,49.90317],[-97.10795,49.90242],[-97.10836,49.90154],[-97.10893,49.901],[-97.10941,49.90066],[-97.11026,49.90022],[-97.11019,49.90007],[-97.11015,49.89999],[-97.11009,49.89993],[-97.11007,49.89986],[-97.11005,49.89978],[-97.1079,49.89937],[-97.10782,49.89896],[-97.10771,49.89876],[-97.10859,49.89857],[-97.10838,49.89815],[-97.10749,49.89834],[-97.10726,49.89791],[-97.10661,49.89805],[-97.10703,49.8989],[-97.10667,49.89897],[-97.10563,49.89891],[-97.10485,49.90085],[-97.1047,49.90121],[-97.10476,49.90159],[-97.10486,49.90184],[-97.1051,49.90205],[-97.10538,49.90225],[-97.10585,49.90245],[-97.10571,49.90289],[-97.10446,49.90326],[-97.10407,49.90357],[-97.10311,49.90433],[-97.10269,49.90412],[-97.10237,49.90394],[-97.10212,49.90381],[-97.10174,49.90359],[-97.10144,49.90347],[-97.10093,49.90336],[-97.10223,49.90029],[-97.10191,49.90023],[-97.10203,49.89996],[-97.0981,49.89926],[-97.09823,49.89896],[-97.07916,49.89561],[-97.07978,49.89428],[-97.07902,49.89415],[-97.07187,49.89289],[-97.07215,49.8918],[-97.07538,49.89211],[-97.0756,49.89114],[-97.07482,49.89108],[-97.07382,49.891],[-97.07382,49.89017],[-97.07223,49.89016],[-97.07226,49.88922],[-97.07099,49.88922],[-97.06969,49.88922],[-97.06946,49.89057],[-97.07095,49.89072],[-97.06665,49.89187],[-97.06633,49.89181],[-97.06644,49.89204],[-97.06993,49.89266],[-97.07035,49.89255],[-97.07135,49.89272],[-97.07067,49.89422],[-97.06989,49.89408],[-97.06982,49.89426],[-97.06571,49.89352],[-97.06579,49.89334],[-97.06419,49.89306],[-97.06355,49.89309],[-97.0629,49.89312],[-97.06271,49.89317],[-97.06193,49.895],[-97.05884,49.89445],[-97.05849,49.89444],[-97.05845,49.89432],[-97.0584,49.8942],[-97.0601,49.89373],[-97.05904,49.89354],[-97.05952,49.89292],[-97.05944,49.89288],[-97.05974,49.8922],[-97.05556,49.89144],[-97.05533,49.89199],[-97.05524,49.89197],[-97.05508,49.89234],[-97.05403,49.89216],[-97.0539,49.89243],[-97.05388,49.89268],[-97.05377,49.89269],[-97.05385,49.89308],[-97.05403,49.89307],[-97.05417,49.89306],[-97.05431,49.89306],[-97.0545,49.89307],[-97.0547,49.8931],[-97.05493,49.89313],[-97.05475,49.89352],[-97.05466,49.89351],[-97.05446,49.89398],[-97.05508,49.89409],[-97.05508,49.89408],[-97.05572,49.8942],[-97.05587,49.89449],[-97.05481,49.89477],[-97.05085,49.89406],[-97.05034,49.89359],[-97.05039,49.89358],[-97.05064,49.89298],[-97.05095,49.89304],[-97.05112,49.89266],[-97.05073,49.89259],[-97.05103,49.89193],[-97.05043,49.89182],[-97.04985,49.89172],[-97.04968,49.89215],[-97.0491,49.89204],[-97.049,49.89228],[-97.04907,49.8923],[-97.0489,49.89268],[-97.04915,49.89272],[-97.0492,49.8928],[-97.04808,49.89312],[-97.04802,49.89324],[-97.04723,49.89309],[-97.04752,49.89242],[-97.04705,49.89234],[-97.04721,49.89196],[-97.04667,49.89187],[-97.0461,49.89176],[-97.04594,49.89215],[-97.04465,49.89191],[-97.04431,49.89272],[-97.04373,49.89261],[-97.04367,49.89276],[-97.04367,49.89279],[-97.04367,49.89282],[-97.04369,49.89284],[-97.04371,49.89286],[-97.04375,49.89287],[-97.0436,49.89321],[-97.04291,49.89308],[-97.0435,49.89171],[-97.04443,49.89187],[-97.0446,49.89149],[-97.04424,49.89143],[-97.04366,49.89133],[-97.04449,49.88942],[-97.04173,49.8889],[-97.04147,49.88951],[-97.04057,49.88934],[-97.04042,49.88968],[-97.04049,49.88973],[-97.04061,49.88975],[-97.04047,49.89008],[-97.04029,49.89005],[-97.04013,49.89045],[-97.03953,49.89035],[-97.03953,49.89035],[-97.03897,49.89025],[-97.03881,49.89064],[-97.03883,49.89064],[-97.03866,49.89101],[-97.03764,49.89082],[-97.03747,49.8912],[-97.03728,49.89116],[-97.03724,49.89116],[-97.03724,49.89172],[-97.03669,49.89172],[-97.03669,49.89176],[-97.03595,49.89176],[-97.03593,49.89362],[-97.03438,49.89362],[-97.03424,49.89362],[-97.03424,49.89337],[-97.03425,49.89319],[-97.03428,49.89307],[-97.03367,49.89301],[-97.03405,49.89197],[-97.0322,49.89136],[-97.0322,49.89192],[-97.03136,49.89192],[-97.03136,49.89137],[-97.03115,49.89137],[-97.03111,49.89138],[-97.03108,49.89138],[-97.03104,49.8914],[-97.03099,49.89142],[-97.03094,49.89145],[-97.03083,49.89149],[-97.0307,49.89154],[-97.03057,49.89157],[-97.03046,49.89159],[-97.03038,49.89161],[-97.03038,49.89121],[-97.03042,49.89119],[-97.03042,49.89081],[-97.03037,49.89082],[-97.03031,49.89083],[-97.03025,49.89084],[-97.03023,49.89084],[-97.0302,49.89084],[-97.03015,49.89085],[-97.03008,49.89086],[-97.03003,49.89086],[-97.02998,49.89086],[-97.02991,49.89086],[-97.02981,49.89086],[-97.02974,49.89086],[-97.02964,49.89086],[-97.02957,49.89086],[-97.02915,49.89086],[-97.02914,49.89052],[-97.02919,49.89052],[-97.02919,49.89016],[-97.02884,49.89016],[-97.02884,49.88981],[-97.02849,49.88981],[-97.02848,49.88939],[-97.02835,49.88938],[-97.02597,49.88938],[-97.02599,49.88981],[-97.02553,49.88981],[-97.02522,49.88979],[-97.02547,49.88757],[-97.02031,49.88757],[-97.0143,49.88757],[-97.0035,49.88757],[-97.00128,49.88757],[-96.98623,49.88756],[-96.96819,49.88754],[-96.96828,49.89334],[-96.97326,49.89338],[-96.97327,49.89445],[-96.97268,49.89443],[-96.97268,49.89446],[-96.97267,49.89449],[-96.97199,49.89445],[-96.97199,49.89476],[-96.97195,49.89483],[-96.97193,49.89488],[-96.97189,49.89493],[-96.97185,49.89498],[-96.97172,49.89495],[-96.97154,49.8949],[-96.97128,49.89483],[-96.97111,49.89478],[-96.97095,49.89474],[-96.9708,49.89471],[-96.97068,49.89468],[-96.97055,49.89466],[-96.97056,49.89475],[-96.97057,49.89487],[-96.96996,49.89491],[-96.97,49.8951],[-96.97008,49.89512],[-96.96998,49.89556],[-96.97007,49.89557],[-96.97014,49.89558],[-96.97023,49.89559],[-96.97033,49.89561],[-96.97043,49.89564],[-96.97053,49.89566],[-96.97108,49.89581],[-96.97085,49.89616],[-96.97086,49.89617],[-96.97063,49.89652],[-96.97195,49.89687],[-96.97194,49.89699],[-96.97194,49.89708],[-96.97195,49.8972],[-96.97197,49.89731],[-96.97198,49.89739],[-96.97204,49.89757],[-96.9721,49.89779],[-96.97212,49.89782],[-96.9725,49.89775],[-96.97265,49.89809],[-96.973,49.89803],[-96.97315,49.89839],[-96.97494,49.89807],[-96.97489,49.89796],[-96.97488,49.89754],[-96.97537,49.89754],[-96.97614,49.89753],[-96.97647,49.89753],[-96.97759,49.89753],[-96.97758,49.8964],[-96.97808,49.89641],[-96.97808,49.89635],[-96.9782,49.89637],[-96.97882,49.89638],[-96.97885,49.89652],[-96.97908,49.8969],[-96.97931,49.89715],[-96.97951,49.89742],[-96.97965,49.89764],[-96.97974,49.89792],[-96.97974,49.89815],[-96.97975,49.89847],[-96.97976,49.89893],[-96.97977,49.89982],[-96.97979,49.9008],[-96.9783,49.90079],[-96.9783,49.90056],[-96.97775,49.90055],[-96.97775,49.90079],[-96.97774,49.90123],[-96.97894,49.90124],[-96.97893,49.90164],[-96.97904,49.90164],[-96.97873,49.90212],[-96.98001,49.90213],[-96.98001,49.90206],[-96.98067,49.90206],[-96.98067,49.90165],[-96.98072,49.90165],[-96.98073,49.90126],[-96.98437,49.90128],[-96.98446,49.90176],[-96.98514,49.90177],[-96.98514,49.90169],[-96.98552,49.90169],[-96.98553,49.90129],[-96.98831,49.90131],[-96.98897,49.90132],[-96.98895,49.90235],[-96.98957,49.90234],[-96.98957,49.90174],[-96.99015,49.90176],[-96.99015,49.90172],[-96.99003,49.90164],[-96.98997,49.90164],[-96.98975,49.90134],[-96.9927,49.9013],[-96.99272,49.90169],[-96.99258,49.90169],[-96.99259,49.90206],[-96.9932,49.90205],[-96.99321,49.9022],[-96.99433,49.90219],[-96.99431,49.90166],[-96.9945,49.90166],[-96.99451,49.90127],[-96.99684,49.90123],[-96.99683,49.90162],[-96.99712,49.90161],[-96.99714,49.90202],[-96.99803,49.902],[-96.998,49.90315],[-96.99948,49.90313],[-96.9995,49.90274],[-97.00065,49.90272],[-97.00068,49.90156],[-97.00072,49.90156],[-97.00073,49.90117],[-97.00152,49.90116],[-97.00152,49.90155],[-97.00151,49.90194],[-97.00195,49.90193],[-97.00195,49.90232],[-97.00261,49.90231],[-97.00328,49.90231],[-97.0033,49.90192],[-97.00367,49.90192],[-97.00368,49.90154],[-97.00369,49.90154],[-97.0037,49.90115],[-97.00501,49.90115],[-97.00502,49.90073],[-97.00493,49.90072],[-97.00493,49.90029],[-97.00555,49.90029],[-97.00555,49.90035],[-97.00618,49.90035],[-97.00617,49.89986],[-97.00617,49.89947],[-97.00735,49.89948],[-97.00735,49.89958],[-97.00797,49.89958],[-97.00858,49.89958],[-97.00858,49.90026],[-97.00932,49.90027],[-97.00933,49.90075],[-97.00987,49.90075],[-97.00987,49.90118],[-97.01116,49.90119],[-97.01115,49.90158],[-97.01209,49.90159],[-97.01207,49.90236],[-97.01246,49.90236],[-97.01247,49.90197],[-97.01321,49.90198],[-97.01322,49.90159],[-97.01332,49.90159],[-97.01333,49.9012],[-97.01524,49.90122],[-97.01524,49.90161],[-97.01523,49.90199],[-97.01588,49.90199],[-97.01587,49.90238],[-97.01621,49.90239],[-97.01621,49.90229],[-97.01683,49.9023],[-97.01685,49.90125],[-97.01867,49.90126],[-97.01867,49.9008],[-97.01881,49.9008],[-97.01882,49.90034],[-97.01911,49.90034],[-97.01911,49.89996],[-97.01914,49.89996],[-97.01928,49.89994],[-97.0194,49.90034],[-97.02032,49.90035],[-97.02034,49.89955],[-97.02092,49.89956],[-97.02093,49.89946],[-97.02155,49.89946],[-97.02154,49.89996],[-97.02152,49.89996],[-97.02151,49.90035],[-97.0232,49.90036],[-97.0232,49.90083],[-97.02328,49.90083],[-97.02327,49.90127],[-97.02386,49.90128],[-97.02383,49.90323],[-97.02542,49.90276],[-97.02542,49.90272],[-97.03063,49.9012],[-97.03259,49.90063],[-97.03275,49.90067],[-97.03306,49.90075],[-97.03303,49.90031],[-97.0331,49.89525],[-97.03441,49.89526],[-97.0344,49.89593],[-97.0355,49.89593],[-97.03551,49.89527],[-97.03787,49.89529],[-97.03785,49.89614],[-97.03773,49.89614],[-97.03773,49.89654],[-97.03785,49.89654],[-97.03784,49.89731],[-97.03954,49.89732],[-97.03955,49.89651],[-97.04008,49.89652],[-97.04007,49.8972],[-97.04083,49.89721],[-97.04146,49.8964],[-97.04387,49.89641],[-97.04386,49.8969],[-97.04446,49.89704],[-97.04483,49.89762],[-97.0483,49.89671],[-97.04992,49.89726],[-97.04902,49.89839],[-97.05005,49.89873],[-97.04914,49.89988],[-97.04801,49.89951],[-97.04766,49.89995],[-97.04826,49.90015],[-97.04838,49.9],[-97.04893,49.90018],[-97.04745,49.90204],[-97.04907,49.90256],[-97.04971,49.90173],[-97.05247,49.90264],[-97.05352,49.90133],[-97.05324,49.90124],[-97.05402,49.90026],[-97.05444,49.90039],[-97.05475,49.9],[-97.05573,49.90033],[-97.05541,49.90073],[-97.05751,49.90143],[-97.06062,49.90247],[-97.06218,49.90299],[-97.06202,49.9032],[-97.0633,49.90363],[-97.06334,49.90363],[-97.0636,49.9035],[-97.0643,49.90339],[-97.06491,49.9033],[-97.06497,49.90331],[-97.06545,49.90346],[-97.06506,49.90393],[-97.06782,49.90485],[-97.06752,49.90526],[-97.06806,49.90544],[-97.06841,49.90495],[-97.06922,49.90522],[-97.07075,49.90332],[-97.07375,49.90431],[-97.07405,49.90394],[-97.07368,49.90382],[-97.07406,49.90298],[-97.07469,49.9031],[-97.07473,49.90302],[-97.07538,49.90314],[-97.0753,49.90333],[-97.07595,49.90345],[-97.07603,49.90326],[-97.07667,49.90337],[-97.07658,49.90357],[-97.07722,49.90368],[-97.07716,49.9038],[-97.07778,49.90391],[-97.07743,49.90474],[-97.07805,49.90485],[-97.07807,49.90479],[-97.07897,49.90508],[-97.07833,49.90588],[-97.07885,49.90604],[-97.08045,49.90657],[-97.0824,49.90625],[-97.08259,49.9058],[-97.08264,49.90572],[-97.08279,49.90574],[-97.08428,49.90601],[-97.08531,49.90584],[-97.0856,49.90577],[-97.08577,49.90539],[-97.08659,49.90554],[-97.08678,49.9056],[-97.08786,49.90545],[-97.08797,49.9054],[-97.08813,49.90504],[-97.08898,49.90519],[-97.08905,49.90518],[-97.08921,49.90483],[-97.08946,49.90488],[-97.08964,49.90449],[-97.09198,49.90492],[-97.09099,49.90508],[-97.09125,49.90514],[-97.09106,49.90517],[-97.09092,49.90519],[-97.08934,49.90544],[-97.08914,49.90549],[-97.08903,49.90559],[-97.0911,49.90596],[-97.09077,49.90673],[-97.08951,49.90651],[-97.08923,49.90686],[-97.08909,49.9068],[-97.08815,49.90648],[-97.08789,49.90681],[-97.08685,49.90646],[-97.08638,49.90706],[-97.08708,49.9073],[-97.08662,49.90788],[-97.08725,49.90809],[-97.08702,49.90838],[-97.08718,49.90843],[-97.08695,49.90872],[-97.08775,49.909],[-97.0875,49.90932],[-97.08745,49.90931],[-97.0872,49.90962],[-97.08905,49.91023],[-97.08847,49.91061],[-97.08795,49.91043],[-97.08793,49.91046],[-97.08791,49.91047],[-97.08733,49.91028],[-97.08725,49.91036],[-97.0872,49.91041],[-97.08666,49.91076],[-97.08553,49.91039],[-97.08529,49.9107],[-97.0853,49.9107],[-97.08503,49.91103],[-97.08379,49.91061],[-97.08329,49.91125],[-97.08221,49.91089],[-97.08209,49.91085],[-97.08107,49.91213],[-97.0797,49.91168],[-97.07993,49.91138],[-97.07938,49.9112],[-97.07914,49.9115],[-97.07912,49.91149],[-97.07885,49.91182],[-97.07964,49.91208],[-97.07937,49.91241],[-97.07947,49.91244],[-97.07921,49.91276],[-97.07945,49.91284],[-97.0792,49.91316],[-97.07935,49.91321],[-97.07909,49.91354],[-97.07789,49.91313],[-97.07763,49.91346],[-97.07947,49.91407],[-97.07871,49.91505],[-97.07681,49.91443],[-97.07654,49.91477],[-97.07658,49.91478],[-97.07633,49.9151],[-97.07712,49.91537],[-97.07687,49.91569],[-97.07669,49.91563],[-97.07641,49.91597],[-97.07764,49.91638],[-97.07615,49.91827],[-97.07715,49.91861],[-97.07643,49.91951],[-97.07625,49.91972],[-97.07589,49.92042],[-97.07566,49.92069],[-97.07346,49.91996],[-97.06975,49.91872],[-97.06845,49.92034],[-97.06841,49.92033],[-97.06814,49.92066],[-97.06908,49.92097],[-97.06888,49.92125],[-97.06879,49.92137],[-97.06874,49.92146],[-97.06871,49.92155],[-97.0687,49.92163],[-97.06871,49.92175],[-97.06874,49.92191],[-97.06881,49.92223],[-97.06887,49.92244],[-97.06928,49.9224],[-97.0693,49.92246],[-97.06933,49.92255],[-97.06936,49.92262],[-97.06941,49.92273],[-97.06947,49.92283],[-97.06954,49.92295],[-97.06967,49.92311],[-97.06981,49.92328],[-97.07,49.9235],[-97.06886,49.92389],[-97.06904,49.92411],[-97.06924,49.92404],[-97.0693,49.92412],[-97.0695,49.92436],[-97.06951,49.92437],[-97.06951,49.92438],[-97.06908,49.92453],[-97.0688,49.92418],[-97.06846,49.9243],[-97.06829,49.92408],[-97.06772,49.92427],[-97.0672,49.92364],[-97.06668,49.92344],[-97.06644,49.92377],[-97.06639,49.92374],[-97.06595,49.924],[-97.06618,49.9242],[-97.06636,49.92414],[-97.06664,49.92448],[-97.06583,49.92476],[-97.06538,49.92491],[-97.06517,49.92499],[-97.06505,49.92504],[-97.0649,49.92512],[-97.06476,49.9252],[-97.06461,49.92528],[-97.0645,49.92535],[-97.06437,49.92543],[-97.0641,49.92564],[-97.06364,49.92541],[-97.06361,49.92543],[-97.0631,49.92527],[-97.06289,49.92546],[-97.06324,49.92558],[-97.06297,49.92591],[-97.06135,49.92537],[-97.06085,49.92601],[-97.06082,49.926],[-97.06054,49.92635],[-97.061,49.9265],[-97.06097,49.92653],[-97.06108,49.92657],[-97.06077,49.92697],[-97.06133,49.92716],[-97.06144,49.92703],[-97.06427,49.92798],[-97.06131,49.92895],[-97.0602,49.92858]],[[-97.07271,49.9233],[-97.07286,49.92338],[-97.07298,49.92344],[-97.0731,49.92349],[-97.07329,49.92359],[-97.07349,49.92366],[-97.0737,49.92373],[-97.07396,49.92384],[-97.07413,49.92391],[-97.07431,49.92399],[-97.07427,49.92404],[-97.07471,49.92419],[-97.0746,49.92444],[-97.0717,49.92544],[-97.07109,49.92469],[-97.07112,49.92467],[-97.07112,49.92467],[-97.07127,49.92462],[-97.07156,49.92453],[-97.0719,49.92441],[-97.07164,49.92409],[-97.07136,49.92376],[-97.07271,49.9233]],[[-97.0683,49.95115],[-97.06931,49.9516],[-97.06926,49.95164],[-97.06952,49.95176],[-97.0691,49.95216],[-97.06906,49.95221],[-97.0686,49.95201],[-97.06859,49.95203],[-97.06812,49.95182],[-97.06833,49.95161],[-97.06826,49.95158],[-97.06793,49.95189],[-97.06772,49.9518],[-97.06805,49.95149],[-97.06797,49.95145],[-97.0683,49.95115]]],[[[-97.09887,49.79845],[-97.0969,49.79911],[-97.08968,49.80156],[-97.08925,49.80171],[-97.08744,49.80231],[-97.08385,49.80353],[-97.08426,49.80404],[-97.084,49.80413],[-97.08396,49.8042],[-97.08325,49.80424],[-97.08334,49.80436],[-97.08348,49.80453],[-97.08357,49.80464],[-97.08366,49.80475],[-97.08375,49.80486],[-97.08383,49.80497],[-97.08389,49.80507],[-97.08394,49.80518],[-97.08398,49.80529],[-97.08401,49.80539],[-97.08403,49.80545],[-97.08247,49.80598],[-97.08264,49.80646],[-97.08309,49.8063],[-97.08338,49.80711],[-97.08395,49.80692],[-97.08394,49.80688],[-97.08449,49.80668],[-97.08466,49.80717],[-97.08473,49.80714],[-97.085,49.80731],[-97.08545,49.80758],[-97.08547,49.80756],[-97.08552,49.80753],[-97.08558,49.80751],[-97.08566,49.80748],[-97.08572,49.80745],[-97.08582,49.80738],[-97.08586,49.80736],[-97.08597,49.80725],[-97.08604,49.80721],[-97.08613,49.80717],[-97.08621,49.80715],[-97.08629,49.80715],[-97.08677,49.80716],[-97.08701,49.80717],[-97.08734,49.80718],[-97.0874,49.80717],[-97.08745,49.80717],[-97.08752,49.80717],[-97.08763,49.80715],[-97.08778,49.80711],[-97.08788,49.80708],[-97.08796,49.80707],[-97.08804,49.80706],[-97.0881,49.80707],[-97.08816,49.80708],[-97.08822,49.8071],[-97.08835,49.80715],[-97.08846,49.80718],[-97.08855,49.8072],[-97.08864,49.80721],[-97.08877,49.80722],[-97.08885,49.80722],[-97.08896,49.80721],[-97.08903,49.8072],[-97.08912,49.80719],[-97.0892,49.80717],[-97.08927,49.80715],[-97.08958,49.80705],[-97.08998,49.80691],[-97.09023,49.80682],[-97.09054,49.80672],[-97.09084,49.80661],[-97.09118,49.8065],[-97.09144,49.80714],[-97.09155,49.80737],[-97.08958,49.80805],[-97.09009,49.80867],[-97.08996,49.80893],[-97.09049,49.80958],[-97.08955,49.80992],[-97.08906,49.81009],[-97.0885,49.81029],[-97.08818,49.81038],[-97.08784,49.81045],[-97.08747,49.81048],[-97.08716,49.81048],[-97.08688,49.81046],[-97.08669,49.81043],[-97.08609,49.81032],[-97.08612,49.80978],[-97.08497,49.80838],[-97.08483,49.8084],[-97.08469,49.80842],[-97.08457,49.80844],[-97.08446,49.80846],[-97.0843,49.80849],[-97.08413,49.80853],[-97.08398,49.80857],[-97.08378,49.80862],[-97.08356,49.80869],[-97.08276,49.80897],[-97.08304,49.80931],[-97.08308,49.8093],[-97.08335,49.80963],[-97.08299,49.80975],[-97.08272,49.80942],[-97.08286,49.80937],[-97.08258,49.80903],[-97.0822,49.80916],[-97.08133,49.80808],[-97.08133,49.80808],[-97.07996,49.80759],[-97.08,49.80754],[-97.08022,49.80737],[-97.08038,49.80728],[-97.07985,49.80691],[-97.07977,49.80696],[-97.07953,49.80712],[-97.07933,49.8073],[-97.07926,49.80738],[-97.07919,49.80746],[-97.07914,49.80753],[-97.07908,49.80761],[-97.07903,49.80769],[-97.07899,49.80777],[-97.07895,49.80784],[-97.07891,49.80793],[-97.07889,49.80798],[-97.07887,49.80804],[-97.0783,49.80797],[-97.07835,49.80782],[-97.07809,49.80775],[-97.0779,49.8081],[-97.07761,49.80804],[-97.07692,49.80833],[-97.07686,49.80828],[-97.07675,49.80825],[-97.07655,49.80861],[-97.07588,49.80846],[-97.07556,49.80878],[-97.07483,49.80857],[-97.07421,49.80878],[-97.07409,49.80923],[-97.07392,49.80917],[-97.07363,49.80916],[-97.07356,49.8092],[-97.07339,49.80929],[-97.07383,49.80964],[-97.07401,49.80975],[-97.07436,49.81003],[-97.07324,49.81048],[-97.0731,49.81054],[-97.07298,49.81042],[-97.07256,49.80998],[-97.07115,49.80849],[-97.07071,49.80785],[-97.06767,49.80892],[-97.06608,49.80941],[-97.06622,49.80955],[-97.0664,49.80974],[-97.06649,49.80981],[-97.06671,49.80996],[-97.06675,49.80998],[-97.06844,49.8094],[-97.0685,49.80958],[-97.06837,49.80988],[-97.06859,49.80997],[-97.06897,49.8106],[-97.07015,49.81018],[-97.07065,49.8108],[-97.07118,49.81145],[-97.06963,49.81199],[-97.06973,49.8121],[-97.07015,49.81261],[-97.06917,49.81295],[-97.06876,49.81307],[-97.06878,49.81313],[-97.06881,49.81323],[-97.06882,49.81333],[-97.06878,49.81341],[-97.0687,49.81348],[-97.06856,49.81352],[-97.06839,49.81355],[-97.06826,49.81358],[-97.06816,49.81364],[-97.06814,49.81375],[-97.0683,49.81386],[-97.0685,49.81394],[-97.06879,49.81397],[-97.06908,49.81403],[-97.06934,49.81404],[-97.06949,49.81401],[-97.06967,49.81391],[-97.06995,49.81381],[-97.07028,49.81369],[-97.07074,49.81349],[-97.07118,49.81338],[-97.07167,49.8132],[-97.07203,49.81309],[-97.07224,49.81308],[-97.07251,49.81306],[-97.0726,49.81321],[-97.07267,49.81339],[-97.07273,49.81354],[-97.07275,49.81366],[-97.0727,49.8139],[-97.07256,49.81418],[-97.07239,49.81435],[-97.07219,49.81443],[-97.07192,49.81442],[-97.07163,49.81436],[-97.0715,49.81425],[-97.07137,49.81422],[-97.07118,49.81424],[-97.0712,49.81434],[-97.07119,49.81454],[-97.07127,49.81483],[-97.07146,49.81502],[-97.07153,49.81518],[-97.07151,49.81545],[-97.07295,49.81496],[-97.07309,49.81492],[-97.0732,49.81508],[-97.07294,49.81557],[-97.07253,49.81571],[-97.07255,49.81584],[-97.07268,49.81593],[-97.0731,49.81584],[-97.0737,49.81576],[-97.07428,49.81585],[-97.07458,49.81579],[-97.07492,49.81588],[-97.07437,49.81606],[-97.07471,49.81618],[-97.0749,49.81626],[-97.07507,49.81637],[-97.07522,49.81647],[-97.07535,49.81657],[-97.07536,49.81666],[-97.07531,49.81674],[-97.07523,49.81681],[-97.07509,49.8169],[-97.075,49.817],[-97.07494,49.81715],[-97.07493,49.81726],[-97.07493,49.81738],[-97.07495,49.81748],[-97.07499,49.81759],[-97.07512,49.81765],[-97.07531,49.81765],[-97.07546,49.8176],[-97.07559,49.81752],[-97.07569,49.81744],[-97.07576,49.81735],[-97.0758,49.81726],[-97.0758,49.81718],[-97.07584,49.81706],[-97.07584,49.81696],[-97.0759,49.81684],[-97.07598,49.81671],[-97.07603,49.81662],[-97.07609,49.81656],[-97.0762,49.81647],[-97.07635,49.81643],[-97.0765,49.81643],[-97.0766,49.81648],[-97.07666,49.81654],[-97.07673,49.81666],[-97.07671,49.81685],[-97.07674,49.81708],[-97.07668,49.81725],[-97.07659,49.81739],[-97.07649,49.81749],[-97.07643,49.81762],[-97.07641,49.81779],[-97.07644,49.81793],[-97.07647,49.81804],[-97.07653,49.81816],[-97.07661,49.81823],[-97.07675,49.81825],[-97.07692,49.81837],[-97.07697,49.81853],[-97.07693,49.81872],[-97.07791,49.81835],[-97.07836,49.81887],[-97.07831,49.81897],[-97.07844,49.81914],[-97.0786,49.81917],[-97.07865,49.81923],[-97.07854,49.81927],[-97.07866,49.81957],[-97.07874,49.81974],[-97.07914,49.81988],[-97.07961,49.81995],[-97.07973,49.82002],[-97.07986,49.82017],[-97.07915,49.82037],[-97.07882,49.82082],[-97.07945,49.82061],[-97.07997,49.82125],[-97.0785,49.82175],[-97.07869,49.82182],[-97.07894,49.82193],[-97.07936,49.82191],[-97.07966,49.8219],[-97.07994,49.82189],[-97.08028,49.82184],[-97.08056,49.82177],[-97.08082,49.82173],[-97.08112,49.82168],[-97.08134,49.82169],[-97.0815,49.82177],[-97.08156,49.82188],[-97.08146,49.82191],[-97.08136,49.82194],[-97.08128,49.82196],[-97.08112,49.822],[-97.08092,49.82205],[-97.08076,49.82208],[-97.08064,49.8221],[-97.0805,49.82213],[-97.0803,49.82216],[-97.0802,49.82218],[-97.08008,49.82219],[-97.07995,49.82221],[-97.0798,49.82223],[-97.07971,49.82224],[-97.07963,49.82224],[-97.07949,49.82226],[-97.0794,49.82226],[-97.07928,49.82227],[-97.07914,49.82228],[-97.07903,49.82228],[-97.07886,49.82229],[-97.0783,49.8223],[-97.07781,49.82232],[-97.0775,49.82233],[-97.07739,49.82233],[-97.07732,49.82233],[-97.07723,49.82234],[-97.07714,49.82234],[-97.07709,49.82235],[-97.07704,49.82235],[-97.07697,49.82236],[-97.07695,49.82236],[-97.07691,49.82237],[-97.07689,49.82237],[-97.07685,49.82237],[-97.07681,49.82236],[-97.07677,49.82236],[-97.07675,49.82236],[-97.07673,49.82235],[-97.0767,49.82235],[-97.07666,49.82234],[-97.07662,49.82232],[-97.0766,49.82232],[-97.07658,49.82231],[-97.07656,49.8223],[-97.07653,49.82228],[-97.07696,49.82214],[-97.07675,49.82189],[-97.07673,49.82184],[-97.0767,49.82174],[-97.07669,49.82025],[-97.07639,49.81966],[-97.07635,49.81957],[-97.0747,49.81957],[-97.0747,49.82001],[-97.0748,49.82001],[-97.0748,49.82042],[-97.07424,49.82042],[-97.07409,49.82064],[-97.07322,49.82047],[-97.07319,49.82046],[-97.07292,49.82081],[-97.07288,49.8208],[-97.07277,49.82074],[-97.07215,49.82126],[-97.07224,49.82128],[-97.07238,49.82132],[-97.07246,49.82135],[-97.07261,49.82139],[-97.0727,49.82142],[-97.07284,49.82144],[-97.07302,49.82148],[-97.07305,49.82148],[-97.0732,49.82151],[-97.0733,49.82153],[-97.07337,49.82155],[-97.07362,49.82163],[-97.07377,49.82165],[-97.07386,49.82167],[-97.07399,49.82171],[-97.07412,49.82175],[-97.07423,49.82178],[-97.07437,49.82181],[-97.07449,49.82183],[-97.07461,49.82185],[-97.07465,49.82186],[-97.07476,49.8219],[-97.07484,49.82193],[-97.07506,49.82197],[-97.07517,49.82199],[-97.07528,49.82203],[-97.07533,49.82204],[-97.07545,49.82208],[-97.07548,49.82209],[-97.07551,49.8221],[-97.07553,49.82211],[-97.07555,49.82212],[-97.07557,49.82214],[-97.07559,49.82215],[-97.07562,49.82218],[-97.07564,49.8222],[-97.07565,49.82222],[-97.07566,49.82224],[-97.07567,49.82225],[-97.07568,49.82227],[-97.07568,49.82228],[-97.07569,49.8223],[-97.07569,49.82231],[-97.07569,49.82233],[-97.07569,49.82235],[-97.07568,49.82236],[-97.07568,49.82238],[-97.07567,49.82239],[-97.07566,49.82241],[-97.07566,49.82243],[-97.07564,49.82245],[-97.07562,49.82247],[-97.07561,49.82248],[-97.07558,49.8225],[-97.07556,49.82252],[-97.07553,49.82254],[-97.07546,49.82256],[-97.07543,49.82257],[-97.0754,49.82258],[-97.07537,49.82259],[-97.07531,49.82259],[-97.07528,49.82259],[-97.07526,49.82259],[-97.07523,49.82259],[-97.0752,49.82259],[-97.07516,49.82258],[-97.07514,49.82258],[-97.07511,49.82257],[-97.07486,49.82251],[-97.07453,49.82245],[-97.07431,49.82237],[-97.07392,49.8223],[-97.07355,49.82218],[-97.07331,49.82214],[-97.073,49.82205],[-97.07273,49.822],[-97.07202,49.82322],[-97.0726,49.82336],[-97.0726,49.82337],[-97.07318,49.82351],[-97.07284,49.82409],[-97.07343,49.82437],[-97.07306,49.8247],[-97.07301,49.82468],[-97.07265,49.825],[-97.07293,49.82514],[-97.0729,49.82515],[-97.07314,49.82543],[-97.07364,49.82498],[-97.07435,49.82531],[-97.07451,49.82528],[-97.07525,49.82569],[-97.07542,49.82557],[-97.07554,49.82549],[-97.07566,49.82538],[-97.07571,49.82533],[-97.07582,49.82526],[-97.0759,49.82521],[-97.07595,49.82517],[-97.076,49.82511],[-97.0761,49.82502],[-97.07615,49.82499],[-97.07619,49.82496],[-97.07628,49.82491],[-97.0763,49.82489],[-97.07634,49.82485],[-97.07639,49.82481],[-97.07644,49.82476],[-97.07647,49.82474],[-97.07652,49.82469],[-97.07655,49.82467],[-97.07659,49.82465],[-97.07663,49.82462],[-97.07667,49.82459],[-97.0767,49.82457],[-97.07676,49.82452],[-97.07684,49.82444],[-97.07689,49.8244],[-97.07697,49.82435],[-97.07705,49.8243],[-97.07711,49.82424],[-97.0772,49.82415],[-97.07723,49.82413],[-97.07728,49.82409],[-97.07736,49.82404],[-97.07744,49.82399],[-97.0775,49.82393],[-97.07758,49.82385],[-97.07767,49.82379],[-97.07771,49.82376],[-97.07774,49.82373],[-97.07778,49.82366],[-97.07781,49.82362],[-97.07786,49.82358],[-97.07792,49.82355],[-97.07798,49.82352],[-97.07804,49.82351],[-97.07808,49.8235],[-97.07729,49.82254],[-97.07748,49.82254],[-97.07778,49.82253],[-97.07809,49.82252],[-97.07864,49.82252],[-97.07895,49.82252],[-97.07923,49.82252],[-97.07941,49.82252],[-97.07954,49.82252],[-97.07968,49.82251],[-97.07976,49.82251],[-97.07992,49.8225],[-97.08003,49.82249],[-97.08019,49.82247],[-97.08031,49.82246],[-97.08037,49.82245],[-97.08046,49.82243],[-97.08056,49.82242],[-97.08069,49.8224],[-97.08084,49.82237],[-97.08099,49.82234],[-97.08121,49.82229],[-97.08157,49.82227],[-97.08155,49.82231],[-97.08155,49.82254],[-97.08124,49.82285],[-97.0811,49.82296],[-97.08097,49.82316],[-97.08104,49.82334],[-97.08128,49.82334],[-97.08159,49.82337],[-97.08185,49.82333],[-97.08196,49.82332],[-97.08227,49.82332],[-97.0825,49.82341],[-97.08267,49.82357],[-97.08249,49.82363],[-97.08258,49.8239],[-97.08254,49.82407],[-97.08245,49.82419],[-97.08239,49.8243],[-97.08248,49.82429],[-97.08266,49.82423],[-97.08233,49.82468],[-97.08236,49.82473],[-97.08237,49.82497],[-97.0825,49.82513],[-97.08218,49.82524],[-97.08272,49.82629],[-97.0824,49.8264],[-97.08342,49.82682],[-97.08369,49.82739],[-97.08241,49.82784],[-97.08241,49.82796],[-97.08241,49.82798],[-97.08238,49.82801],[-97.08238,49.82802],[-97.08244,49.82806],[-97.08253,49.82818],[-97.08256,49.82825],[-97.08271,49.82825],[-97.08284,49.82822],[-97.08313,49.8282],[-97.08324,49.8282],[-97.08332,49.82825],[-97.08372,49.82811],[-97.08429,49.8288],[-97.08375,49.82898],[-97.08364,49.82904],[-97.08348,49.82911],[-97.08342,49.82915],[-97.08324,49.82924],[-97.08318,49.82933],[-97.08321,49.82942],[-97.08328,49.82948],[-97.08343,49.8295],[-97.08362,49.82952],[-97.08377,49.82947],[-97.08392,49.82941],[-97.08397,49.82934],[-97.08403,49.82927],[-97.0841,49.82919],[-97.08419,49.82911],[-97.08425,49.82903],[-97.08444,49.82902],[-97.08465,49.82913],[-97.08473,49.8292],[-97.0848,49.82918],[-97.08549,49.82894],[-97.08558,49.82921],[-97.08557,49.82931],[-97.08559,49.82939],[-97.08565,49.82969],[-97.08518,49.82986],[-97.08524,49.82992],[-97.0854,49.83005],[-97.08554,49.83019],[-97.08579,49.83031],[-97.086,49.83041],[-97.08605,49.8305],[-97.08598,49.83064],[-97.08593,49.83067],[-97.086,49.83074],[-97.08636,49.83061],[-97.08645,49.83073],[-97.08518,49.83157],[-97.08528,49.83198],[-97.08588,49.83239],[-97.08539,49.83299],[-97.08664,49.83281],[-97.08685,49.83284],[-97.08789,49.83248],[-97.08841,49.83311],[-97.08792,49.83328],[-97.08789,49.83334],[-97.08779,49.83344],[-97.08765,49.83354],[-97.08754,49.83362],[-97.08736,49.83371],[-97.08715,49.83376],[-97.087,49.8338],[-97.08682,49.83382],[-97.08662,49.83386],[-97.0863,49.83396],[-97.08603,49.83405],[-97.08573,49.83418],[-97.08527,49.83408],[-97.08567,49.83318],[-97.0853,49.83328],[-97.08502,49.83335],[-97.08488,49.83335],[-97.08464,49.83332],[-97.08447,49.8333],[-97.08427,49.83329],[-97.08414,49.83326],[-97.08406,49.83323],[-97.08393,49.83306],[-97.08388,49.83301],[-97.08372,49.83298],[-97.08371,49.83299],[-97.08344,49.83276],[-97.08374,49.83262],[-97.0835,49.83257],[-97.08316,49.83251],[-97.08218,49.83232],[-97.08172,49.83259],[-97.08148,49.83312],[-97.08076,49.83298],[-97.08065,49.83321],[-97.0808,49.83323],[-97.08087,49.83378],[-97.08123,49.83373],[-97.08149,49.83378],[-97.08137,49.83395],[-97.08122,49.83417],[-97.08128,49.83427],[-97.08144,49.83422],[-97.08178,49.83458],[-97.08284,49.83432],[-97.08328,49.83506],[-97.0827,49.8352],[-97.08172,49.83545],[-97.0815,49.83509],[-97.08139,49.83511],[-97.08116,49.83473],[-97.08025,49.83496],[-97.08002,49.83459],[-97.07968,49.83467],[-97.07949,49.83472],[-97.07936,49.83476],[-97.07925,49.83479],[-97.07959,49.83515],[-97.07882,49.83545],[-97.07847,49.83509],[-97.07853,49.83506],[-97.07797,49.83417],[-97.07629,49.83425],[-97.0763,49.83438],[-97.0764,49.8347],[-97.07582,49.83482],[-97.07602,49.8352],[-97.07587,49.83523],[-97.07609,49.83565],[-97.07576,49.83576],[-97.07576,49.83592],[-97.07594,49.83605],[-97.0755,49.8363],[-97.07569,49.83645],[-97.07587,49.83635],[-97.07629,49.83665],[-97.07577,49.83694],[-97.07635,49.83807],[-97.076,49.83815],[-97.0756,49.83788],[-97.0753,49.83785],[-97.07527,49.83778],[-97.07484,49.83694],[-97.07448,49.837],[-97.07416,49.83639],[-97.0732,49.83456],[-97.07211,49.83499],[-97.07182,49.83469],[-97.07176,49.83472],[-97.07147,49.83441],[-97.07059,49.83475],[-97.07031,49.83445],[-97.07028,49.83447],[-97.06999,49.83415],[-97.06961,49.8343],[-97.06941,49.83412],[-97.06852,49.83471],[-97.06775,49.83523],[-97.06721,49.8356],[-97.06705,49.83572],[-97.06702,49.83579],[-97.06699,49.83585],[-97.06699,49.83593],[-97.06701,49.83602],[-97.06712,49.83613],[-97.06724,49.8362],[-97.06738,49.83624],[-97.06752,49.83627],[-97.06783,49.83632],[-97.06805,49.83636],[-97.0682,49.8364],[-97.06831,49.83647],[-97.06837,49.83653],[-97.06842,49.83657],[-97.06908,49.83725],[-97.06993,49.83754],[-97.06972,49.83767],[-97.0695,49.83778],[-97.06936,49.83784],[-97.06911,49.83794],[-97.06885,49.83801],[-97.06864,49.83744],[-97.0685,49.83729],[-97.0683,49.83709],[-97.0682,49.83701],[-97.06809,49.83694],[-97.06801,49.8369],[-97.06792,49.83686],[-97.06774,49.83678],[-97.06756,49.83674],[-97.06738,49.83671],[-97.06719,49.83671],[-97.06696,49.83675],[-97.06682,49.83679],[-97.06669,49.83685],[-97.06658,49.83692],[-97.06645,49.83704],[-97.0657,49.83769],[-97.06454,49.83813],[-97.06427,49.83822],[-97.06405,49.83828],[-97.06403,49.83895],[-97.06408,49.83897],[-97.06419,49.83904],[-97.06379,49.83929],[-97.06374,49.83927],[-97.06365,49.83923],[-97.06359,49.83922],[-97.06349,49.83922],[-97.06341,49.83922],[-97.06333,49.83924],[-97.06324,49.83928],[-97.06317,49.83932],[-97.06251,49.83974],[-97.06288,49.83998],[-97.06288,49.84057],[-97.06681,49.84054],[-97.06681,49.83934],[-97.06721,49.83956],[-97.06753,49.83967],[-97.06765,49.83968],[-97.06764,49.84055],[-97.0722,49.84053],[-97.07221,49.84099],[-97.07221,49.84108],[-97.07229,49.8413],[-97.07237,49.8415],[-97.07248,49.84164],[-97.07258,49.84177],[-97.07281,49.84195],[-97.07293,49.84204],[-97.0731,49.84215],[-97.06667,49.84216],[-97.06604,49.84271],[-97.06598,49.84267],[-97.06594,49.84266],[-97.06565,49.84298],[-97.06549,49.84293],[-97.06457,49.84293],[-97.06457,49.84352],[-97.06466,49.84362],[-97.0648,49.84372],[-97.06483,49.84374],[-97.06498,49.84384],[-97.06511,49.84393],[-97.06527,49.84409],[-97.06482,49.84436],[-97.06482,49.84436],[-97.06437,49.84463],[-97.06477,49.84482],[-97.0649,49.84471],[-97.06542,49.845],[-97.066,49.84498],[-97.06615,49.84506],[-97.06593,49.84533],[-97.06586,49.84547],[-97.06626,49.84553],[-97.06626,49.84554],[-97.06714,49.84561],[-97.06737,49.84525],[-97.06749,49.84526],[-97.06775,49.84578],[-97.06787,49.84599],[-97.06819,49.84661],[-97.06826,49.84676],[-97.06828,49.84683],[-97.06827,49.8469],[-97.0682,49.84698],[-97.0681,49.84708],[-97.06804,49.84718],[-97.06801,49.84726],[-97.06799,49.84738],[-97.06801,49.84751],[-97.06807,49.84763],[-97.0681,49.84767],[-97.06819,49.84777],[-97.06825,49.84781],[-97.06835,49.84791],[-97.06837,49.84795],[-97.06837,49.84801],[-97.06835,49.84806],[-97.0683,49.84812],[-97.06826,49.84826],[-97.06825,49.84832],[-97.0683,49.84896],[-97.06829,49.84901],[-97.06823,49.8491],[-97.06808,49.84923],[-97.06775,49.84953],[-97.06746,49.84986],[-97.06733,49.84982],[-97.06692,49.8504],[-97.06717,49.85046],[-97.06743,49.85054],[-97.06768,49.85062],[-97.06793,49.85071],[-97.06825,49.85083],[-97.06912,49.85116],[-97.06984,49.85143],[-97.07025,49.85158],[-97.07066,49.85154],[-97.0707,49.85184],[-97.06883,49.85184],[-97.06861,49.85184],[-97.06854,49.85184],[-97.06853,49.85243],[-97.06867,49.85243],[-97.06867,49.85281],[-97.06919,49.8528],[-97.06919,49.85302],[-97.06979,49.85302],[-97.06979,49.85293],[-97.07038,49.85293],[-97.07038,49.85322],[-97.07093,49.85322],[-97.07093,49.85306],[-97.07148,49.85306],[-97.07148,49.85358],[-97.07093,49.85358],[-97.07093,49.85357],[-97.07038,49.85357],[-97.07037,49.85403],[-97.06979,49.85402],[-97.06856,49.8539],[-97.06779,49.85382],[-97.06779,49.8559],[-97.06854,49.8559],[-97.06854,49.85672],[-97.06871,49.85672],[-97.06871,49.85697],[-97.06926,49.85696],[-97.06926,49.85754],[-97.06982,49.85754],[-97.06982,49.85751],[-97.07036,49.85751],[-97.07036,49.85801],[-97.07062,49.85801],[-97.07062,49.85837],[-97.07147,49.85837],[-97.07147,49.85931],[-97.07037,49.85931],[-97.07037,49.85956],[-97.06983,49.85956],[-97.06983,49.85956],[-97.06927,49.85956],[-97.06926,49.86032],[-97.06872,49.86032],[-97.06872,49.86031],[-97.06817,49.86031],[-97.06817,49.86076],[-97.06762,49.86076],[-97.06762,49.86104],[-97.06762,49.86132],[-97.06816,49.86132],[-97.06816,49.86198],[-97.06816,49.86248],[-97.06813,49.86255],[-97.06797,49.86293],[-97.06785,49.86321],[-97.06583,49.86321],[-97.06582,49.86286],[-97.0658,49.86286],[-97.06584,49.86261],[-97.06528,49.86261],[-97.06528,49.86249],[-97.06472,49.86249],[-97.06472,49.86321],[-97.06326,49.86321],[-97.06214,49.86382],[-97.06233,49.86394],[-97.06419,49.86536],[-97.07036,49.87019],[-97.07142,49.87102],[-97.07162,49.87156],[-97.07166,49.87221],[-97.07163,49.87358],[-97.07191,49.87661],[-97.07009,49.87614],[-97.06957,49.87802],[-97.06797,49.88404],[-97.06798,49.88593],[-97.06313,49.8859],[-97.06311,49.88367],[-97.06178,49.88367],[-97.06177,49.88588],[-97.06123,49.88588],[-97.06122,49.88733],[-97.06365,49.88732],[-97.06365,49.88744],[-97.07782,49.88747],[-97.07783,49.88861],[-97.07908,49.88856],[-97.07909,49.88871],[-97.08521,49.88711],[-97.08337,49.88635],[-97.08338,49.88594],[-97.08265,49.88594],[-97.07982,49.88486],[-97.08147,49.88352],[-97.08286,49.8824],[-97.08222,49.88191],[-97.08051,49.88191],[-97.0805,49.88121],[-97.077,49.88122],[-97.07702,49.87856],[-97.07711,49.87859],[-97.07734,49.8779],[-97.07739,49.87587],[-97.07728,49.87583],[-97.07691,49.87592],[-97.07707,49.87571],[-97.07725,49.87553],[-97.07736,49.87544],[-97.07756,49.87531],[-97.0777,49.87523],[-97.07782,49.87517],[-97.07796,49.87511],[-97.07813,49.87505],[-97.07834,49.87498],[-97.07852,49.87494],[-97.07872,49.8749],[-97.07889,49.87487],[-97.07898,49.87486],[-97.07895,49.87475],[-97.08156,49.87475],[-97.0839,49.87475],[-97.0839,49.87428],[-97.08379,49.87428],[-97.08379,49.87407],[-97.08309,49.87407],[-97.08309,49.87352],[-97.08363,49.87339],[-97.08393,49.87339],[-97.08393,49.8718],[-97.08365,49.8718],[-97.08366,49.87172],[-97.08304,49.87172],[-97.08303,49.87099],[-97.08327,49.87099],[-97.08327,49.87053],[-97.08266,49.87053],[-97.08266,49.87016],[-97.08253,49.87016],[-97.08253,49.8698],[-97.08378,49.8698],[-97.08372,49.86943],[-97.08392,49.86942],[-97.08378,49.86864],[-97.08431,49.8686],[-97.08432,49.86869],[-97.08485,49.86865],[-97.0848,49.86837],[-97.08543,49.86844],[-97.08544,49.86843],[-97.0855,49.86841],[-97.08573,49.86837],[-97.08556,49.86804],[-97.08596,49.86796],[-97.0858,49.86763],[-97.08589,49.86761],[-97.08572,49.86729],[-97.08694,49.86703],[-97.08676,49.8666],[-97.08718,49.86651],[-97.08697,49.8661],[-97.08761,49.86596],[-97.08744,49.86563],[-97.08762,49.86559],[-97.08746,49.86527],[-97.0888,49.86498],[-97.0854,49.85831],[-97.08552,49.85812],[-97.08555,49.85806],[-97.08556,49.85803],[-97.08558,49.85799],[-97.0856,49.85794],[-97.08566,49.85795],[-97.08579,49.85771],[-97.08601,49.85761],[-97.08609,49.85743],[-97.08613,49.85745],[-97.08641,49.85754],[-97.0866,49.8576],[-97.08669,49.85748],[-97.08691,49.85729],[-97.08711,49.85717],[-97.0888,49.85717],[-97.08916,49.85682],[-97.08874,49.85667],[-97.08825,49.85649],[-97.08853,49.85603],[-97.08894,49.85594],[-97.08923,49.85588],[-97.08902,49.85548],[-97.08844,49.85561],[-97.08844,49.85562],[-97.08796,49.85563],[-97.08785,49.85564],[-97.08778,49.85551],[-97.08718,49.85553],[-97.08703,49.85525],[-97.08665,49.85533],[-97.08608,49.85498],[-97.08551,49.85496],[-97.08487,49.85501],[-97.08459,49.85508],[-97.08441,49.85473],[-97.08423,49.85438],[-97.08462,49.85429],[-97.08466,49.85429],[-97.08537,49.85423],[-97.0853,49.85386],[-97.08516,49.85387],[-97.08509,49.85351],[-97.08611,49.85342],[-97.08593,49.85304],[-97.08616,49.85299],[-97.086,49.85264],[-97.0857,49.85271],[-97.08547,49.85273],[-97.08537,49.85236],[-97.08538,49.85236],[-97.0854,49.85236],[-97.08557,49.85233],[-97.08545,49.85199],[-97.08593,49.85188],[-97.08521,49.85049],[-97.08463,49.85056],[-97.08436,49.85058],[-97.08426,49.85021],[-97.08419,49.85022],[-97.08409,49.84986],[-97.08437,49.84984],[-97.08595,49.8495],[-97.0858,49.84919],[-97.08498,49.84923],[-97.08491,49.84887],[-97.0856,49.84881],[-97.08551,49.84863],[-97.0855,49.84861],[-97.08543,49.84824],[-97.08538,49.84799],[-97.08596,49.84794],[-97.08596,49.84792],[-97.08655,49.84787],[-97.08646,49.8474],[-97.08643,49.84735],[-97.08763,49.84735],[-97.08751,49.84684],[-97.08737,49.84644],[-97.08722,49.84625],[-97.0872,49.84624],[-97.08702,49.8461],[-97.08684,49.846],[-97.08665,49.84589],[-97.08641,49.84575],[-97.08643,49.84565],[-97.08642,49.84547],[-97.08635,49.8453],[-97.08653,49.84529],[-97.08667,49.84517],[-97.08677,49.84508],[-97.08696,49.84497],[-97.08707,49.84489],[-97.08729,49.84485],[-97.08738,49.84474],[-97.08735,49.8446],[-97.08726,49.84446],[-97.08723,49.84434],[-97.08719,49.84415],[-97.08712,49.84403],[-97.08699,49.844],[-97.08687,49.84399],[-97.08663,49.84396],[-97.08631,49.84393],[-97.08606,49.84393],[-97.08584,49.84402],[-97.08576,49.84409],[-97.08558,49.84394],[-97.08564,49.84376],[-97.0856,49.84372],[-97.08552,49.84372],[-97.08531,49.84364],[-97.08518,49.84351],[-97.08463,49.84361],[-97.0845,49.84352],[-97.08423,49.84345],[-97.08392,49.84346],[-97.08396,49.84338],[-97.08475,49.84324],[-97.08466,49.8431],[-97.08458,49.84293],[-97.08464,49.84271],[-97.08473,49.84261],[-97.08475,49.84249],[-97.08471,49.84237],[-97.08463,49.84222],[-97.08461,49.84214],[-97.08579,49.84214],[-97.08584,49.84214],[-97.08586,49.84208],[-97.08591,49.84203],[-97.08598,49.84201],[-97.0861,49.84204],[-97.08614,49.8421],[-97.08615,49.84216],[-97.08619,49.84226],[-97.08623,49.84233],[-97.0863,49.8424],[-97.08639,49.84245],[-97.08646,49.84246],[-97.08658,49.84241],[-97.0867,49.84236],[-97.08674,49.84229],[-97.0868,49.84218],[-97.08681,49.84214],[-97.08689,49.84214],[-97.08865,49.84214],[-97.08938,49.84214],[-97.08731,49.84285],[-97.08755,49.84289],[-97.08786,49.84285],[-97.0883,49.84288],[-97.08855,49.84296],[-97.08814,49.84312],[-97.08828,49.84323],[-97.0884,49.84331],[-97.08847,49.84344],[-97.08851,49.84359],[-97.08847,49.84372],[-97.08834,49.84385],[-97.08819,49.84396],[-97.08807,49.84412],[-97.08798,49.84426],[-97.08793,49.84443],[-97.08786,49.8446],[-97.08784,49.84472],[-97.08787,49.84479],[-97.08794,49.84488],[-97.08806,49.84496],[-97.08821,49.84499],[-97.08839,49.84495],[-97.08858,49.84486],[-97.0888,49.84476],[-97.08898,49.84462],[-97.08905,49.84451],[-97.08918,49.8444],[-97.0894,49.84433],[-97.08967,49.84428],[-97.08991,49.84435],[-97.09005,49.84444],[-97.09014,49.84452],[-97.0902,49.84458],[-97.09021,49.84478],[-97.09021,49.84485],[-97.09124,49.84448],[-97.09173,49.84507],[-97.09155,49.84513],[-97.09206,49.84576],[-97.09183,49.84584],[-97.09231,49.84643],[-97.09273,49.84628],[-97.0937,49.84672],[-97.09362,49.84675],[-97.09388,49.84704],[-97.09416,49.84695],[-97.0944,49.84724],[-97.09432,49.84728],[-97.09455,49.84757],[-97.09438,49.84763],[-97.09413,49.84733],[-97.09377,49.84746],[-97.09384,49.84753],[-97.09385,49.84763],[-97.09384,49.84771],[-97.09381,49.84776],[-97.09369,49.84786],[-97.09349,49.84793],[-97.09331,49.848],[-97.09316,49.84805],[-97.09295,49.84807],[-97.09275,49.84812],[-97.09269,49.84821],[-97.09274,49.84834],[-97.09294,49.84843],[-97.0932,49.84849],[-97.09333,49.84851],[-97.09347,49.84851],[-97.09367,49.8485],[-97.09385,49.84848],[-97.09401,49.84852],[-97.09418,49.84859],[-97.09432,49.84867],[-97.0945,49.84874],[-97.09467,49.84882],[-97.09483,49.84885],[-97.09497,49.84889],[-97.0951,49.84889],[-97.09525,49.84887],[-97.09538,49.84881],[-97.09548,49.84879],[-97.09557,49.84882],[-97.09568,49.84888],[-97.09574,49.84897],[-97.09571,49.84915],[-97.09571,49.84929],[-97.09572,49.8494],[-97.09573,49.84951],[-97.09573,49.84964],[-97.09574,49.84969],[-97.09568,49.84997],[-97.09568,49.85003],[-97.09569,49.85009],[-97.09571,49.85016],[-97.09576,49.85022],[-97.09579,49.85031],[-97.09584,49.85038],[-97.09587,49.85046],[-97.09591,49.85057],[-97.09593,49.85064],[-97.09596,49.85077],[-97.09597,49.85088],[-97.09599,49.85102],[-97.09606,49.85112],[-97.09613,49.85122],[-97.09624,49.85129],[-97.09632,49.85138],[-97.09647,49.85147],[-97.09655,49.85154],[-97.09665,49.85163],[-97.09672,49.85171],[-97.09678,49.85179],[-97.09684,49.85189],[-97.09692,49.85198],[-97.09701,49.85201],[-97.09714,49.85202],[-97.09727,49.85197],[-97.09736,49.85189],[-97.09752,49.85176],[-97.09757,49.85167],[-97.09766,49.85153],[-97.09772,49.85142],[-97.0978,49.85135],[-97.0979,49.85131],[-97.09802,49.85125],[-97.09813,49.85121],[-97.09828,49.85118],[-97.09842,49.85114],[-97.09853,49.85112],[-97.09863,49.85111],[-97.09875,49.8511],[-97.09883,49.85112],[-97.09891,49.85115],[-97.09896,49.85119],[-97.09898,49.85124],[-97.09898,49.8513],[-97.099,49.85136],[-97.099,49.85144],[-97.09902,49.8515],[-97.09904,49.8516],[-97.09905,49.85169],[-97.09907,49.85176],[-97.09905,49.85193],[-97.09903,49.85203],[-97.09899,49.85211],[-97.09889,49.85218],[-97.09869,49.85228],[-97.09858,49.85233],[-97.0988,49.85261],[-97.09805,49.85281],[-97.09642,49.85337],[-97.09668,49.8537],[-97.09677,49.8537],[-97.09686,49.85366],[-97.09704,49.85359],[-97.09722,49.85351],[-97.09735,49.85347],[-97.09748,49.85346],[-97.09758,49.85349],[-97.09766,49.85353],[-97.09771,49.85361],[-97.09777,49.8537],[-97.0978,49.85375],[-97.09773,49.85379],[-97.09776,49.85386],[-97.09778,49.85394],[-97.09777,49.85402],[-97.09777,49.85407],[-97.09774,49.85412],[-97.09774,49.8542],[-97.09773,49.85428],[-97.09773,49.85438],[-97.09771,49.85452],[-97.09764,49.85471],[-97.09764,49.85487],[-97.0976,49.85495],[-97.09754,49.85504],[-97.09743,49.85515],[-97.09722,49.8553],[-97.09709,49.85535],[-97.09693,49.85541],[-97.09677,49.85543],[-97.09653,49.85549],[-97.09637,49.85554],[-97.09621,49.85563],[-97.09609,49.85572],[-97.09601,49.85582],[-97.09598,49.85594],[-97.09603,49.85605],[-97.09619,49.85624],[-97.09619,49.85624],[-97.09613,49.85626],[-97.09582,49.85624],[-97.09261,49.85625],[-97.09261,49.85716],[-97.09307,49.85716],[-97.09392,49.85716],[-97.09437,49.85716],[-97.09459,49.85716],[-97.09464,49.85716],[-97.09473,49.85716],[-97.09482,49.85716],[-97.09489,49.85716],[-97.09497,49.85715],[-97.09501,49.85715],[-97.09512,49.85714],[-97.09525,49.85713],[-97.09533,49.85712],[-97.0954,49.85711],[-97.09549,49.8571],[-97.0956,49.85708],[-97.09564,49.85707],[-97.09569,49.85706],[-97.09578,49.85705],[-97.09589,49.85702],[-97.09599,49.857],[-97.09606,49.85699],[-97.09614,49.85696],[-97.0962,49.85695],[-97.09626,49.85693],[-97.09635,49.8569],[-97.09642,49.85688],[-97.09658,49.85683],[-97.09666,49.85681],[-97.09754,49.85785],[-97.09678,49.85794],[-97.09728,49.85862],[-97.09716,49.85881],[-97.09672,49.85906],[-97.09633,49.85916],[-97.09594,49.85923],[-97.09557,49.8594],[-97.09528,49.85953],[-97.09516,49.85968],[-97.09523,49.85983],[-97.09552,49.8599],[-97.09573,49.85995],[-97.09607,49.86007],[-97.09636,49.86013],[-97.09654,49.86017],[-97.09678,49.86017],[-97.09699,49.86018],[-97.09715,49.86021],[-97.09726,49.86031],[-97.09734,49.86046],[-97.0974,49.86068],[-97.09732,49.8609],[-97.09716,49.86104],[-97.09682,49.86113],[-97.09658,49.86119],[-97.09645,49.86137],[-97.09636,49.86163],[-97.09615,49.86183],[-97.09593,49.8619],[-97.09567,49.86191],[-97.09546,49.86198],[-97.0953,49.86222],[-97.0953,49.86235],[-97.09533,49.86246],[-97.09538,49.86256],[-97.09543,49.86265],[-97.09553,49.86271],[-97.09572,49.86274],[-97.09589,49.86275],[-97.09603,49.86277],[-97.09621,49.86274],[-97.09646,49.86273],[-97.09672,49.86273],[-97.09694,49.86273],[-97.09715,49.86274],[-97.0974,49.86276],[-97.09756,49.86279],[-97.0977,49.86284],[-97.09777,49.8629],[-97.09783,49.86298],[-97.09783,49.86307],[-97.09856,49.86283],[-97.09858,49.86315],[-97.09921,49.86294],[-97.09922,49.8631],[-97.09965,49.86296],[-97.09991,49.86329],[-97.09985,49.86331],[-97.10011,49.86363],[-97.09936,49.86389],[-97.09963,49.86422],[-97.09938,49.8643],[-97.09963,49.86463],[-97.09941,49.86469],[-97.09967,49.86503],[-97.09939,49.86512],[-97.09965,49.86545],[-97.10078,49.86508],[-97.10105,49.86541],[-97.10094,49.86544],[-97.10121,49.86577],[-97.10187,49.86555],[-97.10213,49.86588],[-97.10195,49.86594],[-97.1022,49.86627],[-97.10116,49.86662],[-97.10144,49.86699],[-97.10096,49.86715],[-97.10071,49.86723],[-97.10077,49.86731],[-97.10035,49.86746],[-97.10038,49.86749],[-97.10045,49.86747],[-97.10059,49.86747],[-97.10072,49.86747],[-97.10079,49.86748],[-97.10198,49.86709],[-97.10198,49.86709],[-97.10252,49.86691],[-97.1026,49.86705],[-97.10278,49.86699],[-97.10305,49.86733],[-97.10299,49.86735],[-97.10326,49.86769],[-97.10299,49.86778],[-97.10307,49.86792],[-97.10252,49.86809],[-97.10256,49.86817],[-97.10142,49.86855],[-97.10144,49.86861],[-97.10145,49.86873],[-97.10149,49.86883],[-97.10153,49.869],[-97.10151,49.86915],[-97.10153,49.86931],[-97.10154,49.86944],[-97.10154,49.86957],[-97.10154,49.86964],[-97.10155,49.86974],[-97.1016,49.8698],[-97.10169,49.86984],[-97.10192,49.86986],[-97.10215,49.86986],[-97.10239,49.86987],[-97.10263,49.86986],[-97.10282,49.86986],[-97.10296,49.86987],[-97.10303,49.8699],[-97.10309,49.86996],[-97.10312,49.87006],[-97.10309,49.87016],[-97.10303,49.87025],[-97.103,49.87037],[-97.10295,49.87047],[-97.10294,49.87056],[-97.10292,49.87066],[-97.10287,49.87078],[-97.10282,49.87088],[-97.10274,49.87101],[-97.10273,49.87112],[-97.10273,49.87117],[-97.10273,49.87128],[-97.1028,49.87143],[-97.10283,49.87154],[-97.10281,49.87165],[-97.10277,49.8717],[-97.10268,49.87175],[-97.10255,49.87178],[-97.10244,49.87181],[-97.10228,49.87184],[-97.10192,49.87192],[-97.10168,49.87192],[-97.10153,49.87185],[-97.10137,49.87174],[-97.10128,49.8716],[-97.10123,49.87145],[-97.10113,49.87132],[-97.10103,49.87127],[-97.10081,49.87127],[-97.10066,49.87138],[-97.10064,49.87152],[-97.10069,49.87174],[-97.10075,49.87199],[-97.10085,49.87227],[-97.1009,49.87258],[-97.10106,49.87274],[-97.10177,49.87281],[-97.10307,49.87238],[-97.10331,49.87268],[-97.10431,49.87235],[-97.10458,49.87269],[-97.10421,49.87281],[-97.10426,49.87289],[-97.10445,49.87292],[-97.10452,49.87298],[-97.10455,49.87307],[-97.10453,49.8732],[-97.10445,49.87329],[-97.10439,49.8734],[-97.10433,49.87355],[-97.10425,49.87367],[-97.10414,49.87379],[-97.10398,49.87385],[-97.10375,49.8739],[-97.10351,49.87395],[-97.10332,49.87399],[-97.10307,49.87401],[-97.10274,49.87402],[-97.10257,49.87403],[-97.10246,49.87407],[-97.10242,49.87412],[-97.10242,49.87421],[-97.10255,49.87429],[-97.10267,49.87435],[-97.10278,49.87442],[-97.10289,49.87449],[-97.10301,49.87456],[-97.10317,49.87462],[-97.10334,49.87469],[-97.10353,49.87476],[-97.10365,49.87483],[-97.10406,49.87504],[-97.10432,49.87518],[-97.10452,49.87525],[-97.10472,49.87515],[-97.10479,49.87501],[-97.1049,49.87485],[-97.10506,49.87481],[-97.10522,49.8749],[-97.10524,49.87502],[-97.10521,49.87519],[-97.10512,49.87535],[-97.10502,49.87545],[-97.10494,49.87556],[-97.10488,49.87562],[-97.10476,49.8757],[-97.10467,49.87576],[-97.10455,49.87581],[-97.10442,49.87585],[-97.10429,49.87586],[-97.10406,49.87587],[-97.10391,49.87586],[-97.10372,49.87583],[-97.10397,49.87637],[-97.10182,49.87647],[-97.10185,49.87677],[-97.10411,49.87667],[-97.10423,49.87693],[-97.10103,49.87707],[-97.10116,49.87717],[-97.1013,49.87727],[-97.1014,49.87737],[-97.10151,49.87742],[-97.10223,49.87738],[-97.10228,49.87784],[-97.10249,49.87783],[-97.10256,49.87839],[-97.10266,49.87832],[-97.10274,49.87827],[-97.10285,49.87823],[-97.10299,49.87819],[-97.10312,49.87816],[-97.10338,49.8781],[-97.10401,49.87807],[-97.10431,49.87801],[-97.10462,49.87801],[-97.10475,49.8781],[-97.10482,49.87817],[-97.10557,49.87813],[-97.10564,49.87858],[-97.1056,49.87858],[-97.10565,49.87897],[-97.10468,49.87901],[-97.10452,49.879],[-97.1044,49.87904],[-97.10435,49.8791],[-97.10433,49.87913],[-97.10357,49.87913],[-97.10204,49.87913],[-97.10204,49.87953],[-97.10213,49.87953],[-97.10213,49.87991],[-97.10371,49.87991],[-97.10371,49.87952],[-97.10394,49.87952],[-97.10425,49.87948],[-97.10433,49.87957],[-97.10452,49.87961],[-97.10475,49.87963],[-97.10495,49.87969],[-97.10524,49.87974],[-97.10539,49.87975],[-97.10617,49.87972],[-97.10621,49.8801],[-97.10593,49.88012],[-97.10599,49.88065],[-97.10565,49.88066],[-97.10559,49.88026],[-97.10531,49.88039],[-97.10499,49.88046],[-97.10485,49.8805],[-97.10493,49.88121],[-97.10563,49.88119],[-97.10569,49.88164],[-97.1051,49.88166],[-97.10505,49.88179],[-97.10497,49.88187],[-97.10491,49.88195],[-97.10486,49.88205],[-97.10487,49.88213],[-97.10214,49.88204],[-97.10003,49.88195],[-97.10004,49.88252],[-97.10116,49.88251],[-97.10116,49.88292],[-97.1013,49.88292],[-97.1013,49.88332],[-97.10275,49.88332],[-97.10275,49.88292],[-97.10364,49.88292],[-97.10401,49.88273],[-97.10427,49.8826],[-97.10469,49.88259],[-97.10475,49.88305],[-97.1048,49.88305],[-97.10485,49.88348],[-97.10662,49.88342],[-97.10666,49.88371],[-97.10662,49.88373],[-97.10649,49.88382],[-97.10648,49.88388],[-97.10658,49.88391],[-97.10663,49.88397],[-97.10667,49.88404],[-97.10674,49.88415],[-97.10676,49.88426],[-97.10672,49.88436],[-97.10671,49.88443],[-97.1072,49.88441],[-97.10725,49.88477],[-97.10723,49.88477],[-97.10729,49.88519],[-97.10638,49.88523],[-97.10624,49.88553],[-97.10622,49.88584],[-97.10678,49.88599],[-97.10775,49.88608],[-97.10783,49.88678],[-97.10773,49.88697],[-97.10754,49.88707],[-97.10775,49.88706],[-97.10814,49.88705],[-97.10846,49.88702],[-97.10846,49.88705],[-97.10873,49.88704],[-97.10809,49.88863],[-97.10821,49.88862],[-97.10798,49.88925],[-97.10779,49.88962],[-97.10777,49.88994],[-97.10778,49.89018],[-97.10607,49.89027],[-97.10406,49.89039],[-97.10412,49.89057],[-97.10427,49.89094],[-97.10451,49.89112],[-97.10485,49.89134],[-97.10527,49.89161],[-97.10564,49.89186],[-97.10587,49.89219],[-97.10599,49.89237],[-97.10609,49.89253],[-97.10629,49.89257],[-97.10663,49.89263],[-97.10701,49.89268],[-97.108,49.89241],[-97.10915,49.89213],[-97.10943,49.89216],[-97.10954,49.89225],[-97.1096,49.89236],[-97.10956,49.89251],[-97.10942,49.89264],[-97.10933,49.89286],[-97.10929,49.89338],[-97.10936,49.89378],[-97.10944,49.89387],[-97.10872,49.89402],[-97.10874,49.89407],[-97.10654,49.89453],[-97.10677,49.89497],[-97.10666,49.89499],[-97.10687,49.89542],[-97.10609,49.89559],[-97.10634,49.8961],[-97.10631,49.89611],[-97.10658,49.89663],[-97.10763,49.8964],[-97.10785,49.89682],[-97.10799,49.89679],[-97.10822,49.89723],[-97.10851,49.89716],[-97.10961,49.89686],[-97.10987,49.89729],[-97.11056,49.89711],[-97.1103,49.89669],[-97.11087,49.89654],[-97.11113,49.89696],[-97.11158,49.89685],[-97.11167,49.8968],[-97.11168,49.89672],[-97.11126,49.89603],[-97.11107,49.89572],[-97.11126,49.89573],[-97.11149,49.89571],[-97.11177,49.89571],[-97.11201,49.89569],[-97.11223,49.89565],[-97.11256,49.89563],[-97.11282,49.89562],[-97.11303,49.89562],[-97.11314,49.89566],[-97.11337,49.89575],[-97.1135,49.89581],[-97.11358,49.89595],[-97.11359,49.89604],[-97.1136,49.89612],[-97.11354,49.89622],[-97.11344,49.89637],[-97.11499,49.896],[-97.11519,49.89618],[-97.11541,49.89636],[-97.11566,49.89654],[-97.11599,49.89674],[-97.11626,49.89688],[-97.11647,49.89698],[-97.1168,49.89712],[-97.11711,49.89724],[-97.11744,49.89734],[-97.11765,49.8974],[-97.11784,49.89745],[-97.11822,49.89753],[-97.11833,49.89755],[-97.11868,49.89761],[-97.11912,49.89765],[-97.11945,49.89768],[-97.11981,49.89769],[-97.12007,49.89768],[-97.1203,49.89767],[-97.12058,49.89766],[-97.12089,49.89763],[-97.12121,49.89759],[-97.12144,49.89755],[-97.12189,49.89748],[-97.12233,49.89741],[-97.12301,49.8973],[-97.12391,49.89717],[-97.1253,49.89679],[-97.12552,49.89718],[-97.12579,49.89761],[-97.12731,49.89721],[-97.12757,49.89763],[-97.1276,49.89763],[-97.12786,49.89804],[-97.12825,49.89794],[-97.12851,49.89836],[-97.12916,49.89819],[-97.13045,49.89788],[-97.13053,49.897],[-97.13011,49.89584],[-97.1279,49.89319],[-97.12705,49.89204],[-97.12658,49.89138],[-97.12608,49.89079],[-97.12548,49.89014],[-97.12517,49.88938],[-97.12485,49.88723],[-97.12491,49.88669],[-97.1251,49.88633],[-97.12621,49.88532],[-97.12774,49.88401],[-97.12904,49.88299],[-97.13004,49.88212],[-97.13107,49.88135],[-97.13206,49.88044],[-97.13314,49.87944],[-97.13373,49.87884],[-97.13416,49.87847],[-97.13485,49.87761],[-97.13533,49.87688],[-97.13558,49.87646],[-97.13572,49.87618],[-97.13471,49.87615],[-97.1348,49.87604],[-97.13503,49.87568],[-97.13351,49.87563],[-97.13347,49.87622],[-97.13277,49.8762],[-97.13208,49.87618],[-97.1321,49.87603],[-97.13141,49.87601],[-97.13141,49.87602],[-97.13072,49.876],[-97.13075,49.87552],[-97.13007,49.87548],[-97.13012,49.87471],[-97.12943,49.87468],[-97.12948,49.87391],[-97.12879,49.87389],[-97.1281,49.87387],[-97.12817,49.87296],[-97.12747,49.87294],[-97.12679,49.87292],[-97.12684,49.87216],[-97.12651,49.87219],[-97.12654,49.87172],[-97.12585,49.8718],[-97.12518,49.87187],[-97.12461,49.87194],[-97.12339,49.87207],[-97.12199,49.87214],[-97.12062,49.87211],[-97.11788,49.87202],[-97.11774,49.87205],[-97.1174,49.87164],[-97.11637,49.87198],[-97.11608,49.87162],[-97.11583,49.87171],[-97.11557,49.87138],[-97.11487,49.87162],[-97.11461,49.87129],[-97.11445,49.87134],[-97.11413,49.87108],[-97.11479,49.87086],[-97.11419,49.8706],[-97.11313,49.86994],[-97.11244,49.86927],[-97.112,49.86858],[-97.11175,49.86765],[-97.11173,49.86676],[-97.11209,49.86572],[-97.11258,49.8645],[-97.11313,49.8634],[-97.1135,49.86263],[-97.11427,49.86147],[-97.11565,49.86018],[-97.11689,49.85895],[-97.11839,49.85804],[-97.11966,49.85738],[-97.12014,49.85711],[-97.12099,49.85679],[-97.12269,49.85622],[-97.1248,49.85558],[-97.12777,49.8549],[-97.13098,49.85439],[-97.13431,49.85437],[-97.13435,49.85377],[-97.13441,49.85305],[-97.13314,49.85305],[-97.13194,49.85294],[-97.13117,49.85275],[-97.13001,49.85247],[-97.12917,49.85222],[-97.12831,49.85183],[-97.12753,49.85139],[-97.12712,49.85106],[-97.12656,49.85074],[-97.12615,49.85057],[-97.12578,49.85043],[-97.1254,49.85026],[-97.12514,49.85001],[-97.12433,49.8496],[-97.12283,49.84874],[-97.12226,49.8484],[-97.12165,49.84813],[-97.12093,49.84778],[-97.12045,49.84731],[-97.11998,49.8469],[-97.11978,49.84657],[-97.11945,49.84624],[-97.11923,49.84599],[-97.11889,49.84572],[-97.1187,49.84529],[-97.11851,49.84468],[-97.1185,49.84429],[-97.11864,49.84378],[-97.11879,49.84324],[-97.1191,49.84283],[-97.11956,49.84246],[-97.12012,49.84207],[-97.12098,49.84156],[-97.12162,49.84131],[-97.12256,49.84111],[-97.12338,49.84102],[-97.12398,49.84101],[-97.12416,49.841],[-97.12703,49.84001],[-97.12632,49.83915],[-97.1269,49.83895],[-97.12686,49.8389],[-97.12743,49.83871],[-97.12693,49.83811],[-97.12751,49.83792],[-97.12755,49.83796],[-97.12799,49.83781],[-97.12763,49.83737],[-97.12756,49.8374],[-97.12729,49.83707],[-97.12642,49.83737],[-97.12617,49.83708],[-97.12617,49.83708],[-97.12592,49.83678],[-97.12505,49.83708],[-97.1248,49.83678],[-97.12431,49.83618],[-97.12429,49.83619],[-97.12404,49.83588],[-97.12307,49.83622],[-97.12282,49.83592],[-97.12276,49.83594],[-97.12251,49.83564],[-97.12187,49.83586],[-97.12162,49.83556],[-97.12156,49.83558],[-97.12132,49.83528],[-97.12306,49.83469],[-97.12257,49.83409],[-97.12282,49.834],[-97.12257,49.8337],[-97.12251,49.83372],[-97.12226,49.83342],[-97.12207,49.83348],[-97.12156,49.83287],[-97.12567,49.83145],[-97.12589,49.83138],[-97.12591,49.83141],[-97.12608,49.83143],[-97.12624,49.83144],[-97.12631,49.83144],[-97.12611,49.8313],[-97.12585,49.83098],[-97.12534,49.83036],[-97.12505,49.83046],[-97.12471,49.83005],[-97.12547,49.82978],[-97.12548,49.82979],[-97.12565,49.82973],[-97.12565,49.82972],[-97.12706,49.82924],[-97.12676,49.82886],[-97.12684,49.82884],[-97.12639,49.82828],[-97.13111,49.82666],[-97.13139,49.82698],[-97.13145,49.82696],[-97.13164,49.82718],[-97.13216,49.82701],[-97.13256,49.8275],[-97.1328,49.82741],[-97.13306,49.82773],[-97.13352,49.82757],[-97.13356,49.82749],[-97.13409,49.82732],[-97.13476,49.82813],[-97.13425,49.82831],[-97.13424,49.8283],[-97.13371,49.82848],[-97.13397,49.8288],[-97.13345,49.82898],[-97.13366,49.82923],[-97.13472,49.82886],[-97.13597,49.82836],[-97.13622,49.82821],[-97.1364,49.82805],[-97.13654,49.8279],[-97.13675,49.8276],[-97.13685,49.82744],[-97.14219,49.82559],[-97.14178,49.82508],[-97.14384,49.82436],[-97.1433,49.8237],[-97.1427,49.82305],[-97.14231,49.82229],[-97.14192,49.8217],[-97.14027,49.82214],[-97.14028,49.82205],[-97.14038,49.82136],[-97.14037,49.82126],[-97.14037,49.82117],[-97.14036,49.82109],[-97.14035,49.82101],[-97.14035,49.82099],[-97.14034,49.82095],[-97.14033,49.82092],[-97.14033,49.8209],[-97.1403,49.82084],[-97.14026,49.82079],[-97.14131,49.82042],[-97.14122,49.81991],[-97.14115,49.81923],[-97.13999,49.81962],[-97.14006,49.81927],[-97.14001,49.81895],[-97.13997,49.81852],[-97.13994,49.81799],[-97.1399,49.81675],[-97.13896,49.81677],[-97.13896,49.81673],[-97.1383,49.81673],[-97.13821,49.81648],[-97.1382,49.81648],[-97.13817,49.81648],[-97.13756,49.81662],[-97.13747,49.8165],[-97.13692,49.81669],[-97.1369,49.81667],[-97.13645,49.81683],[-97.13675,49.81719],[-97.13677,49.81718],[-97.13688,49.81759],[-97.13669,49.81766],[-97.1365,49.81772],[-97.1363,49.81779],[-97.13594,49.81792],[-97.13557,49.81805],[-97.13563,49.81808],[-97.13564,49.8181],[-97.13498,49.81833],[-97.13483,49.81822],[-97.13455,49.818],[-97.13432,49.81783],[-97.13395,49.81739],[-97.13358,49.81752],[-97.13342,49.81733],[-97.13345,49.81732],[-97.13327,49.8171],[-97.13292,49.81723],[-97.13213,49.81741],[-97.13144,49.81716],[-97.13134,49.81722],[-97.13114,49.81729],[-97.13143,49.81765],[-97.13176,49.81754],[-97.13204,49.81787],[-97.13144,49.81808],[-97.13177,49.81848],[-97.13155,49.81856],[-97.13184,49.8189],[-97.13108,49.81917],[-97.13136,49.81951],[-97.13134,49.81951],[-97.13161,49.81984],[-97.13265,49.81949],[-97.13267,49.81945],[-97.13301,49.81934],[-97.1343,49.82031],[-97.1328,49.82082],[-97.13275,49.82081],[-97.1318,49.82084],[-97.13183,49.8212],[-97.13181,49.8212],[-97.13172,49.82127],[-97.13175,49.82158],[-97.12929,49.82166],[-97.12932,49.82206],[-97.12925,49.82206],[-97.12928,49.82242],[-97.12946,49.82242],[-97.12952,49.82324],[-97.12995,49.82376],[-97.12948,49.82392],[-97.12936,49.82377],[-97.12904,49.82388],[-97.12933,49.82424],[-97.12997,49.82501],[-97.12611,49.82632],[-97.12597,49.82614],[-97.12579,49.82593],[-97.12598,49.82586],[-97.12569,49.82551],[-97.12576,49.82548],[-97.12537,49.82501],[-97.12467,49.82525],[-97.1244,49.82492],[-97.12391,49.82509],[-97.12395,49.82514],[-97.12345,49.82532],[-97.12279,49.82452],[-97.12269,49.82439],[-97.12246,49.82412],[-97.12295,49.82394],[-97.12306,49.82408],[-97.12343,49.82395],[-97.12314,49.8236],[-97.12278,49.82373],[-97.12258,49.82349],[-97.12208,49.82366],[-97.12201,49.82357],[-97.12164,49.8237],[-97.1214,49.82341],[-97.12142,49.8234],[-97.1212,49.82312],[-97.12104,49.82318],[-97.12086,49.82284],[-97.12111,49.82275],[-97.12061,49.82213],[-97.12001,49.82234],[-97.11911,49.82241],[-97.11877,49.822],[-97.11912,49.82188],[-97.11889,49.8215],[-97.11848,49.82165],[-97.11823,49.82173],[-97.11792,49.82135],[-97.11772,49.82141],[-97.1174,49.82101],[-97.11646,49.82134],[-97.11614,49.82096],[-97.11618,49.82094],[-97.11588,49.82058],[-97.11532,49.82078],[-97.11502,49.82042],[-97.11476,49.8201],[-97.11457,49.82016],[-97.11457,49.82015],[-97.11438,49.82022],[-97.11409,49.81987],[-97.11206,49.8206],[-97.11256,49.82121],[-97.11033,49.82198],[-97.11001,49.8216],[-97.10951,49.82177],[-97.10935,49.82157],[-97.10923,49.82162],[-97.10896,49.82129],[-97.10964,49.82106],[-97.10903,49.82031],[-97.10934,49.82036],[-97.10952,49.81996],[-97.10928,49.81993],[-97.10909,49.81989],[-97.10887,49.81987],[-97.10866,49.81986],[-97.10843,49.81985],[-97.10831,49.81985],[-97.10817,49.81986],[-97.10782,49.81944],[-97.10785,49.81943],[-97.10759,49.81912],[-97.1096,49.81842],[-97.10906,49.81716],[-97.10693,49.8179],[-97.10613,49.81695],[-97.10743,49.81567],[-97.10738,49.81565],[-97.10706,49.81525],[-97.10683,49.81498],[-97.10698,49.81493],[-97.10707,49.81489],[-97.10718,49.81484],[-97.10728,49.81478],[-97.10745,49.8147],[-97.10772,49.81482],[-97.10808,49.81448],[-97.10809,49.81449],[-97.10845,49.81415],[-97.10823,49.81405],[-97.10842,49.81387],[-97.10789,49.81364],[-97.10792,49.81361],[-97.10739,49.81338],[-97.1072,49.81356],[-97.10676,49.81337],[-97.10645,49.81299],[-97.10596,49.81316],[-97.10598,49.81318],[-97.10549,49.81335],[-97.10506,49.81282],[-97.10457,49.81299],[-97.1052,49.81376],[-97.10399,49.81418],[-97.10427,49.81452],[-97.10424,49.81453],[-97.10407,49.81456],[-97.10403,49.81457],[-97.10385,49.81458],[-97.10341,49.81457],[-97.10308,49.81456],[-97.10113,49.81379],[-97.10065,49.81383],[-97.10058,49.81334],[-97.10057,49.8131],[-97.10064,49.81285],[-97.10081,49.81251],[-97.10102,49.81245],[-97.10291,49.81184],[-97.10323,49.81223],[-97.1038,49.81204],[-97.10439,49.81184],[-97.10408,49.81146],[-97.10411,49.81145],[-97.10393,49.81123],[-97.10336,49.81139],[-97.10335,49.81136],[-97.10334,49.8113],[-97.1027,49.81136],[-97.10269,49.81132],[-97.10269,49.81128],[-97.10268,49.81123],[-97.10268,49.81119],[-97.10268,49.81117],[-97.10268,49.8111],[-97.10268,49.81103],[-97.10268,49.81097],[-97.10269,49.81091],[-97.10271,49.81084],[-97.10254,49.8108],[-97.10245,49.81078],[-97.10234,49.81074],[-97.10229,49.81072],[-97.10222,49.81069],[-97.10216,49.81065],[-97.10207,49.81059],[-97.10203,49.81057],[-97.10198,49.81053],[-97.10194,49.81049],[-97.1019,49.81044],[-97.10137,49.80979],[-97.10225,49.80993],[-97.10228,49.80987],[-97.10572,49.8087],[-97.1053,49.80816],[-97.10365,49.80872],[-97.10321,49.8082],[-97.10311,49.80823],[-97.10283,49.80789],[-97.10413,49.80745],[-97.10394,49.80721],[-97.10446,49.80703],[-97.10439,49.80694],[-97.10495,49.80675],[-97.10448,49.80618],[-97.10506,49.80598],[-97.10492,49.8058],[-97.10462,49.80544],[-97.10449,49.80549],[-97.10429,49.80555],[-97.10414,49.80561],[-97.10398,49.80566],[-97.10388,49.80569],[-97.10377,49.80572],[-97.10373,49.80573],[-97.10365,49.80574],[-97.10351,49.80577],[-97.10336,49.80541],[-97.10347,49.80539],[-97.10349,49.80538],[-97.1033,49.80501],[-97.10324,49.80503],[-97.10315,49.80504],[-97.10298,49.80506],[-97.10272,49.80509],[-97.10225,49.80514],[-97.10175,49.80454],[-97.10131,49.80469],[-97.10127,49.80478],[-97.10045,49.80494],[-97.10043,49.80487],[-97.10042,49.80479],[-97.10044,49.80468],[-97.10046,49.8046],[-97.10052,49.8045],[-97.10055,49.80445],[-97.10061,49.80439],[-97.10066,49.80435],[-97.1007,49.80432],[-97.10076,49.80428],[-97.10083,49.80423],[-97.10091,49.8042],[-97.10095,49.80418],[-97.10102,49.80415],[-97.10112,49.80412],[-97.10116,49.80411],[-97.10124,49.8041],[-97.10137,49.80407],[-97.10142,49.80406],[-97.10146,49.80404],[-97.10148,49.80403],[-97.10151,49.80401],[-97.10155,49.80399],[-97.10158,49.80396],[-97.10159,49.80394],[-97.10161,49.80392],[-97.102,49.80402],[-97.10314,49.80363],[-97.10314,49.80364],[-97.10471,49.8031],[-97.10473,49.80309],[-97.10473,49.80309],[-97.1047,49.8031],[-97.10465,49.80311],[-97.10456,49.80312],[-97.10448,49.80313],[-97.10442,49.80313],[-97.10437,49.80312],[-97.10433,49.80311],[-97.1043,49.80311],[-97.10428,49.8031],[-97.10424,49.80309],[-97.10417,49.80306],[-97.1041,49.80302],[-97.10406,49.80299],[-97.10403,49.80296],[-97.10374,49.80261],[-97.10477,49.80226],[-97.10401,49.80133],[-97.10423,49.80118],[-97.10347,49.80025],[-97.1039,49.79999],[-97.10401,49.79993],[-97.10405,49.79998],[-97.10415,49.79994],[-97.10458,49.79979],[-97.10438,49.79955],[-97.10431,49.79946],[-97.10438,49.79941],[-97.10422,49.79921],[-97.10377,49.79948],[-97.10358,49.79959],[-97.10314,49.79985],[-97.10257,49.79917],[-97.10135,49.79958],[-97.10106,49.79923],[-97.1012,49.79918],[-97.10115,49.79911],[-97.10109,49.79905],[-97.10105,49.799],[-97.10096,49.79889],[-97.10041,49.79908],[-97.10043,49.79909],[-97.09965,49.79936],[-97.09887,49.79845]],[[-97.09152,49.82537],[-97.09226,49.8262],[-97.09174,49.82638],[-97.09123,49.82656],[-97.09082,49.82605],[-97.09063,49.82611],[-97.09035,49.82578],[-97.09152,49.82537]],[[-97.09411,49.8261],[-97.09428,49.82631],[-97.09446,49.82625],[-97.09463,49.82646],[-97.09473,49.82658],[-97.09413,49.82679],[-97.09386,49.82646],[-97.09379,49.82648],[-97.09362,49.82627],[-97.09411,49.8261]],[[-97.0938,49.82861],[-97.09409,49.82895],[-97.0941,49.82895],[-97.09438,49.82929],[-97.09457,49.82923],[-97.09485,49.82957],[-97.09513,49.82991],[-97.09376,49.83039],[-97.09263,49.82901],[-97.0938,49.82861]],[[-97.099,49.8295],[-97.09955,49.83016],[-97.09903,49.83033],[-97.09891,49.83037],[-97.09855,49.8305],[-97.09833,49.83023],[-97.09826,49.83016],[-97.09801,49.82984],[-97.099,49.8295]],[[-97.12156,49.88456],[-97.1216,49.88501],[-97.12152,49.88501],[-97.12156,49.88543],[-97.12177,49.88542],[-97.12183,49.88606],[-97.12118,49.88608],[-97.12118,49.88607],[-97.12054,49.8861],[-97.12056,49.88626],[-97.1199,49.88629],[-97.1199,49.8863],[-97.11923,49.88633],[-97.11913,49.88555],[-97.11927,49.88552],[-97.11921,49.8851],[-97.11927,49.8851],[-97.11923,49.88465],[-97.12156,49.88456]]],[[[-97.16481,49.77701],[-97.16434,49.77719],[-97.16425,49.77722],[-97.16424,49.77721],[-97.16414,49.77727],[-97.164,49.77735],[-97.16389,49.77742],[-97.16379,49.77749],[-97.16369,49.77757],[-97.16358,49.77763],[-97.16335,49.77716],[-97.16332,49.77709],[-97.16264,49.77733],[-97.16237,49.777],[-97.16059,49.77763],[-97.15671,49.77898],[-97.15406,49.77991],[-97.15521,49.78111],[-97.15544,49.78237],[-97.15223,49.7835],[-97.15154,49.78267],[-97.15278,49.78224],[-97.15074,49.77981],[-97.1499,49.7801],[-97.1502,49.78046],[-97.15041,49.78039],[-97.15062,49.78044],[-97.15072,49.78056],[-97.15021,49.78074],[-97.15031,49.78086],[-97.14918,49.78126],[-97.1489,49.78092],[-97.14853,49.78105],[-97.14872,49.78128],[-97.14821,49.78145],[-97.14886,49.78223],[-97.14762,49.78267],[-97.1479,49.78301],[-97.14841,49.78284],[-97.1487,49.78318],[-97.14954,49.78289],[-97.1502,49.78369],[-97.14843,49.7843],[-97.14877,49.78471],[-97.1481,49.78495],[-97.14792,49.78505],[-97.14776,49.78517],[-97.14765,49.78529],[-97.14829,49.78545],[-97.14873,49.786],[-97.1493,49.7858],[-97.14941,49.78595],[-97.1502,49.78568],[-97.1505,49.78604],[-97.15054,49.78603],[-97.15083,49.78639],[-97.1506,49.78647],[-97.1509,49.78683],[-97.15106,49.78678],[-97.15133,49.78711],[-97.14926,49.78782],[-97.14955,49.78818],[-97.14952,49.78817],[-97.1493,49.78824],[-97.14985,49.78892],[-97.15009,49.78884],[-97.15014,49.78873],[-97.15013,49.7887],[-97.15065,49.78853],[-97.151,49.78896],[-97.1487,49.78975],[-97.14882,49.78989],[-97.14823,49.79009],[-97.1488,49.7908],[-97.14828,49.79098],[-97.14827,49.79096],[-97.14773,49.79115],[-97.14832,49.79188],[-97.14726,49.79224],[-97.14756,49.79262],[-97.15029,49.79169],[-97.15334,49.79065],[-97.15483,49.79248],[-97.15176,49.79353],[-97.15169,49.79343],[-97.14895,49.79436],[-97.14944,49.79496],[-97.14752,49.79561],[-97.1485,49.79682],[-97.14759,49.79714],[-97.1476,49.79715],[-97.147,49.79735],[-97.14708,49.79745],[-97.14712,49.7975],[-97.14719,49.79756],[-97.14728,49.79764],[-97.14738,49.79772],[-97.14751,49.7978],[-97.14764,49.79787],[-97.14788,49.79797],[-97.14808,49.79803],[-97.1483,49.79809],[-97.14865,49.79814],[-97.1489,49.79816],[-97.14921,49.79814],[-97.14951,49.7981],[-97.1498,49.79804],[-97.15024,49.7979],[-97.15093,49.79767],[-97.15119,49.7976],[-97.15131,49.79777],[-97.15114,49.79785],[-97.15097,49.79791],[-97.1508,49.79798],[-97.15064,49.79805],[-97.15051,49.79812],[-97.15041,49.7982],[-97.15028,49.7983],[-97.15021,49.79838],[-97.15011,49.7985],[-97.15004,49.79862],[-97.15,49.79875],[-97.14999,49.79886],[-97.14999,49.79901],[-97.15003,49.79916],[-97.15002,49.79922],[-97.15003,49.79925],[-97.15251,49.79841],[-97.15501,49.79756],[-97.15612,49.7972],[-97.15613,49.79722],[-97.15728,49.79684],[-97.15713,49.80132],[-97.15704,49.80266],[-97.15455,49.80745],[-97.15385,49.8073],[-97.15083,49.80833],[-97.15028,49.80763],[-97.14785,49.80845],[-97.14733,49.8078],[-97.14188,49.80965],[-97.14197,49.80976],[-97.142,49.80978],[-97.14213,49.80985],[-97.14259,49.81003],[-97.14342,49.81035],[-97.14393,49.81055],[-97.14399,49.81059],[-97.13734,49.81284],[-97.13918,49.81334],[-97.14032,49.8138],[-97.14126,49.81434],[-97.14183,49.81491],[-97.14232,49.81566],[-97.14251,49.81619],[-97.1426,49.81648],[-97.1425,49.81691],[-97.1426,49.81736],[-97.14262,49.81785],[-97.14264,49.81836],[-97.14284,49.81902],[-97.14289,49.81959],[-97.143,49.82011],[-97.14319,49.82069],[-97.14331,49.82096],[-97.14344,49.82115],[-97.14347,49.82114],[-97.14354,49.82128],[-97.14361,49.82143],[-97.14403,49.82208],[-97.14443,49.82288],[-97.14535,49.82368],[-97.1459,49.82421],[-97.14636,49.82471],[-97.14716,49.82533],[-97.14785,49.82606],[-97.14889,49.82756],[-97.14912,49.82798],[-97.14932,49.82847],[-97.14943,49.82921],[-97.14915,49.82987],[-97.14886,49.83075],[-97.14847,49.83129],[-97.14765,49.83178],[-97.14712,49.83221],[-97.1463,49.83247],[-97.14455,49.83266],[-97.14353,49.83271],[-97.14248,49.8326],[-97.14133,49.8324],[-97.14109,49.83236],[-97.14066,49.83324],[-97.14177,49.83347],[-97.14171,49.83358],[-97.14148,49.83514],[-97.1414,49.83537],[-97.14135,49.83544],[-97.14124,49.83557],[-97.14151,49.83561],[-97.14178,49.83565],[-97.14204,49.83566],[-97.14223,49.83564],[-97.14246,49.83561],[-97.14277,49.83552],[-97.1431,49.83541],[-97.14343,49.83529],[-97.14364,49.83554],[-97.14243,49.83594],[-97.14274,49.83633],[-97.14246,49.83643],[-97.14336,49.83753],[-97.14334,49.83765],[-97.1426,49.83767],[-97.14259,49.8378],[-97.14188,49.83776],[-97.14181,49.83833],[-97.14255,49.83808],[-97.14251,49.8384],[-97.14324,49.83844],[-97.14334,49.83782],[-97.14355,49.83774],[-97.14441,49.83882],[-97.145,49.83894],[-97.14521,49.8392],[-97.14503,49.83957],[-97.14482,49.83969],[-97.14309,49.83959],[-97.14305,49.8398],[-97.14232,49.83976],[-97.1423,49.83989],[-97.14159,49.83985],[-97.14157,49.83999],[-97.14228,49.84003],[-97.14226,49.84017],[-97.14299,49.84021],[-97.14282,49.84144],[-97.14209,49.8414],[-97.14206,49.84162],[-97.14185,49.84161],[-97.14154,49.84198],[-97.14224,49.84223],[-97.14225,49.84223],[-97.14284,49.84244],[-97.14314,49.84209],[-97.1438,49.84186],[-97.14485,49.84314],[-97.14426,49.84334],[-97.14427,49.84335],[-97.14368,49.84355],[-97.14418,49.84417],[-97.14358,49.84437],[-97.14378,49.84462],[-97.14359,49.84468],[-97.14392,49.84508],[-97.14444,49.8449],[-97.14475,49.84529],[-97.14382,49.8456],[-97.14352,49.84523],[-97.14276,49.84548],[-97.14307,49.84586],[-97.14316,49.84583],[-97.14347,49.84621],[-97.1426,49.84652],[-97.14198,49.84673],[-97.14228,49.84711],[-97.14222,49.84713],[-97.1425,49.84747],[-97.14178,49.84773],[-97.14191,49.84775],[-97.14286,49.84809],[-97.14344,49.84832],[-97.14241,49.84867],[-97.14274,49.84908],[-97.14388,49.84924],[-97.14406,49.84935],[-97.14487,49.84907],[-97.14519,49.84945],[-97.14412,49.84982],[-97.14431,49.84994],[-97.14544,49.85079],[-97.14575,49.85195],[-97.14533,49.85274],[-97.14435,49.85373],[-97.14301,49.85435],[-97.14162,49.85466],[-97.14074,49.85497],[-97.14064,49.85498],[-97.14139,49.85592],[-97.14138,49.85592],[-97.14176,49.85638],[-97.14095,49.85666],[-97.14057,49.85619],[-97.14001,49.85638],[-97.13955,49.85581],[-97.13912,49.85591],[-97.13904,49.85606],[-97.13728,49.85666],[-97.13674,49.85598],[-97.13615,49.85599],[-97.13541,49.856],[-97.1346,49.856],[-97.13383,49.85601],[-97.13276,49.85603],[-97.13199,49.85605],[-97.1315,49.8561],[-97.13123,49.85614],[-97.13088,49.8562],[-97.13058,49.85627],[-97.13028,49.85636],[-97.12962,49.85655],[-97.12887,49.85677],[-97.12828,49.85693],[-97.1277,49.8571],[-97.12635,49.85745],[-97.12596,49.85754],[-97.12562,49.85763],[-97.12522,49.85773],[-97.12482,49.85784],[-97.12462,49.8579],[-97.12419,49.85804],[-97.12402,49.8581],[-97.12364,49.85823],[-97.12333,49.85835],[-97.12259,49.85865],[-97.12178,49.85903],[-97.12211,49.85943],[-97.12175,49.85957],[-97.12098,49.86],[-97.12124,49.8603],[-97.12137,49.86046],[-97.12052,49.86075],[-97.12062,49.86088],[-97.12058,49.86089],[-97.12091,49.86131],[-97.12124,49.8617],[-97.12029,49.86202],[-97.12062,49.86243],[-97.12097,49.86285],[-97.12131,49.86327],[-97.12312,49.86265],[-97.12379,49.86349],[-97.12323,49.86368],[-97.1239,49.86452],[-97.12408,49.86474],[-97.12343,49.86496],[-97.1236,49.86516],[-97.12337,49.86524],[-97.12371,49.86566],[-97.12404,49.86607],[-97.12286,49.86648],[-97.12317,49.86686],[-97.12351,49.86728],[-97.12401,49.86711],[-97.12469,49.86687],[-97.12503,49.8673],[-97.12537,49.86773],[-97.12491,49.86788],[-97.12469,49.86795],[-97.12417,49.86813],[-97.12445,49.86847],[-97.12472,49.8688],[-97.12523,49.86863],[-97.12545,49.86856],[-97.12588,49.86842],[-97.12615,49.86875],[-97.12776,49.86821],[-97.12844,49.86907],[-97.12725,49.86924],[-97.12728,49.87013],[-97.13192,49.86965],[-97.13434,49.86984],[-97.13572,49.87034],[-97.13658,49.87081],[-97.13742,49.87173],[-97.13807,49.87295],[-97.13943,49.87252],[-97.14004,49.87326],[-97.14006,49.87323],[-97.14045,49.8731],[-97.14051,49.87317],[-97.1399,49.87422],[-97.14069,49.87397],[-97.13994,49.87516],[-97.13964,49.87577],[-97.13937,49.8762],[-97.13914,49.87657],[-97.13883,49.8771],[-97.13843,49.8778],[-97.13816,49.87866],[-97.13759,49.87902],[-97.13703,49.87921],[-97.13653,49.87967],[-97.1356,49.88042],[-97.1357,49.88048],[-97.13579,49.88054],[-97.13585,49.88057],[-97.13611,49.88066],[-97.13569,49.8808],[-97.13538,49.88096],[-97.13527,49.88103],[-97.13502,49.8812],[-97.13481,49.88133],[-97.1346,49.88145],[-97.13451,49.88153],[-97.13367,49.88213],[-97.13332,49.88243],[-97.13287,49.88295],[-97.13265,49.88325],[-97.13219,49.88376],[-97.13175,49.88379],[-97.13082,49.88327],[-97.12931,49.88439],[-97.12867,49.88516],[-97.1273,49.88635],[-97.12661,49.88735],[-97.12641,49.88827],[-97.12646,49.8889],[-97.12674,49.88956],[-97.12712,49.89002],[-97.12763,49.89064],[-97.12841,49.89151],[-97.12929,49.89253],[-97.1302,49.89338],[-97.13107,49.89417],[-97.13188,49.89523],[-97.13198,49.89602],[-97.13223,49.89673],[-97.13226,49.89757],[-97.13186,49.89838],[-97.13091,49.89889],[-97.13009,49.89926],[-97.12904,49.89991],[-97.12797,49.90047],[-97.12724,49.90075],[-97.12585,49.90112],[-97.12449,49.90144],[-97.12294,49.90133],[-97.12136,49.90118],[-97.11967,49.90107],[-97.11745,49.90099],[-97.11589,49.90093],[-97.1135,49.90089],[-97.11186,49.90098],[-97.11074,49.90126],[-97.10995,49.90164],[-97.10949,49.90219],[-97.10939,49.90239],[-97.10943,49.90239],[-97.10937,49.90297],[-97.10964,49.90355],[-97.11055,49.90395],[-97.11117,49.90414],[-97.11208,49.90441],[-97.11359,49.90482],[-97.11464,49.90509],[-97.11541,49.90538],[-97.11586,49.90555],[-97.11714,49.90605],[-97.11765,49.90626],[-97.1183,49.90657],[-97.11896,49.9069],[-97.12056,49.90774],[-97.12189,49.90849],[-97.12212,49.90862],[-97.12239,49.90876],[-97.12289,49.90902],[-97.12334,49.90922],[-97.12388,49.90947],[-97.12443,49.90968],[-97.12509,49.9101],[-97.12635,49.90939],[-97.12699,49.90986],[-97.1271,49.90989],[-97.12721,49.90986],[-97.12757,49.90966],[-97.12794,49.91012],[-97.12799,49.91011],[-97.12808,49.91008],[-97.12883,49.91106],[-97.12906,49.91139],[-97.12902,49.9115],[-97.12854,49.91164],[-97.12885,49.91212],[-97.12822,49.91228],[-97.12836,49.9125],[-97.12844,49.91263],[-97.12848,49.91269],[-97.1289,49.91266],[-97.12867,49.91308],[-97.12866,49.91308],[-97.12845,49.91335],[-97.12892,49.9135],[-97.12866,49.91384],[-97.12888,49.91391],[-97.12862,49.91425],[-97.12899,49.91437],[-97.12874,49.9147],[-97.12868,49.91468],[-97.12843,49.91501],[-97.1291,49.91522],[-97.12889,49.9155],[-97.12857,49.91539],[-97.12847,49.91553],[-97.12839,49.91583],[-97.1283,49.91618],[-97.12836,49.9165],[-97.12721,49.91618],[-97.1257,49.91787],[-97.12958,49.91911],[-97.12844,49.92052],[-97.12629,49.91983],[-97.12522,49.9202],[-97.1246,49.91952],[-97.12213,49.92049],[-97.12141,49.91992],[-97.12104,49.92001],[-97.11988,49.92022],[-97.11953,49.9203],[-97.12093,49.92104],[-97.12093,49.92104],[-97.12156,49.92125],[-97.1214,49.92145],[-97.12162,49.92153],[-97.12131,49.92193],[-97.1215,49.92199],[-97.12119,49.9224],[-97.12128,49.92243],[-97.12095,49.92286],[-97.11984,49.9225],[-97.11955,49.92289],[-97.11882,49.92266],[-97.11849,49.92309],[-97.11842,49.92306],[-97.11818,49.92337],[-97.11742,49.92313],[-97.11717,49.92346],[-97.11692,49.92378],[-97.11616,49.92354],[-97.1159,49.92388],[-97.11565,49.92421],[-97.11459,49.92387],[-97.11442,49.92408],[-97.1141,49.92451],[-97.11399,49.92466],[-97.11506,49.92501],[-97.11476,49.9254],[-97.11445,49.9258],[-97.11578,49.92623],[-97.11539,49.92673],[-97.11508,49.92713],[-97.11559,49.92729],[-97.11713,49.92778],[-97.11696,49.92822],[-97.11678,49.92866],[-97.11605,49.92843],[-97.11564,49.92896],[-97.11553,49.92892],[-97.11522,49.92932],[-97.11454,49.92909],[-97.1142,49.92953],[-97.11423,49.92954],[-97.11389,49.92996],[-97.11346,49.92983],[-97.11314,49.92919],[-97.11235,49.92894],[-97.11249,49.9292],[-97.11093,49.9287],[-97.11136,49.92972],[-97.11185,49.93093],[-97.11207,49.93144],[-97.11229,49.93213],[-97.11236,49.93287],[-97.1124,49.9334],[-97.11235,49.93411],[-97.11229,49.93476],[-97.11215,49.93518],[-97.11183,49.93587],[-97.11149,49.93647],[-97.11099,49.93706],[-97.11043,49.93749],[-97.1101,49.93772],[-97.10941,49.93816],[-97.10925,49.93811],[-97.1087,49.93853],[-97.10815,49.93882],[-97.10713,49.93909],[-97.10605,49.93933],[-97.10501,49.9397],[-97.10402,49.93986],[-97.10335,49.94],[-97.10339,49.94002],[-97.10522,49.94062],[-97.10453,49.9408],[-97.10602,49.94128],[-97.10574,49.94163],[-97.10934,49.94278],[-97.11239,49.94374],[-97.11172,49.94465],[-97.11063,49.94614],[-97.11013,49.94679],[-97.10927,49.94745],[-97.10884,49.94778],[-97.11031,49.94825],[-97.11008,49.94854],[-97.11026,49.9486],[-97.11001,49.94892],[-97.10958,49.94878],[-97.10957,49.94879],[-97.10913,49.94865],[-97.109,49.94881],[-97.10912,49.94885],[-97.10887,49.94916],[-97.10826,49.94897],[-97.10791,49.94925],[-97.11074,49.95018],[-97.11052,49.95047],[-97.11103,49.95063],[-97.11237,49.94888],[-97.1169,49.95036],[-97.11707,49.95041],[-97.11997,49.95134],[-97.11947,49.95165],[-97.11844,49.95229],[-97.11705,49.95315],[-97.1158,49.95392],[-97.11949,49.95511],[-97.12027,49.9541],[-97.12386,49.95522],[-97.12422,49.95476],[-97.12448,49.95484],[-97.12462,49.95467],[-97.12402,49.95447],[-97.12341,49.95427],[-97.12393,49.95361],[-97.12516,49.95401],[-97.12762,49.9548],[-97.12837,49.95383],[-97.1314,49.95481],[-97.13066,49.95577],[-97.1309,49.95584],[-97.13059,49.95625],[-97.13091,49.95636],[-97.13108,49.95613],[-97.1312,49.95617],[-97.13158,49.95629],[-97.13173,49.95611],[-97.13154,49.95605],[-97.13179,49.95574],[-97.13243,49.95594],[-97.1325,49.95586],[-97.13268,49.95563],[-97.13289,49.95569],[-97.13314,49.95538],[-97.13392,49.95563],[-97.13389,49.95567],[-97.13409,49.95573],[-97.13428,49.95549],[-97.13436,49.95539],[-97.13476,49.95552],[-97.1345,49.95586],[-97.1349,49.95599],[-97.13493,49.9561],[-97.13522,49.9562],[-97.13528,49.95611],[-97.13605,49.95636],[-97.13604,49.95639],[-97.13738,49.95682],[-97.13742,49.95684],[-97.13792,49.95706],[-97.138,49.95696],[-97.1386,49.95715],[-97.13884,49.95683],[-97.13931,49.95698],[-97.1394,49.95701],[-97.13992,49.95648],[-97.14046,49.95665],[-97.14054,49.95657],[-97.14109,49.95676],[-97.14151,49.95632],[-97.14204,49.95652],[-97.14208,49.95648],[-97.14253,49.95664],[-97.14206,49.95716],[-97.1417,49.95705],[-97.14149,49.95729],[-97.14225,49.95754],[-97.14198,49.95784],[-97.14331,49.95826],[-97.14306,49.95855],[-97.14514,49.95922],[-97.14562,49.95867],[-97.14583,49.95873],[-97.14596,49.95859],[-97.14617,49.95866],[-97.14675,49.95791],[-97.14689,49.95796],[-97.14696,49.95787],[-97.15009,49.95887],[-97.15143,49.95713],[-97.15219,49.95738],[-97.15371,49.9554],[-97.15512,49.95585],[-97.15538,49.95519],[-97.15531,49.95519],[-97.15522,49.95518],[-97.15505,49.95516],[-97.15474,49.95507],[-97.15477,49.95504],[-97.15409,49.95492],[-97.15721,49.95085],[-97.15951,49.95159],[-97.15977,49.95125],[-97.15972,49.95123],[-97.15998,49.9509],[-97.16102,49.95123],[-97.16102,49.95097],[-97.16148,49.95097],[-97.16148,49.95062],[-97.16237,49.95062],[-97.16237,49.95041],[-97.16292,49.95041],[-97.16292,49.95035],[-97.16314,49.95008],[-97.16291,49.95003],[-97.16269,49.94997],[-97.1626,49.94995],[-97.16252,49.94993],[-97.16243,49.94992],[-97.16237,49.94991],[-97.16232,49.94991],[-97.16242,49.94954],[-97.1625,49.94955],[-97.16264,49.94912],[-97.16261,49.94911],[-97.16256,49.94911],[-97.16286,49.94872],[-97.16304,49.94848],[-97.16334,49.94858],[-97.16357,49.94866],[-97.16357,49.94866],[-97.1641,49.94883],[-97.16434,49.94852],[-97.16445,49.94837],[-97.16455,49.94825],[-97.16464,49.94813],[-97.16476,49.94797],[-97.16489,49.94781],[-97.16493,49.94775],[-97.16499,49.94768],[-97.16446,49.9475],[-97.16393,49.94733],[-97.16445,49.94666],[-97.1639,49.94648],[-97.1639,49.94648],[-97.16336,49.9463],[-97.16327,49.94643],[-97.16168,49.94592],[-97.16174,49.94583],[-97.16121,49.94566],[-97.16167,49.94506],[-97.1638,49.94574],[-97.16444,49.94491],[-97.16498,49.94509],[-97.16508,49.94495],[-97.16514,49.94488],[-97.16564,49.94425],[-97.16766,49.9449],[-97.16793,49.94455],[-97.16782,49.94451],[-97.16811,49.94413],[-97.16709,49.94381],[-97.16738,49.94344],[-97.16737,49.94344],[-97.1677,49.94301],[-97.16809,49.94313],[-97.16903,49.9419],[-97.16914,49.94193],[-97.1701,49.94069],[-97.16868,49.94023],[-97.17102,49.93719],[-97.17245,49.93764],[-97.17289,49.93706],[-97.17148,49.93662],[-97.17157,49.93652],[-97.17161,49.93648],[-97.17167,49.93644],[-97.17172,49.93641],[-97.17176,49.93638],[-97.17184,49.93633],[-97.17191,49.9363],[-97.17197,49.93627],[-97.17201,49.93625],[-97.17207,49.93623],[-97.17212,49.93621],[-97.1722,49.93619],[-97.17231,49.93616],[-97.1724,49.93613],[-97.17247,49.93612],[-97.17256,49.93611],[-97.17264,49.93609],[-97.17276,49.93608],[-97.17285,49.93608],[-97.17299,49.93606],[-97.17324,49.93614],[-97.17343,49.9361],[-97.17406,49.9363],[-97.17487,49.93524],[-97.17518,49.93534],[-97.17596,49.93432],[-97.17278,49.9333],[-97.17348,49.9324],[-97.17635,49.93332],[-97.17723,49.93217],[-97.17524,49.93154],[-97.1755,49.93119],[-97.17577,49.93128],[-97.17613,49.93078],[-97.1771,49.92944],[-97.17909,49.93007],[-97.17938,49.9297],[-97.17837,49.92938],[-97.17862,49.92906],[-97.17868,49.92898],[-97.17886,49.92876],[-97.17809,49.92851],[-97.17836,49.92817],[-97.17814,49.9281],[-97.17845,49.92768],[-97.17803,49.92755],[-97.17832,49.92717],[-97.17827,49.92716],[-97.17852,49.92682],[-97.17927,49.92706],[-97.17947,49.9268],[-97.17952,49.92674],[-97.17949,49.92673],[-97.17954,49.92667],[-97.17974,49.92641],[-97.17949,49.92633],[-97.17618,49.92527],[-97.17315,49.9243],[-97.17016,49.92334],[-97.17018,49.92331],[-97.16975,49.92317],[-97.16954,49.92311],[-97.16997,49.91911],[-97.17025,49.91658],[-97.17276,49.91738],[-97.17394,49.91775],[-97.17415,49.91781],[-97.17447,49.91789],[-97.17471,49.91794],[-97.17489,49.91797],[-97.17507,49.918],[-97.17529,49.91803],[-97.17536,49.91804],[-97.17552,49.91805],[-97.17561,49.91806],[-97.17577,49.91808],[-97.17598,49.91809],[-97.17616,49.9181],[-97.1765,49.9181],[-97.17674,49.91809],[-97.17692,49.91808],[-97.17707,49.91807],[-97.17716,49.91807],[-97.17729,49.91805],[-97.17749,49.91803],[-97.17774,49.918],[-97.17793,49.91797],[-97.17807,49.91794],[-97.17829,49.9179],[-97.17841,49.91787],[-97.17863,49.91782],[-97.17883,49.91776],[-97.17908,49.91769],[-97.17875,49.91757],[-97.179,49.91725],[-97.17905,49.91719],[-97.17925,49.91692],[-97.18014,49.91721],[-97.18041,49.91686],[-97.17963,49.91661],[-97.18028,49.91639],[-97.17977,49.91623],[-97.18002,49.9159],[-97.18014,49.91594],[-97.18018,49.91588],[-97.18039,49.91561],[-97.17478,49.91379],[-97.17478,49.91198],[-97.17614,49.91198],[-97.17613,49.91106],[-97.17614,49.911],[-97.17615,49.91083],[-97.17619,49.91046],[-97.17619,49.91036],[-97.17622,49.91025],[-97.17638,49.90998],[-97.1766,49.90977],[-97.17695,49.90953],[-97.17244,49.91053],[-97.17244,49.91062],[-97.17238,49.91064],[-97.17185,49.91047],[-97.17183,49.91015],[-97.17875,49.90862],[-97.18056,49.90822],[-97.18024,49.90812],[-97.18088,49.90726],[-97.17919,49.90721],[-97.17896,49.90723],[-97.17878,49.90728],[-97.17865,49.90737],[-97.17853,49.90735],[-97.17854,49.90704],[-97.17852,49.90701],[-97.17853,49.90698],[-97.17855,49.90668],[-97.17869,49.90489],[-97.17803,49.90487],[-97.17803,49.90487],[-97.17739,49.90485],[-97.1775,49.90349],[-97.17687,49.90347],[-97.17687,49.90347],[-97.17624,49.90345],[-97.17625,49.90336],[-97.17688,49.90338],[-97.17688,49.90338],[-97.1775,49.9034],[-97.17753,49.90305],[-97.17755,49.90286],[-97.17758,49.9024],[-97.17695,49.90238],[-97.17633,49.90236],[-97.17641,49.90122],[-97.17598,49.90121],[-97.17588,49.9012],[-97.17588,49.90121],[-97.17577,49.90121],[-97.17533,49.9012],[-97.17539,49.90049],[-97.17479,49.90047],[-97.17481,49.90028],[-97.17425,49.90027],[-97.17429,49.89967],[-97.17426,49.89967],[-97.17386,49.89966],[-97.17374,49.89966],[-97.17361,49.89965],[-97.17321,49.89964],[-97.17318,49.89964],[-97.17324,49.89889],[-97.1732,49.89889],[-97.1728,49.89888],[-97.17255,49.89887],[-97.17212,49.89886],[-97.17217,49.89823],[-97.17213,49.89823],[-97.17171,49.89822],[-97.1716,49.89822],[-97.17161,49.89814],[-97.17048,49.89811],[-97.16979,49.89809],[-97.1698,49.8979],[-97.16966,49.89789],[-97.16914,49.89788],[-97.16919,49.89724],[-97.16816,49.89721],[-97.16793,49.8972],[-97.1679,49.8975],[-97.16786,49.8975],[-97.16744,49.89748],[-97.16729,49.89748],[-97.16716,49.89747],[-97.1667,49.89746],[-97.16673,49.89716],[-97.16731,49.89718],[-97.16734,49.89679],[-97.16619,49.89675],[-97.16578,49.89674],[-97.1658,49.89648],[-97.16563,49.89648],[-97.16565,49.89623],[-97.16518,49.89622],[-97.16507,49.89621],[-97.16507,49.89626],[-97.16495,49.89626],[-97.16453,49.89624],[-97.16452,49.89647],[-97.1645,49.8967],[-97.16394,49.89668],[-97.16396,49.89631],[-97.16384,49.89631],[-97.16344,49.8963],[-97.1634,49.8963],[-97.16342,49.8961],[-97.16286,49.89609],[-97.16288,49.89585],[-97.16233,49.89583],[-97.16237,49.89511],[-97.16182,49.8951],[-97.16183,49.89502],[-97.16128,49.89501],[-97.16129,49.89486],[-97.16184,49.89488],[-97.1619,49.89401],[-97.16245,49.89403],[-97.16248,49.89357],[-97.16292,49.89359],[-97.16318,49.89359],[-97.16361,49.8936],[-97.16357,49.89406],[-97.164,49.89407],[-97.16413,49.89408],[-97.16426,49.89408],[-97.16469,49.89409],[-97.16474,49.89344],[-97.16527,49.89345],[-97.1653,49.89313],[-97.16587,49.89315],[-97.16591,49.89265],[-97.16649,49.89267],[-97.16649,49.8927],[-97.16705,49.89271],[-97.16709,49.89221],[-97.16769,49.89223],[-97.16769,49.89223],[-97.16829,49.89225],[-97.16825,49.89283],[-97.16964,49.89287],[-97.16972,49.89182],[-97.17052,49.89184],[-97.17053,49.89163],[-97.17154,49.89166],[-97.17161,49.89083],[-97.17216,49.89085],[-97.17216,49.89086],[-97.17272,49.89088],[-97.17276,49.89033],[-97.17332,49.89035],[-97.17334,49.88999],[-97.17279,49.88997],[-97.17286,49.88901],[-97.1733,49.88903],[-97.17342,49.88903],[-97.17355,49.88904],[-97.17398,49.88905],[-97.17395,49.88953],[-97.17451,49.88955],[-97.17463,49.88955],[-97.17506,49.88957],[-97.17501,49.89022],[-97.17616,49.89026],[-97.17614,49.89053],[-97.1767,49.89055],[-97.1767,49.89059],[-97.17723,49.8906],[-97.17717,49.89137],[-97.17779,49.89139],[-97.17779,49.89144],[-97.17978,49.8915],[-97.17988,49.89037],[-97.17837,49.89032],[-97.17843,49.88954],[-97.17994,49.88959],[-97.1799,49.89006],[-97.18072,49.89009],[-97.18078,49.88925],[-97.18193,49.88929],[-97.18198,49.88856],[-97.18256,49.88858],[-97.18268,49.88704],[-97.18394,49.88707],[-97.18385,49.88808],[-97.18484,49.88811],[-97.18486,49.8878],[-97.18537,49.88781],[-97.18533,49.88836],[-97.18588,49.88837],[-97.18588,49.88833],[-97.18643,49.88835],[-97.18649,49.88758],[-97.18708,49.8876],[-97.18695,49.88913],[-97.18756,49.88915],[-97.18755,49.88922],[-97.18809,49.88923],[-97.18807,49.88969],[-97.1886,49.8897],[-97.18861,49.88965],[-97.18912,49.88966],[-97.18917,49.88905],[-97.19031,49.88908],[-97.19037,49.88826],[-97.19099,49.88828],[-97.1916,49.8883],[-97.19167,49.88729],[-97.19233,49.88732],[-97.19343,49.88736],[-97.19336,49.88822],[-97.19392,49.88825],[-97.19445,49.88835],[-97.19519,49.88838],[-97.19616,49.88838],[-97.19621,49.88779],[-97.20107,49.88797],[-97.2013,49.88512],[-97.20216,49.88514],[-97.20215,49.8853],[-97.20324,49.88534],[-97.20329,49.88477],[-97.20338,49.88477],[-97.20395,49.88479],[-97.20395,49.88483],[-97.20406,49.88484],[-97.2046,49.88486],[-97.20468,49.88398],[-97.20615,49.88403],[-97.20616,49.88385],[-97.20729,49.88389],[-97.20729,49.88388],[-97.20811,49.88391],[-97.20805,49.88461],[-97.20864,49.88463],[-97.20864,49.88471],[-97.2092,49.88473],[-97.20914,49.88533],[-97.21002,49.88537],[-97.20996,49.88598],[-97.21072,49.88601],[-97.21079,49.88524],[-97.2115,49.88528],[-97.21153,49.88504],[-97.21227,49.88506],[-97.21227,49.88508],[-97.21285,49.8851],[-97.21293,49.8843],[-97.21405,49.88434],[-97.21412,49.88346],[-97.21537,49.88351],[-97.21534,49.88378],[-97.2155,49.88379],[-97.21548,49.88403],[-97.21532,49.88402],[-97.21531,49.88419],[-97.21592,49.88422],[-97.21591,49.88435],[-97.21654,49.88438],[-97.21647,49.88499],[-97.21709,49.88502],[-97.2171,49.88488],[-97.21772,49.8849],[-97.21764,49.88579],[-97.21827,49.88582],[-97.21828,49.88569],[-97.21885,49.88571],[-97.21891,49.88509],[-97.2195,49.88511],[-97.22009,49.88513],[-97.22017,49.88435],[-97.22075,49.88437],[-97.22076,49.88423],[-97.22135,49.88425],[-97.22141,49.8836],[-97.22198,49.88363],[-97.22197,49.88366],[-97.22252,49.88368],[-97.22259,49.88296],[-97.22371,49.88301],[-97.22378,49.88231],[-97.22429,49.88233],[-97.22437,49.88146],[-97.22486,49.88148],[-97.22481,49.88209],[-97.22605,49.88214],[-97.226,49.88262],[-97.22709,49.88266],[-97.22704,49.88314],[-97.22761,49.88316],[-97.22823,49.88318],[-97.22818,49.88373],[-97.22886,49.88376],[-97.22952,49.88378],[-97.22947,49.88433],[-97.23018,49.88436],[-97.2309,49.88439],[-97.23098,49.88357],[-97.23154,49.88359],[-97.23153,49.88361],[-97.23208,49.88366],[-97.23215,49.88292],[-97.2327,49.88295],[-97.23325,49.88297],[-97.23333,49.88215],[-97.23389,49.88217],[-97.23446,49.88219],[-97.23449,49.88185],[-97.23453,49.88137],[-97.23518,49.88139],[-97.23581,49.88142],[-97.23588,49.8806],[-97.23653,49.88063],[-97.23719,49.88065],[-97.23728,49.87969],[-97.23803,49.87972],[-97.23802,49.87979],[-97.23877,49.87982],[-97.23875,49.88002],[-97.23944,49.88005],[-97.24012,49.88008],[-97.24005,49.88076],[-97.24081,49.88079],[-97.24133,49.88081],[-97.24131,49.88103],[-97.24193,49.88105],[-97.24286,49.88109],[-97.24282,49.88145],[-97.24286,49.88146],[-97.24283,49.88181],[-97.24359,49.88184],[-97.24355,49.88221],[-97.24379,49.88222],[-97.24376,49.88258],[-97.24452,49.88261],[-97.24446,49.88332],[-97.24541,49.88335],[-97.24544,49.883],[-97.24547,49.88264],[-97.24649,49.88268],[-97.24652,49.88232],[-97.2465,49.88232],[-97.24653,49.88195],[-97.2478,49.88199],[-97.24783,49.88163],[-97.24788,49.88163],[-97.24791,49.88127],[-97.24831,49.88129],[-97.24831,49.88125],[-97.24887,49.88127],[-97.24897,49.88017],[-97.2509,49.88024],[-97.25087,49.88057],[-97.25147,49.88059],[-97.25141,49.88122],[-97.25196,49.88124],[-97.25193,49.88146],[-97.25317,49.8815],[-97.25314,49.88187],[-97.25318,49.88187],[-97.25315,49.88222],[-97.25379,49.88225],[-97.25376,49.8826],[-97.25468,49.88264],[-97.25471,49.88229],[-97.25525,49.88231],[-97.25531,49.8815],[-97.25597,49.88153],[-97.25598,49.8814],[-97.25666,49.88143],[-97.25672,49.88071],[-97.25736,49.88074],[-97.25737,49.88062],[-97.25805,49.88065],[-97.25809,49.88014],[-97.25883,49.88017],[-97.25927,49.88018],[-97.25922,49.88078],[-97.25979,49.8808],[-97.2598,49.88069],[-97.26041,49.88071],[-97.26034,49.88154],[-97.26098,49.88156],[-97.26097,49.88164],[-97.26162,49.88167],[-97.26158,49.88218],[-97.26233,49.88221],[-97.2623,49.88253],[-97.26309,49.88256],[-97.26314,49.882],[-97.26373,49.88202],[-97.26373,49.88201],[-97.26429,49.88203],[-97.26434,49.88141],[-97.26491,49.88143],[-97.26496,49.88086],[-97.26667,49.88092],[-97.26661,49.88163],[-97.26737,49.88166],[-97.26727,49.88275],[-97.26804,49.88277],[-97.26805,49.88267],[-97.26858,49.88269],[-97.26857,49.88284],[-97.26867,49.88284],[-97.26861,49.88344],[-97.2686,49.88359],[-97.26922,49.88362],[-97.26922,49.88363],[-97.27109,49.88372],[-97.27105,49.88416],[-97.27104,49.88416],[-97.27101,49.8844],[-97.27095,49.88506],[-97.27037,49.88503],[-97.27037,49.88499],[-97.26973,49.88496],[-97.26968,49.88553],[-97.26907,49.88551],[-97.26906,49.88557],[-97.26842,49.88555],[-97.2684,49.88574],[-97.2679,49.8856],[-97.26786,49.8861],[-97.26899,49.8864],[-97.27263,49.88746],[-97.27253,49.88848],[-97.27266,49.88852],[-97.27261,49.88909],[-97.27447,49.88916],[-97.27447,49.88916],[-97.27448,49.88918],[-97.27379,49.88956],[-97.27462,49.89081],[-97.27508,49.89083],[-97.27508,49.89083],[-97.27509,49.89085],[-97.27468,49.89119],[-97.27486,49.8923],[-97.27565,49.8925],[-97.277,49.89255],[-97.27788,49.89257],[-97.27769,49.89491],[-97.27852,49.89478],[-97.27925,49.8948],[-97.27978,49.89495],[-97.28032,49.89516],[-97.28037,49.89519],[-97.28094,49.89551],[-97.28126,49.8957],[-97.282,49.89599],[-97.28244,49.89603],[-97.28261,49.89552],[-97.28344,49.8947],[-97.2839,49.89489],[-97.28389,49.8949],[-97.28435,49.8951],[-97.28457,49.89488],[-97.28441,49.89482],[-97.28472,49.89452],[-97.28433,49.89435],[-97.28394,49.89418],[-97.28374,49.8941],[-97.28355,49.89402],[-97.28316,49.89385],[-97.28296,49.89377],[-97.28277,49.89369],[-97.28257,49.8936],[-97.28294,49.89325],[-97.28326,49.89339],[-97.28356,49.89309],[-97.28414,49.89334],[-97.28438,49.89311],[-97.28445,49.89304],[-97.28505,49.89244],[-97.28536,49.89215],[-97.28516,49.89206],[-97.28516,49.89196],[-97.28589,49.89185],[-97.28588,49.89182],[-97.28644,49.89174],[-97.28616,49.89098],[-97.28615,49.89096],[-97.28666,49.89085],[-97.28732,49.8907],[-97.28769,49.89083],[-97.28774,49.89069],[-97.28781,49.89056],[-97.28787,49.89047],[-97.28793,49.89038],[-97.28798,49.89016],[-97.28799,49.89],[-97.28881,49.89003],[-97.28886,49.8895],[-97.28872,49.88941],[-97.28882,49.88831],[-97.28942,49.88833],[-97.28944,49.88808],[-97.28953,49.88707],[-97.28999,49.88708],[-97.29012,49.8871],[-97.29079,49.88712],[-97.29086,49.8863],[-97.29151,49.88632],[-97.29254,49.88637],[-97.29263,49.88551],[-97.29393,49.88556],[-97.29383,49.88652],[-97.29517,49.88658],[-97.29499,49.88826],[-97.29535,49.88829],[-97.29562,49.88836],[-97.29633,49.88852],[-97.29665,49.88854],[-97.29753,49.88858],[-97.29788,49.88552],[-97.30016,49.88563],[-97.30008,49.88641],[-97.29949,49.88639],[-97.29948,49.88657],[-97.29889,49.88655],[-97.29888,49.8867],[-97.29946,49.88672],[-97.29944,49.88691],[-97.30003,49.88694],[-97.29996,49.88764],[-97.29984,49.88892],[-97.30046,49.88894],[-97.30046,49.88894],[-97.30114,49.88897],[-97.30133,49.88714],[-97.30207,49.88717],[-97.30203,49.88753],[-97.30244,49.88754],[-97.30284,49.88756],[-97.30287,49.88721],[-97.30357,49.88723],[-97.30358,49.88713],[-97.30413,49.88715],[-97.30414,49.88699],[-97.30408,49.88694],[-97.3046,49.88655],[-97.30474,49.88656],[-97.30464,49.88754],[-97.30519,49.88756],[-97.3052,49.88748],[-97.3063,49.88753],[-97.3063,49.88754],[-97.30685,49.88757],[-97.30678,49.88822],[-97.30846,49.88829],[-97.30845,49.88846],[-97.30812,49.8885],[-97.30809,49.88886],[-97.30841,49.88882],[-97.30837,49.88918],[-97.30968,49.88912],[-97.31064,49.88914],[-97.31062,49.88932],[-97.31119,49.88934],[-97.31118,49.88941],[-97.31174,49.88944],[-97.31183,49.88848],[-97.31389,49.88856],[-97.31393,49.88811],[-97.31606,49.8882],[-97.316,49.88881],[-97.31675,49.88885],[-97.31684,49.88796],[-97.31746,49.88798],[-97.31745,49.88805],[-97.31806,49.88808],[-97.31814,49.88732],[-97.31874,49.88735],[-97.31875,49.88725],[-97.3194,49.88728],[-97.31944,49.88684],[-97.32004,49.88687],[-97.32006,49.88663],[-97.32001,49.88663],[-97.32004,49.88625],[-97.32123,49.8863],[-97.32127,49.88591],[-97.3209,49.8859],[-97.32096,49.88526],[-97.32015,49.88522],[-97.31961,49.8852],[-97.31967,49.88452],[-97.31972,49.88452],[-97.31975,49.88421],[-97.31978,49.8839],[-97.3198,49.8839],[-97.31982,49.88369],[-97.32043,49.88371],[-97.32043,49.88373],[-97.32179,49.88379],[-97.32182,49.88347],[-97.32197,49.88342],[-97.32253,49.88328],[-97.3226,49.88258],[-97.32268,49.88258],[-97.32293,49.88283],[-97.32346,49.8826],[-97.32342,49.88257],[-97.32337,49.88253],[-97.32331,49.88248],[-97.32288,49.88211],[-97.32265,49.8821],[-97.32266,49.88196],[-97.32219,49.88194],[-97.32156,49.88191],[-97.32159,49.88162],[-97.32223,49.88155],[-97.32226,49.88095],[-97.32287,49.87994],[-97.32295,49.87907],[-97.3222,49.87904],[-97.32225,49.87862],[-97.32169,49.8786],[-97.32168,49.87866],[-97.32102,49.87863],[-97.32107,49.87808],[-97.32041,49.87805],[-97.32041,49.87798],[-97.31965,49.87795],[-97.31953,49.87919],[-97.31715,49.87909],[-97.31704,49.87911],[-97.317,49.87917],[-97.31688,49.88026],[-97.31261,49.88077],[-97.31262,49.88068],[-97.31093,49.88088],[-97.31126,49.87754],[-97.31066,49.87751],[-97.31066,49.8775],[-97.31007,49.87748],[-97.31012,49.87697],[-97.30964,49.8769],[-97.3094,49.87689],[-97.30944,49.87652],[-97.30947,49.87613],[-97.30825,49.87607],[-97.30829,49.87567],[-97.30729,49.87563],[-97.29982,49.87533],[-97.29969,49.87533],[-97.29925,49.8753],[-97.29921,49.87574],[-97.29869,49.87565],[-97.2986,49.87641],[-97.29666,49.87608],[-97.29659,49.87681],[-97.29602,49.87671],[-97.29598,49.87708],[-97.29592,49.87708],[-97.29565,49.87703],[-97.29561,49.87739],[-97.29509,49.8773],[-97.29505,49.87768],[-97.29501,49.87767],[-97.29497,49.87803],[-97.29399,49.87786],[-97.29402,49.8775],[-97.29404,49.8775],[-97.29407,49.87713],[-97.29363,49.87711],[-97.29382,49.87519],[-97.29253,49.87514],[-97.29244,49.87603],[-97.29189,49.876],[-97.29189,49.87595],[-97.29124,49.87592],[-97.29131,49.87523],[-97.29067,49.8752],[-97.29066,49.8753],[-97.28977,49.87527],[-97.28969,49.87606],[-97.28883,49.87607],[-97.28883,49.87613],[-97.28826,49.8761],[-97.28809,49.87748],[-97.28654,49.8774],[-97.28672,49.8757],[-97.28622,49.87567],[-97.28626,49.87535],[-97.28562,49.87532],[-97.28559,49.87558],[-97.2854,49.87557],[-97.28534,49.87608],[-97.28467,49.87605],[-97.28401,49.87602],[-97.2839,49.87684],[-97.2831,49.8768],[-97.28308,49.87695],[-97.28201,49.8769],[-97.28209,49.87622],[-97.28145,49.87619],[-97.28082,49.87616],[-97.28086,49.87582],[-97.28021,49.8758],[-97.28023,49.87559],[-97.2796,49.87556],[-97.27958,49.87578],[-97.27757,49.87568],[-97.27758,49.87561],[-97.27762,49.87547],[-97.27773,49.87521],[-97.27777,49.87508],[-97.27779,49.87495],[-97.27789,49.87403],[-97.2771,49.874],[-97.27722,49.87288],[-97.27654,49.87285],[-97.27653,49.87289],[-97.27572,49.87285],[-97.27584,49.87176],[-97.27504,49.87172],[-97.27504,49.87171],[-97.27418,49.87167],[-97.27421,49.8714],[-97.27336,49.87136],[-97.27337,49.87126],[-97.27252,49.87121],[-97.27239,49.87231],[-97.27155,49.87227],[-97.27155,49.87231],[-97.27089,49.87228],[-97.27097,49.87156],[-97.27034,49.87192],[-97.26894,49.87237],[-97.2684,49.87165],[-97.26796,49.87172],[-97.26804,49.87249],[-97.26806,49.87287],[-97.26789,49.87286],[-97.26773,49.87283],[-97.26756,49.87281],[-97.26706,49.87282],[-97.26652,49.8728],[-97.2662,49.87266],[-97.26603,49.87246],[-97.26574,49.87201],[-97.26656,49.87177],[-97.26723,49.87159],[-97.26767,49.87144],[-97.26806,49.87119],[-97.26864,49.87097],[-97.26875,49.86981],[-97.2688,49.86981],[-97.26882,49.86962],[-97.26886,49.86962],[-97.26888,49.86931],[-97.26985,49.86934],[-97.26987,49.86938],[-97.26984,49.86982],[-97.26984,49.87021],[-97.27131,49.87002],[-97.27237,49.86975],[-97.27311,49.86962],[-97.27363,49.86957],[-97.27413,49.86957],[-97.27432,49.86728],[-97.27518,49.86731],[-97.27519,49.86713],[-97.27613,49.86717],[-97.27616,49.86689],[-97.27596,49.86688],[-97.27599,49.86652],[-97.27587,49.86652],[-97.27595,49.86564],[-97.27561,49.86563],[-97.27567,49.86504],[-97.27466,49.86501],[-97.27467,49.86498],[-97.27365,49.86494],[-97.27368,49.86453],[-97.27277,49.8645],[-97.27263,49.8645],[-97.27153,49.86445],[-97.27192,49.86022],[-97.27263,49.86025],[-97.27318,49.86036],[-97.27435,49.86059],[-97.27536,49.86079],[-97.27566,49.86015],[-97.27591,49.85963],[-97.27574,49.8596],[-97.27581,49.85885],[-97.27664,49.8587],[-97.27668,49.85826],[-97.27642,49.85825],[-97.27643,49.85815],[-97.27586,49.85825],[-97.27592,49.85761],[-97.27424,49.85755],[-97.27424,49.85759],[-97.27258,49.85753],[-97.27268,49.85643],[-97.27249,49.85643],[-97.27256,49.85559],[-97.27106,49.85554],[-97.27112,49.85487],[-97.27037,49.85485],[-97.27039,49.85468],[-97.26988,49.85466],[-97.26992,49.85421],[-97.26951,49.8542],[-97.26954,49.85385],[-97.26871,49.85382],[-97.26872,49.85371],[-97.26789,49.85368],[-97.26785,49.85391],[-97.26743,49.85389],[-97.26745,49.85367],[-97.267,49.85365],[-97.26701,49.85343],[-97.26747,49.85344],[-97.26754,49.85268],[-97.26627,49.85264],[-97.26531,49.8526],[-97.26527,49.85305],[-97.2644,49.85301],[-97.26439,49.85304],[-97.26389,49.85302],[-97.26381,49.85392],[-97.2628,49.85388],[-97.26288,49.85303],[-97.2614,49.85297],[-97.26146,49.85246],[-97.26155,49.85246],[-97.26159,49.85205],[-97.26159,49.85205],[-97.26161,49.8519],[-97.26133,49.85189],[-97.26134,49.85172],[-97.26063,49.8517],[-97.26062,49.85182],[-97.25997,49.8518],[-97.25996,49.85191],[-97.25961,49.8519],[-97.25957,49.85238],[-97.25956,49.85238],[-97.25951,49.85297],[-97.25986,49.85298],[-97.25979,49.85378],[-97.25976,49.85378],[-97.25944,49.85381],[-97.25936,49.85474],[-97.25852,49.85471],[-97.25856,49.85427],[-97.25817,49.85425],[-97.25817,49.85423],[-97.25754,49.85421],[-97.25761,49.85339],[-97.25695,49.85336],[-97.25697,49.85319],[-97.25633,49.85316],[-97.25635,49.85303],[-97.25499,49.85297],[-97.25507,49.8522],[-97.25506,49.8522],[-97.25512,49.8516],[-97.25446,49.85157],[-97.25445,49.85176],[-97.25343,49.85172],[-97.25339,49.85213],[-97.25338,49.85213],[-97.25335,49.85253],[-97.25284,49.85251],[-97.25284,49.85257],[-97.25228,49.85255],[-97.25223,49.85312],[-97.25168,49.8531],[-97.25168,49.85312],[-97.25111,49.8531],[-97.25104,49.85384],[-97.25162,49.85386],[-97.25162,49.85383],[-97.25217,49.85385],[-97.25211,49.85445],[-97.25099,49.85441],[-97.25096,49.85476],[-97.25092,49.85476],[-97.25066,49.85767],[-97.25087,49.85779],[-97.25078,49.85803],[-97.25064,49.85954],[-97.25026,49.86377],[-97.2518,49.86383],[-97.25175,49.86429],[-97.2515,49.86428],[-97.25146,49.86473],[-97.25148,49.86474],[-97.25144,49.86519],[-97.25167,49.8652],[-97.25164,49.86554],[-97.2522,49.86556],[-97.2522,49.86564],[-97.25274,49.86567],[-97.25272,49.8659],[-97.25329,49.86592],[-97.25331,49.86569],[-97.25394,49.86572],[-97.25399,49.86515],[-97.25462,49.86518],[-97.25464,49.86504],[-97.25527,49.86506],[-97.25534,49.86427],[-97.25596,49.86429],[-97.25595,49.86436],[-97.2566,49.86438],[-97.25658,49.86452],[-97.25719,49.86454],[-97.25784,49.86457],[-97.25771,49.86587],[-97.25834,49.86589],[-97.25831,49.86628],[-97.25768,49.86626],[-97.2576,49.8671],[-97.25697,49.86707],[-97.25698,49.867],[-97.25635,49.86698],[-97.25628,49.8678],[-97.25564,49.86778],[-97.25565,49.86772],[-97.25502,49.8677],[-97.255,49.86786],[-97.25506,49.86787],[-97.25502,49.86832],[-97.25519,49.86833],[-97.25515,49.86877],[-97.25574,49.8688],[-97.25568,49.86949],[-97.25633,49.86952],[-97.2564,49.86882],[-97.25724,49.86885],[-97.25717,49.86967],[-97.25759,49.86969],[-97.25756,49.86997],[-97.25768,49.86997],[-97.25765,49.87023],[-97.25784,49.87063],[-97.25765,49.87068],[-97.25753,49.872],[-97.25756,49.87237],[-97.25705,49.87245],[-97.25574,49.87274],[-97.2547,49.87302],[-97.2531,49.87345],[-97.2527,49.87352],[-97.25216,49.87362],[-97.25143,49.87368],[-97.25098,49.87377],[-97.25019,49.87391],[-97.24931,49.87402],[-97.24874,49.87398],[-97.24807,49.87388],[-97.24745,49.87386],[-97.24646,49.87384],[-97.24585,49.87396],[-97.24543,49.87416],[-97.24494,49.87451],[-97.24473,49.87473],[-97.24452,49.87491],[-97.24412,49.87506],[-97.24376,49.87507],[-97.24332,49.87506],[-97.24263,49.87499],[-97.24176,49.87492],[-97.24099,49.87492],[-97.24009,49.87499],[-97.23956,49.87514],[-97.23912,49.87524],[-97.23852,49.8754],[-97.23785,49.87548],[-97.23717,49.87563],[-97.23622,49.87572],[-97.23537,49.87577],[-97.23486,49.87567],[-97.23425,49.87566],[-97.23372,49.8757],[-97.23286,49.87566],[-97.23002,49.87553],[-97.22972,49.87551],[-97.22912,49.87528],[-97.22876,49.8752],[-97.22785,49.87494],[-97.22674,49.87462],[-97.2252,49.87409],[-97.22492,49.87393],[-97.22396,49.87364],[-97.2232,49.87343],[-97.22242,49.87334],[-97.22127,49.87328],[-97.21958,49.87343],[-97.21921,49.87351],[-97.21858,49.87369],[-97.21786,49.87382],[-97.21712,49.87399],[-97.21621,49.87414],[-97.21536,49.8743],[-97.21479,49.87433],[-97.21421,49.87431],[-97.2135,49.87433],[-97.21302,49.87431],[-97.2126,49.87418],[-97.2118,49.87399],[-97.21123,49.87386],[-97.21036,49.87369],[-97.20995,49.87368],[-97.20935,49.87373],[-97.20884,49.87389],[-97.20849,49.87416],[-97.20832,49.87445],[-97.20825,49.87476],[-97.20823,49.87497],[-97.20823,49.87527],[-97.20832,49.87564],[-97.20832,49.87601],[-97.20825,49.87625],[-97.20813,49.87639],[-97.20795,49.87656],[-97.20753,49.87678],[-97.20697,49.87693],[-97.20624,49.87699],[-97.20533,49.87697],[-97.20505,49.87689],[-97.20413,49.87689],[-97.20337,49.87681],[-97.20251,49.87682],[-97.20186,49.87694],[-97.20106,49.87713],[-97.19967,49.87743],[-97.19909,49.87765],[-97.19835,49.87799],[-97.19697,49.87828],[-97.1956,49.87851],[-97.19469,49.8785],[-97.19393,49.87843],[-97.19259,49.87828],[-97.19126,49.87815],[-97.19006,49.87813],[-97.18896,49.87829],[-97.18804,49.8785],[-97.18618,49.87897],[-97.1851,49.87923],[-97.184,49.87941],[-97.18323,49.87949],[-97.18247,49.87946],[-97.18171,49.8794],[-97.18117,49.87927],[-97.18062,49.87911],[-97.18013,49.8789],[-97.17942,49.87862],[-97.17889,49.87826],[-97.17881,49.87823],[-97.17873,49.87814],[-97.17808,49.87768],[-97.1772,49.87737],[-97.17625,49.87796],[-97.17596,49.87777],[-97.17586,49.87907],[-97.17474,49.87904],[-97.17469,49.8798],[-97.17356,49.87977],[-97.17355,49.87999],[-97.17241,49.87995],[-97.17245,49.87947],[-97.17188,49.87945],[-97.1719,49.87918],[-97.17134,49.87916],[-97.17137,49.87884],[-97.17037,49.87881],[-97.1704,49.87847],[-97.16991,49.87845],[-97.16991,49.87848],[-97.16931,49.87846],[-97.16926,49.87919],[-97.16807,49.87915],[-97.16806,49.87933],[-97.168,49.87998],[-97.16743,49.87997],[-97.16743,49.87996],[-97.16688,49.87994],[-97.16684,49.88038],[-97.16627,49.88036],[-97.16627,49.88039],[-97.1657,49.88038],[-97.16569,49.88052],[-97.16513,49.8805],[-97.16513,49.88052],[-97.16456,49.88051],[-97.16454,49.88078],[-97.16399,49.88077],[-97.16399,49.88073],[-97.1634,49.88072],[-97.1634,49.88082],[-97.16326,49.88082],[-97.16322,49.88125],[-97.16321,49.88155],[-97.16159,49.8815],[-97.16164,49.88065],[-97.16104,49.88063],[-97.16102,49.8808],[-97.16033,49.88078],[-97.16027,49.88162],[-97.15954,49.88159],[-97.15954,49.88157],[-97.15882,49.88154],[-97.15879,49.88177],[-97.1581,49.88175],[-97.15811,49.88156],[-97.15751,49.88153],[-97.15753,49.88134],[-97.15732,49.88134],[-97.15735,49.88089],[-97.15679,49.88088],[-97.15689,49.87905],[-97.156,49.8791],[-97.15548,49.87914],[-97.15503,49.87917],[-97.15498,49.87909],[-97.15425,49.87846],[-97.15305,49.87721],[-97.15281,49.87667],[-97.15269,49.8763],[-97.15254,49.87585],[-97.15247,49.87536],[-97.15258,49.87485],[-97.1529,49.8744],[-97.15355,49.87414],[-97.15329,49.87393],[-97.15231,49.87303],[-97.15258,49.8729],[-97.15227,49.87251],[-97.15269,49.87236],[-97.15246,49.87208],[-97.15215,49.87169],[-97.15317,49.87134],[-97.15286,49.87095],[-97.15336,49.87078],[-97.15304,49.87038],[-97.15361,49.87019],[-97.1533,49.8698],[-97.15348,49.86974],[-97.15316,49.86934],[-97.15371,49.86916],[-97.15403,49.86955],[-97.15466,49.86934],[-97.15498,49.86974],[-97.1563,49.8693],[-97.15662,49.86969],[-97.15655,49.86972],[-97.15686,49.87011],[-97.15744,49.86992],[-97.15813,49.86969],[-97.15782,49.86929],[-97.15785,49.86929],[-97.15753,49.86889],[-97.15907,49.86838],[-97.16034,49.86796],[-97.16065,49.86835],[-97.16071,49.86833],[-97.16103,49.86873],[-97.16172,49.8685],[-97.1614,49.8681],[-97.162,49.8679],[-97.16167,49.86748],[-97.16224,49.86729],[-97.16195,49.86692],[-97.16292,49.86659],[-97.1626,49.86619],[-97.1645,49.86556],[-97.16482,49.86596],[-97.16505,49.86588],[-97.16537,49.86628],[-97.16691,49.86577],[-97.16722,49.86617],[-97.16704,49.86623],[-97.16735,49.86663],[-97.16879,49.86615],[-97.16848,49.86575],[-97.16852,49.86574],[-97.1682,49.86533],[-97.16965,49.86486],[-97.16869,49.86365],[-97.16975,49.8633],[-97.16946,49.86294],[-97.17041,49.86263],[-97.1707,49.86299],[-97.17064,49.86301],[-97.17095,49.8634],[-97.17222,49.86298],[-97.17237,49.86317],[-97.17222,49.86331],[-97.17279,49.86356],[-97.17334,49.86304],[-97.17338,49.86297],[-97.17425,49.86267],[-97.17494,49.86294],[-97.17494,49.863],[-97.17525,49.86299],[-97.17563,49.863],[-97.17568,49.86233],[-97.17707,49.86238],[-97.17714,49.86154],[-97.1779,49.86157],[-97.17791,49.86155],[-97.17862,49.86158],[-97.17855,49.86248],[-97.17991,49.86253],[-97.17985,49.86315],[-97.18121,49.8632],[-97.18128,49.86249],[-97.18265,49.86254],[-97.18272,49.86167],[-97.1841,49.86172],[-97.18403,49.8626],[-97.18473,49.86263],[-97.18472,49.8627],[-97.1854,49.86272],[-97.18535,49.86335],[-97.18667,49.8634],[-97.18672,49.86276],[-97.18736,49.86278],[-97.18737,49.86271],[-97.188,49.86274],[-97.18824,49.86003],[-97.18951,49.86009],[-97.18939,49.86138],[-97.18926,49.86287],[-97.18988,49.8629],[-97.18989,49.86283],[-97.1905,49.86286],[-97.19044,49.86354],[-97.19043,49.86381],[-97.19112,49.86383],[-97.19112,49.8638],[-97.1918,49.86382],[-97.19189,49.86287],[-97.19258,49.8629],[-97.19258,49.86295],[-97.19326,49.86298],[-97.19334,49.8621],[-97.19403,49.86212],[-97.19389,49.86367],[-97.19577,49.86375],[-97.19582,49.86311],[-97.19658,49.86314],[-97.19652,49.86377],[-97.19887,49.86386],[-97.19942,49.86388],[-97.19952,49.86276],[-97.20073,49.8628],[-97.20081,49.86198],[-97.20144,49.86201],[-97.20145,49.86194],[-97.20204,49.86196],[-97.20217,49.86057],[-97.20258,49.86059],[-97.20232,49.86348],[-97.20377,49.86353],[-97.20384,49.86271],[-97.20461,49.86275],[-97.2048,49.86075],[-97.20491,49.86068],[-97.20553,49.86071],[-97.2052,49.86412],[-97.20518,49.86439],[-97.20597,49.86442],[-97.206,49.86415],[-97.20602,49.86386],[-97.20604,49.86363],[-97.20637,49.86366],[-97.20663,49.8637],[-97.2068,49.86373],[-97.20695,49.8623],[-97.20708,49.86085],[-97.21177,49.86104],[-97.21175,49.86124],[-97.21259,49.86127],[-97.213,49.86084],[-97.21339,49.86086],[-97.21348,49.8599],[-97.21416,49.85993],[-97.21417,49.85975],[-97.2149,49.85971],[-97.21495,49.86015],[-97.21654,49.86006],[-97.2166,49.8605],[-97.21656,49.8605],[-97.21652,49.86095],[-97.21749,49.86089],[-97.21754,49.86133],[-97.21766,49.86133],[-97.21762,49.86173],[-97.2189,49.86178],[-97.21971,49.86238],[-97.21978,49.86259],[-97.21971,49.86336],[-97.22035,49.86338],[-97.22053,49.86339],[-97.22053,49.86338],[-97.22131,49.86341],[-97.22129,49.86368],[-97.22201,49.8637],[-97.22201,49.86367],[-97.22274,49.8637],[-97.22278,49.86372],[-97.22274,49.86418],[-97.22343,49.86424],[-97.22412,49.86434],[-97.22415,49.86402],[-97.2242,49.86402],[-97.22423,49.8636],[-97.22496,49.86363],[-97.22498,49.86349],[-97.22571,49.86352],[-97.22577,49.86281],[-97.2265,49.86284],[-97.2265,49.86286],[-97.22722,49.86289],[-97.22716,49.86374],[-97.22794,49.86377],[-97.22794,49.86372],[-97.22872,49.86375],[-97.22865,49.86448],[-97.22868,49.86448],[-97.22862,49.8651],[-97.2298,49.86514],[-97.22954,49.86707],[-97.2383,49.86739],[-97.2392,49.85822],[-97.23419,49.85804],[-97.23447,49.8551],[-97.23446,49.85507],[-97.23445,49.85505],[-97.23443,49.85503],[-97.23442,49.85502],[-97.23439,49.855],[-97.23437,49.85499],[-97.23434,49.85498],[-97.23432,49.85498],[-97.23429,49.85497],[-97.23074,49.85484],[-97.23084,49.85378],[-97.22878,49.8537],[-97.22883,49.85329],[-97.22885,49.853],[-97.22813,49.85298],[-97.22814,49.85291],[-97.2282,49.85277],[-97.22826,49.85242],[-97.22691,49.8521],[-97.22698,49.85194],[-97.22632,49.85183],[-97.22632,49.85183],[-97.2257,49.85172],[-97.22561,49.85192],[-97.22505,49.85176],[-97.22442,49.85168],[-97.22384,49.85168],[-97.22378,49.85233],[-97.2231,49.8523],[-97.22307,49.85265],[-97.22306,49.85269],[-97.22309,49.85275],[-97.22318,49.85278],[-97.22332,49.85278],[-97.22325,49.85319],[-97.22228,49.85313],[-97.22241,49.8518],[-97.22162,49.85177],[-97.2216,49.85194],[-97.22074,49.8519],[-97.22076,49.85174],[-97.22008,49.85171],[-97.21941,49.85168],[-97.21949,49.85077],[-97.21882,49.85074],[-97.21887,49.85011],[-97.21718,49.85024],[-97.2167,49.85029],[-97.21564,49.85042],[-97.21409,49.85062],[-97.21279,49.85056],[-97.20729,49.85035],[-97.20304,49.85018],[-97.20317,49.85049],[-97.20327,49.8508],[-97.2033,49.85105],[-97.20331,49.85133],[-97.20322,49.85213],[-97.20238,49.8521],[-97.20238,49.85204],[-97.20171,49.85201],[-97.20178,49.85119],[-97.20118,49.85117],[-97.20117,49.85119],[-97.20057,49.85116],[-97.20064,49.85032],[-97.19914,49.85025],[-97.19916,49.85002],[-97.19926,49.85002],[-97.19933,49.84925],[-97.19873,49.84923],[-97.19866,49.85],[-97.19843,49.84999],[-97.19837,49.85059],[-97.19772,49.85056],[-97.19773,49.8505],[-97.19681,49.85047],[-97.19686,49.84993],[-97.19561,49.84989],[-97.1954,49.8499],[-97.19511,49.84992],[-97.19499,49.85138],[-97.1943,49.85135],[-97.19438,49.85047],[-97.19369,49.85045],[-97.19369,49.85038],[-97.19301,49.85035],[-97.19306,49.84985],[-97.19236,49.84991],[-97.19163,49.84998],[-97.19162,49.85027],[-97.18972,49.85043],[-97.18779,49.85061],[-97.18503,49.85087],[-97.18435,49.85093],[-97.18361,49.8511],[-97.18083,49.85162],[-97.18077,49.85233],[-97.17869,49.85226],[-97.17884,49.85048],[-97.17593,49.85076],[-97.17528,49.85082],[-97.17345,49.85105],[-97.15955,49.85235],[-97.1569,49.8526],[-97.15566,49.85271],[-97.15533,49.85275],[-97.1549,49.85286],[-97.15447,49.85302],[-97.15401,49.85326],[-97.15378,49.85338],[-97.15309,49.85386],[-97.15284,49.85405],[-97.15251,49.85424],[-97.15232,49.85394],[-97.15187,49.85313],[-97.15182,49.85272],[-97.15184,49.85268],[-97.15202,49.85208],[-97.15567,49.85086],[-97.15595,49.85122],[-97.15771,49.85064],[-97.15883,49.85026],[-97.15909,49.85058],[-97.16232,49.84948],[-97.16208,49.84916],[-97.16408,49.84848],[-97.16633,49.84771],[-97.1706,49.84627],[-97.17009,49.8456],[-97.17954,49.84241],[-97.17957,49.84181],[-97.17807,49.84232],[-97.17757,49.8417],[-97.17834,49.84144],[-97.17743,49.84031],[-97.1776,49.84026],[-97.17673,49.83918],[-97.17809,49.83872],[-97.17881,49.83873],[-97.17768,49.83734],[-97.17471,49.83835],[-97.17233,49.83915],[-97.17135,49.83793],[-97.17173,49.8378],[-97.17064,49.83645],[-97.16864,49.83713],[-97.16801,49.83637],[-97.17227,49.83494],[-97.16928,49.83125],[-97.17089,49.8307],[-97.17028,49.82995],[-97.16952,49.8302],[-97.16894,49.82949],[-97.1681,49.82978],[-97.16679,49.82815],[-97.16803,49.82772],[-97.1671,49.82658],[-97.16631,49.82685],[-97.16508,49.82534],[-97.16032,49.82696],[-97.16034,49.82698],[-97.16052,49.82697],[-97.16071,49.82698],[-97.16092,49.82701],[-97.16107,49.82704],[-97.1612,49.82709],[-97.16135,49.82715],[-97.16153,49.82726],[-97.16171,49.8274],[-97.16202,49.82782],[-97.16118,49.8281],[-97.16089,49.82773],[-97.16118,49.82765],[-97.16086,49.82725],[-97.16011,49.82751],[-97.1598,49.82713],[-97.15817,49.82769],[-97.1582,49.82773],[-97.15732,49.82802],[-97.15763,49.82838],[-97.15752,49.82842],[-97.15789,49.82886],[-97.15812,49.82913],[-97.15783,49.82924],[-97.15759,49.82895],[-97.15732,49.82905],[-97.15727,49.82898],[-97.15718,49.82901],[-97.15689,49.82866],[-97.15662,49.82875],[-97.15662,49.82872],[-97.15575,49.82901],[-97.15585,49.82786],[-97.15613,49.82501],[-97.1572,49.82468],[-97.16292,49.82275],[-97.16263,49.8224],[-97.16332,49.82217],[-97.16448,49.82159],[-97.16552,49.82109],[-97.1641,49.81934],[-97.1564,49.82196],[-97.15668,49.81868],[-97.15687,49.8167],[-97.16592,49.81489],[-97.16571,49.81445],[-97.16574,49.81444],[-97.16558,49.8141],[-97.16433,49.81434],[-97.16394,49.81354],[-97.16559,49.81321],[-97.16567,49.81337],[-97.16579,49.81362],[-97.16614,49.81355],[-97.16625,49.81379],[-97.16726,49.81359],[-97.16678,49.81254],[-97.16575,49.81274],[-97.16275,49.81334],[-97.16252,49.81286],[-97.16227,49.81234],[-97.16219,49.81214],[-97.16217,49.81204],[-97.16211,49.81178],[-97.16209,49.81168],[-97.16209,49.81157],[-97.16223,49.81157],[-97.16228,49.81158],[-97.16245,49.81159],[-97.16253,49.81159],[-97.16268,49.8116],[-97.16283,49.8116],[-97.16301,49.8116],[-97.1631,49.8116],[-97.16325,49.81159],[-97.16339,49.81157],[-97.1635,49.81156],[-97.1636,49.81155],[-97.16374,49.81153],[-97.16381,49.81151],[-97.16364,49.81115],[-97.16358,49.81116],[-97.16345,49.81081],[-97.16339,49.81082],[-97.16333,49.81083],[-97.16328,49.81083],[-97.16323,49.81084],[-97.16314,49.81049],[-97.16318,49.81048],[-97.16307,49.81011],[-97.16313,49.8101],[-97.1632,49.81009],[-97.16337,49.81005],[-97.16357,49.81001],[-97.16373,49.80997],[-97.16383,49.80995],[-97.16394,49.80991],[-97.16399,49.8099],[-97.16407,49.80987],[-97.16411,49.80986],[-97.16418,49.80983],[-97.16425,49.80981],[-97.16432,49.80978],[-97.1644,49.80974],[-97.16451,49.80969],[-97.16458,49.80965],[-97.16423,49.80938],[-97.16431,49.80934],[-97.1642,49.80926],[-97.16393,49.80907],[-97.164,49.80903],[-97.16404,49.80901],[-97.16409,49.80897],[-97.16414,49.80895],[-97.16418,49.80894],[-97.16423,49.80892],[-97.16431,49.8089],[-97.16438,49.80889],[-97.16441,49.80889],[-97.16445,49.80889],[-97.16453,49.80889],[-97.16457,49.80889],[-97.16462,49.8089],[-97.16466,49.8089],[-97.1647,49.80891],[-97.16476,49.80893],[-97.1648,49.80894],[-97.16488,49.80897],[-97.16516,49.80866],[-97.16513,49.80865],[-97.1654,49.80834],[-97.16588,49.80852],[-97.16618,49.80819],[-97.16601,49.80812],[-97.16611,49.80805],[-97.16602,49.80762],[-97.16678,49.80736],[-97.16646,49.80697],[-97.16666,49.8069],[-97.16685,49.80684],[-97.16698,49.80679],[-97.16698,49.80679],[-97.16753,49.8066],[-97.16728,49.8062],[-97.16681,49.80607],[-97.16536,49.80595],[-97.16493,49.80581],[-97.16485,49.80573],[-97.16463,49.80551],[-97.16445,49.80534],[-97.16458,49.80526],[-97.1647,49.80517],[-97.16485,49.80501],[-97.16502,49.80487],[-97.16509,49.80478],[-97.16521,49.80458],[-97.16532,49.80433],[-97.16537,49.8042],[-97.16547,49.80316],[-97.16652,49.80321],[-97.16656,49.80282],[-97.16666,49.80283],[-97.16675,49.80181],[-97.16561,49.80176],[-97.16568,49.8011],[-97.16552,49.80064],[-97.16519,49.80022],[-97.16505,49.80005],[-97.16468,49.79956],[-97.16366,49.79826],[-97.16488,49.79784],[-97.16455,49.79744],[-97.16486,49.79733],[-97.16454,49.79693],[-97.16452,49.79694],[-97.16421,49.79656],[-97.1644,49.7965],[-97.16436,49.79645],[-97.16456,49.79638],[-97.16441,49.79619],[-97.16518,49.79593],[-97.16512,49.79575],[-97.1661,49.79562],[-97.16597,49.79522],[-97.16539,49.7945],[-97.16538,49.79449],[-97.16537,49.79447],[-97.16537,49.79444],[-97.16514,49.79416],[-97.16671,49.79363],[-97.16641,49.79326],[-97.16613,49.79292],[-97.1664,49.79283],[-97.16613,49.7925],[-97.16617,49.79248],[-97.1659,49.79214],[-97.16619,49.79204],[-97.16649,49.79194],[-97.16664,49.79189],[-97.16693,49.79179],[-97.1666,49.79137],[-97.16683,49.7913],[-97.16649,49.79088],[-97.16564,49.79117],[-97.16536,49.79084],[-97.16508,49.79093],[-97.16511,49.79098],[-97.16459,49.79116],[-97.16508,49.79176],[-97.16462,49.79192],[-97.16388,49.79102],[-97.16197,49.79167],[-97.16192,49.79159],[-97.16186,49.79146],[-97.16181,49.79124],[-97.16179,49.7911],[-97.16179,49.79096],[-97.1618,49.7908],[-97.16182,49.79065],[-97.16186,49.79036],[-97.16193,49.78988],[-97.16193,49.7898],[-97.16193,49.7896],[-97.16188,49.78933],[-97.16178,49.78911],[-97.16246,49.78887],[-97.16229,49.78866],[-97.16324,49.78833],[-97.16248,49.7874],[-97.16257,49.78735],[-97.16274,49.7872],[-97.16279,49.78715],[-97.16349,49.78746],[-97.16465,49.78749],[-97.16425,49.78637],[-97.16483,49.78629],[-97.16471,49.78596],[-97.16557,49.78598],[-97.16559,49.78559],[-97.16559,49.78559],[-97.16561,49.78521],[-97.16403,49.78517],[-97.16396,49.7848],[-97.16389,49.7848],[-97.16382,49.7844],[-97.1636,49.78439],[-97.16333,49.78448],[-97.16309,49.7842],[-97.16248,49.78441],[-97.16241,49.7843],[-97.16172,49.78453],[-97.16125,49.78396],[-97.15984,49.78391],[-97.16006,49.78142],[-97.16047,49.78127],[-97.16082,49.78115],[-97.16123,49.78101],[-97.16158,49.78088],[-97.16182,49.7808],[-97.16205,49.78072],[-97.16225,49.78065],[-97.16248,49.78057],[-97.16293,49.78041],[-97.16338,49.78025],[-97.16427,49.77994],[-97.16434,49.78012],[-97.16496,49.78003],[-97.16492,49.77993],[-97.16565,49.77982],[-97.16553,49.77949],[-97.16498,49.77906],[-97.16486,49.77897],[-97.16526,49.77874],[-97.16533,49.77879],[-97.1654,49.77872],[-97.16545,49.77866],[-97.1655,49.77862],[-97.16555,49.77857],[-97.1656,49.77853],[-97.16567,49.77848],[-97.16528,49.77823],[-97.16525,49.77824],[-97.16489,49.77802],[-97.16498,49.77796],[-97.16506,49.77792],[-97.16515,49.77787],[-97.16523,49.77783],[-97.16538,49.77777],[-97.16505,49.7774],[-97.16512,49.77737],[-97.16481,49.77701]],[[-97.2748,49.85802],[-97.27506,49.85803],[-97.27502,49.85846],[-97.27476,49.85851],[-97.2748,49.85802]],[[-97.17873,49.87845],[-97.17894,49.87853],[-97.17906,49.87861],[-97.17916,49.87871],[-97.17921,49.87876],[-97.17925,49.87879],[-97.17925,49.87882],[-97.17921,49.87933],[-97.17866,49.87932],[-97.17868,49.87906],[-97.17825,49.87904],[-97.17826,49.87896],[-97.17812,49.87896],[-97.17813,49.87886],[-97.1787,49.87882],[-97.17873,49.87845]],[[-97.17125,49.89109],[-97.17125,49.89109],[-97.17125,49.89109],[-97.17125,49.89109],[-97.17125,49.89109]],[[-97.15829,49.90704],[-97.15986,49.90754],[-97.15929,49.90828],[-97.16002,49.90852],[-97.15962,49.90902],[-97.16235,49.90989],[-97.16211,49.91017],[-97.1616,49.91002],[-97.16135,49.91035],[-97.16085,49.91021],[-97.16061,49.91051],[-97.16262,49.91116],[-97.1614,49.91274],[-97.15349,49.91021],[-97.15389,49.90969],[-97.15577,49.91029],[-97.15682,49.90892],[-97.15633,49.90875],[-97.15659,49.9084],[-97.15609,49.90824],[-97.15631,49.90795],[-97.15611,49.90789],[-97.1563,49.90765],[-97.15642,49.90769],[-97.15662,49.90743],[-97.15659,49.90742],[-97.15688,49.90706],[-97.15799,49.90741],[-97.15829,49.90704]],[[-97.15914,49.91748],[-97.16067,49.91797],[-97.15956,49.9194],[-97.15899,49.92015],[-97.15899,49.92015],[-97.15952,49.92032],[-97.15925,49.92067],[-97.1603,49.92101],[-97.16001,49.92138],[-97.16005,49.92139],[-97.15977,49.92175],[-97.1609,49.92212],[-97.16062,49.92248],[-97.16034,49.92285],[-97.16059,49.92293],[-97.16008,49.92357],[-97.1596,49.92341],[-97.15935,49.92333],[-97.1591,49.92365],[-97.15908,49.92365],[-97.1588,49.92402],[-97.15993,49.92438],[-97.15968,49.92471],[-97.15943,49.92503],[-97.1603,49.92532],[-97.16005,49.92564],[-97.16008,49.92565],[-97.15977,49.92604],[-97.16045,49.92627],[-97.16038,49.92632],[-97.16103,49.92654],[-97.16076,49.92689],[-97.16051,49.92721],[-97.16045,49.92719],[-97.1602,49.92752],[-97.16026,49.92754],[-97.16,49.92786],[-97.15925,49.92762],[-97.159,49.92794],[-97.1589,49.92791],[-97.15854,49.92837],[-97.1578,49.92813],[-97.15758,49.92806],[-97.15697,49.92843],[-97.15624,49.92886],[-97.15646,49.92894],[-97.15669,49.9288],[-97.15712,49.92893],[-97.15711,49.92895],[-97.15764,49.92912],[-97.15708,49.92986],[-97.15762,49.93003],[-97.15768,49.92996],[-97.15819,49.93012],[-97.15729,49.93129],[-97.15677,49.93112],[-97.15672,49.93118],[-97.15619,49.93101],[-97.15577,49.93154],[-97.15563,49.93172],[-97.15511,49.93155],[-97.15512,49.93154],[-97.1546,49.93137],[-97.15427,49.93178],[-97.15374,49.93162],[-97.1536,49.9318],[-97.15365,49.93182],[-97.15335,49.93222],[-97.15468,49.93265],[-97.15437,49.93305],[-97.1544,49.93306],[-97.15407,49.9335],[-97.15448,49.93363],[-97.15512,49.93383],[-97.15425,49.93496],[-97.15431,49.93498],[-97.15405,49.9353],[-97.15369,49.93518],[-97.15308,49.93499],[-97.15284,49.9353],[-97.15287,49.93531],[-97.15271,49.93551],[-97.15231,49.93601],[-97.15046,49.93542],[-97.15015,49.93584],[-97.15015,49.93584],[-97.14983,49.93625],[-97.1511,49.93665],[-97.15081,49.93702],[-97.15088,49.93705],[-97.15053,49.9375],[-97.15102,49.93766],[-97.15068,49.93808],[-97.15089,49.93815],[-97.15084,49.93822],[-97.15208,49.93863],[-97.15153,49.93935],[-97.15191,49.93948],[-97.15161,49.93987],[-97.15141,49.93981],[-97.15114,49.94017],[-97.15086,49.94008],[-97.15069,49.9403],[-97.15124,49.94048],[-97.15114,49.94061],[-97.15058,49.94043],[-97.15058,49.94043],[-97.1499,49.94107],[-97.1494,49.94086],[-97.14936,49.9409],[-97.14881,49.94067],[-97.14863,49.94083],[-97.14852,49.94098],[-97.14823,49.94135],[-97.14753,49.94226],[-97.14634,49.94188],[-97.14514,49.94151],[-97.14486,49.94186],[-97.14649,49.94238],[-97.14565,49.94346],[-97.14619,49.94364],[-97.14584,49.94409],[-97.14564,49.94421],[-97.1452,49.94448],[-97.14473,49.94477],[-97.14515,49.94506],[-97.14512,49.94508],[-97.14554,49.94536],[-97.14496,49.94571],[-97.14539,49.946],[-97.14557,49.94589],[-97.14601,49.94618],[-97.1454,49.94655],[-97.14481,49.94637],[-97.14482,49.94635],[-97.1449,49.9463],[-97.14447,49.94602],[-97.1442,49.94618],[-97.14378,49.94591],[-97.14382,49.94589],[-97.14339,49.9456],[-97.14228,49.94627],[-97.14144,49.94572],[-97.14094,49.94603],[-97.13892,49.94538],[-97.13914,49.9451],[-97.1402,49.94444],[-97.14061,49.9447],[-97.14089,49.94453],[-97.14097,49.94458],[-97.14142,49.94431],[-97.14124,49.9442],[-97.14106,49.94404],[-97.14158,49.94358],[-97.14159,49.94357],[-97.14106,49.9434],[-97.141,49.94346],[-97.14089,49.94354],[-97.14037,49.94337],[-97.14012,49.94369],[-97.1397,49.94356],[-97.13994,49.94323],[-97.13978,49.94318],[-97.14006,49.94283],[-97.13917,49.94254],[-97.13943,49.9422],[-97.1396,49.94225],[-97.13988,49.94189],[-97.13897,49.94159],[-97.13952,49.94088],[-97.14122,49.94143],[-97.14137,49.94123],[-97.14247,49.94158],[-97.14277,49.94119],[-97.14304,49.94084],[-97.14202,49.94051],[-97.14228,49.94017],[-97.14209,49.94011],[-97.14235,49.93976],[-97.14068,49.93923],[-97.1407,49.93921],[-97.14071,49.93919],[-97.13997,49.93896],[-97.14455,49.93611],[-97.14426,49.93601],[-97.14459,49.93559],[-97.14513,49.93576],[-97.14622,49.93508],[-97.14725,49.93541],[-97.14787,49.93458],[-97.14626,49.93407],[-97.1468,49.93336],[-97.14654,49.93328],[-97.14677,49.93298],[-97.14582,49.93266],[-97.14608,49.93234],[-97.14615,49.93236],[-97.14642,49.93201],[-97.14667,49.9321],[-97.14697,49.93171],[-97.14728,49.9318],[-97.14758,49.93141],[-97.14855,49.93172],[-97.14888,49.9313],[-97.14895,49.93132],[-97.14927,49.93091],[-97.15043,49.93128],[-97.15073,49.93088],[-97.14826,49.93009],[-97.14903,49.92912],[-97.15009,49.92946],[-97.15023,49.92928],[-97.14971,49.92912],[-97.15004,49.92869],[-97.1495,49.92852],[-97.14979,49.92814],[-97.15031,49.92831],[-97.15094,49.92752],[-97.15199,49.92786],[-97.1525,49.92719],[-97.15357,49.92754],[-97.15368,49.92738],[-97.15351,49.92732],[-97.15385,49.92685],[-97.15241,49.92639],[-97.15277,49.92593],[-97.15302,49.92561],[-97.15337,49.92572],[-97.15362,49.9254],[-97.15366,49.92541],[-97.1539,49.92508],[-97.15492,49.92541],[-97.15517,49.92508],[-97.15549,49.92466],[-97.15414,49.92422],[-97.15444,49.92383],[-97.15329,49.92345],[-97.1538,49.9228],[-97.15518,49.92325],[-97.15543,49.92293],[-97.15655,49.9233],[-97.15684,49.92293],[-97.1573,49.92233],[-97.1563,49.92201],[-97.15659,49.92164],[-97.15548,49.92129],[-97.15603,49.92055],[-97.15703,49.92087],[-97.15731,49.92051],[-97.15593,49.92007],[-97.15647,49.91935],[-97.15893,49.92013],[-97.15919,49.9198],[-97.15799,49.91942],[-97.15829,49.91903],[-97.15839,49.91906],[-97.15876,49.91857],[-97.15839,49.91845],[-97.15914,49.91748]],[[-97.13492,49.94205],[-97.13656,49.94257],[-97.1363,49.94287],[-97.13604,49.9432],[-97.13603,49.94321],[-97.13661,49.9434],[-97.13638,49.94368],[-97.13601,49.94355],[-97.13574,49.9439],[-97.13559,49.94386],[-97.13531,49.94421],[-97.13278,49.9434],[-97.13492,49.94205]]]]}}]}