{"type":"FeatureCollection","features":[{"type":"Feature","geometry":{"type":"Point","coordinates":[-97.1516838653,49.817611138]},"properties":{"stop_id":"60140","stop_code":"60140","stop_name":"Northbound Pembina at University Crescent","routes":"676, F8"}},{"type":"Feature","geometry":{"type":"Point","coordinates":[-97.151496587,49.8181478535]},"properties":{"stop_id":"60141","stop_code":"60141","stop_name":"Northbound University at Pembina","routes":"679, 889"}},{"type":"Feature","geometry":{"type":"Point","coordinates":[-97.1887281197,49.9349160901]},"properties":{"stop_id":"30685","stop_code":"30685","stop_name":"Eastbound Tyndall at Chudley","routes":"833"}},{"type":"Feature","geometry":{"type":"Point","coordinates":[-97.1515286762,49.8184002294]},"properties":{"stop_id":"60911","stop_code":"60911","stop_name":"Northbound University at Pembina South","routes":"F9"}},{"type":"Feature","geometry":{"type":"Point","coordinates":[-97.1905608423,49.8178028127]},"properties":{"stop_id":"60913","stop_code":"60913","stop_name":"Westbound Scurfield at Dovercourt","routes":"649, 691"}},{"type":"Feature","geometry":{"type":"Point","coordinates":[-97.1902985331,49.8177537354]},"properties":{"stop_id":"60912","stop_code":"60912","stop_name":"Eastbound Scurfield at Dovercourt","routes":"642, 649, 691"}},{"type":"Feature","geometry":{"type":"Point","coordinates":[-97.1514721426,49.8231667368]},"properties":{"stop_id":"60914","stop_code":"60914","stop_name":"Eastbound Plaza at Pembina","routes":"556"}},{"type":"Feature","geometry":{"type":"Point","coordinates":[-97.1475969547,49.8219713823]},"properties":{"stop_id":"60916","stop_code":"60916","stop_name":"Northbound Plaza at Plaza Terminal","routes":"556"}},{"type":"Feature","geometry":{"type":"Point","coordinates":[-97.1519432107,49.8232102415]},"properties":{"stop_id":"60919","stop_code":"60919","stop_name":"Westbound Plaza at Pembina","routes":"556"}},{"type":"Feature","geometry":{"type":"Point","coordinates":[-97.130712819,49.8451950965]},"properties":{"stop_id":"60797","stop_code":"60797","stop_name":"Eastbound South at Wildwood H","routes":"694"}},{"type":"Feature","geometry":{"type":"Point","coordinates":[-97.293230568,49.8801144399]},"properties":{"stop_id":"20521","stop_code":"20521","stop_name":"Northbound Westwood at Byrd","routes":"885"}},{"type":"Feature","geometry":{"type":"Point","coordinates":[-97.1788624116,49.7876115899]},"properties":{"stop_id":"61178","stop_code":"61178","stop_name":"Eastbound John Angus at Gelley","routes":"671"}},{"type":"Feature","geometry":{"type":"Point","coordinates":[-97.1748699412,49.7881153708]},"properties":{"stop_id":"61179","stop_code":"61179","stop_name":"Eastbound John Angus at Brookstone","routes":"671"}},{"type":"Feature","geometry":{"type":"Point","coordinates":[-97.0642183425,49.8271909487]},"properties":{"stop_id":"51069","stop_code":"51069","stop_name":"Northbound Evelyne Reese at Bonaventure","routes":"557"}},{"type":"Feature","geometry":{"type":"Point","coordinates":[-97.0638054216,49.8246473977]},"properties":{"stop_id":"51068","stop_code":"51068","stop_name":"Northbound Evelyne Reese at Geneva","routes":"557"}},{"type":"Feature","geometry":{"type":"Point","coordinates":[-97.0545398104,49.8227019228]},"properties":{"stop_id":"51065","stop_code":"51065","stop_name":"Westbound Jack Reimer at De La Seigneurie","routes":"557"}},{"type":"Feature","geometry":{"type":"Point","coordinates":[-97.0548145295,49.8248653886]},"properties":{"stop_id":"51064","stop_code":"51064","stop_name":"Southbound De La Seigneurie at Lucerne","routes":"557"}},{"type":"Feature","geometry":{"type":"Point","coordinates":[-97.0787464812,49.881979573]},"properties":{"stop_id":"50640","stop_code":"50640","stop_name":"Westbound Marion at Turenne","routes":"551, D14"}},{"type":"Feature","geometry":{"type":"Point","coordinates":[-97.1221063115,49.8870807546]},"properties":{"stop_id":"50641","stop_code":"50641","stop_name":"Eastbound Despins at Valade","routes":"888"}},{"type":"Feature","geometry":{"type":"Point","coordinates":[-97.0434612263,49.8288387259]},"properties":{"stop_id":"51061","stop_code":"51061","stop_name":"Southbound Des Hivernants at Ironweed","routes":"557"}},{"type":"Feature","geometry":{"type":"Point","coordinates":[-97.0484207288,49.8282658398]},"properties":{"stop_id":"51060","stop_code":"51060","stop_name":"Eastbound Warde at Lagimodiere","routes":"557"}},{"type":"Feature","geometry":{"type":"Point","coordinates":[-97.1188028452,49.887539833]},"properties":{"stop_id":"50644","stop_code":"50644","stop_name":"Southbound Aulneau at Despins","routes":"888"}},{"type":"Feature","geometry":{"type":"Point","coordinates":[-97.11851282,49.8853313317]},"properties":{"stop_id":"50645","stop_code":"50645","stop_name":"Southbound Aulneau at Dollard","routes":"888"}},{"type":"Feature","geometry":{"type":"Point","coordinates":[-97.1622767769,49.8345017426]},"properties":{"stop_id":"61206","stop_code":"61206","stop_name":"Northbound Southwest Transitway at Clarence Station","routes":"690, 691, BLUE"}},{"type":"Feature","geometry":{"type":"Point","coordinates":[-97.161793208,49.8336845047]},"properties":{"stop_id":"61207","stop_code":"61207","stop_name":"Southbound Southwest Transitway at Clarence Station","routes":"690, 691, BLUE"}},{"type":"Feature","geometry":{"type":"Point","coordinates":[-97.1691977891,49.8430937948]},"properties":{"stop_id":"61204","stop_code":"61204","stop_name":"Northbound Southwest Transitway at Seel Station","routes":"BLUE"}},{"type":"Feature","geometry":{"type":"Point","coordinates":[-97.1687011391,49.8422493957]},"properties":{"stop_id":"61205","stop_code":"61205","stop_name":"Southbound Southwest Transitway at Seel Station","routes":"28, 642, 649, 650, 679, 680, 690, 691, 694, BLUE"}},{"type":"Feature","geometry":{"type":"Point","coordinates":[-97.165437599,49.8487281283]},"properties":{"stop_id":"61202","stop_code":"61202","stop_name":"Northbound Southwest Transitway at Beaumont Station","routes":"649, BLUE, D11"}},{"type":"Feature","geometry":{"type":"Point","coordinates":[-97.166249398,49.8485970723]},"properties":{"stop_id":"61203","stop_code":"61203","stop_name":"Southbound Southwest Transitway at Beaumont Station","routes":"641, 649, 677, BLUE"}},{"type":"Feature","geometry":{"type":"Point","coordinates":[-97.1927325137,49.8166044225]},"properties":{"stop_id":"61201","stop_code":"61201","stop_name":"Northbound Henlow at Scurfield","routes":"642, 690"}},{"type":"Feature","geometry":{"type":"Point","coordinates":[-97.1880644923,49.8466649037]},"properties":{"stop_id":"61101","stop_code":"61101","stop_name":"Eastbound Wilkes at Brockville East","routes":"677"}},{"type":"Feature","geometry":{"type":"Point","coordinates":[-97.1589791197,49.8305184739]},"properties":{"stop_id":"61208","stop_code":"61208","stop_name":"Northbound Southwest Transitway at Chevrier Station","routes":"691, BLUE"}},{"type":"Feature","geometry":{"type":"Point","coordinates":[-97.158735211,49.8299838828]},"properties":{"stop_id":"61209","stop_code":"61209","stop_name":"Southbound Southwest Transitway at Chevrier Station","routes":"691, BLUE"}},{"type":"Feature","geometry":{"type":"Point","coordinates":[-97.1695719251,49.8258201644]},"properties":{"stop_id":"61197","stop_code":"61197","stop_name":"Westbound Chevrier at Hamelin","routes":"649, 691"}},{"type":"Feature","geometry":{"type":"Point","coordinates":[-97.1977961349,49.8277383382]},"properties":{"stop_id":"61192","stop_code":"61192","stop_name":"Northbound Lindenwood at Lindenwood","routes":"641"}},{"type":"Feature","geometry":{"type":"Point","coordinates":[-97.1832468526,49.7814558845]},"properties":{"stop_id":"61190","stop_code":"61190","stop_name":"Northbound John Angus at Waverley","routes":"671"}},{"type":"Feature","geometry":{"type":"Point","coordinates":[-97.1574063754,49.9380469012]},"properties":{"stop_id":"30447","stop_code":"30447","stop_name":"Eastbound Inkster at Wiginton","routes":"39"}},{"type":"Feature","geometry":{"type":"Point","coordinates":[-97.2071345499,49.8508297351]},"properties":{"stop_id":"60352","stop_code":"60352","stop_name":"Northbound Kenaston at Taylor","routes":"74"}},{"type":"Feature","geometry":{"type":"Point","coordinates":[-97.147233063,49.9347633249]},"properties":{"stop_id":"30444","stop_code":"30444","stop_name":"Eastbound Inkster at Sinclair","routes":"28, 39"}},{"type":"Feature","geometry":{"type":"Point","coordinates":[-97.1782891647,49.8228814003]},"properties":{"stop_id":"61198","stop_code":"61198","stop_name":"Westbound Chevrier at Gamble","routes":"691"}},{"type":"Feature","geometry":{"type":"Point","coordinates":[-96.9842940429,49.896015622]},"properties":{"stop_id":"40024","stop_code":"40024","stop_name":"Westbound Victoria at Minikada","routes":"FX3"}},{"type":"Feature","geometry":{"type":"Point","coordinates":[-97.2184230234,49.9024733092]},"properties":{"stop_id":"20523","stop_code":"20523","stop_name":"Westbound Wellington at Flight","routes":"224, D12, D13"}},{"type":"Feature","geometry":{"type":"Point","coordinates":[-97.133000385,49.9208083764]},"properties":{"stop_id":"30115","stop_code":"30115","stop_name":"Westbound Mountain at Aikins","routes":"38"}},{"type":"Feature","geometry":{"type":"Point","coordinates":[-97.1991080814,49.8126290447]},"properties":{"stop_id":"60829","stop_code":"60829","stop_name":"Northbound Columbia at Exbury","routes":"649, 650, 691"}},{"type":"Feature","geometry":{"type":"Point","coordinates":[-97.1988991493,49.8122659896]},"properties":{"stop_id":"60828","stop_code":"60828","stop_name":"Southbound Columbia at Exbury","routes":"649, 650"}},{"type":"Feature","geometry":{"type":"Point","coordinates":[-97.1931300729,49.8167545521]},"properties":{"stop_id":"60825","stop_code":"60825","stop_name":"Eastbound Scurfield at Henlow West","routes":"649, 690, 691"}},{"type":"Feature","geometry":{"type":"Point","coordinates":[-97.1938250943,49.8167564071]},"properties":{"stop_id":"60826","stop_code":"60826","stop_name":"Westbound Scurfield at Henlow","routes":"649, 691"}},{"type":"Feature","geometry":{"type":"Point","coordinates":[-97.1715321891,49.8405761]},"properties":{"stop_id":"60821","stop_code":"60821","stop_name":"Southbound Fennell at Seel","routes":"694"}},{"type":"Feature","geometry":{"type":"Point","coordinates":[-97.1690380936,49.8377481957]},"properties":{"stop_id":"60820","stop_code":"60820","stop_name":"Northbound Fennell at Buffalo","routes":"694"}},{"type":"Feature","geometry":{"type":"Point","coordinates":[-97.1645060499,49.8318206058]},"properties":{"stop_id":"60823","stop_code":"60823","stop_name":"Eastbound Clarence at Irene","routes":"694"}},{"type":"Feature","geometry":{"type":"Point","coordinates":[-97.1688753979,49.8372688825]},"properties":{"stop_id":"60822","stop_code":"60822","stop_name":"Southbound Fennell at Buffalo","routes":"694"}},{"type":"Feature","geometry":{"type":"Point","coordinates":[-97.1565532545,49.8149543005]},"properties":{"stop_id":"60137","stop_code":"60137","stop_name":"Southbound Chancellor at Chancellor Station","routes":"676, 678"}},{"type":"Feature","geometry":{"type":"Point","coordinates":[-97.1956725285,49.8399655137]},"properties":{"stop_id":"60136","stop_code":"60136","stop_name":"Southbound Lindenwood at Tweedsmuir","routes":"641"}},{"type":"Feature","geometry":{"type":"Point","coordinates":[-97.1896611202,49.8426511114]},"properties":{"stop_id":"60135","stop_code":"60135","stop_name":"Southbound Lindenwood at Kingsborough","routes":"641"}},{"type":"Feature","geometry":{"type":"Point","coordinates":[-97.1523489451,49.816209526]},"properties":{"stop_id":"60134","stop_code":"60134","stop_name":"Northbound Chancellor at Pembina","routes":"676, 678"}},{"type":"Feature","geometry":{"type":"Point","coordinates":[-97.1548964523,49.8153866445]},"properties":{"stop_id":"60133","stop_code":"60133","stop_name":"Northbound Chancellor at Gaylene","routes":"676, 678"}},{"type":"Feature","geometry":{"type":"Point","coordinates":[-97.306441275,49.8960045087]},"properties":{"stop_id":"20524","stop_code":"20524","stop_name":"Westbound Lumsden at Lake Ridge East","routes":"220, 223"}},{"type":"Feature","geometry":{"type":"Point","coordinates":[-97.1522679737,49.8135906526]},"properties":{"stop_id":"60130","stop_code":"60130","stop_name":"Southbound Pembina at Thatcher","routes":"678, F8"}},{"type":"Feature","geometry":{"type":"Point","coordinates":[-97.1696094477,49.9271586629]},"properties":{"stop_id":"30488","stop_code":"30488","stop_name":"Westbound Burrows at McPhillips","routes":"332, 336, 833, D17"}},{"type":"Feature","geometry":{"type":"Point","coordinates":[-97.1511476833,49.817818455]},"properties":{"stop_id":"60139","stop_code":"60139","stop_name":"Southbound University at Pembina","routes":"679, 889, F9"}},{"type":"Feature","geometry":{"type":"Point","coordinates":[-97.1522151022,49.8178984711]},"properties":{"stop_id":"60138","stop_code":"60138","stop_name":"Southbound Pembina at University Crescent","routes":"676, F8"}},{"type":"Feature","geometry":{"type":"Point","coordinates":[-97.199599488,49.9442244421]},"properties":{"stop_id":"30648","stop_code":"30648","stop_name":"Southbound Dexter at Kinver","routes":"332"}},{"type":"Feature","geometry":{"type":"Point","coordinates":[-97.1708575223,49.908909618]},"properties":{"stop_id":"17011","stop_code":"17011","stop_name":"Northbound McPhillips at William","routes":"F5"}},{"type":"Feature","geometry":{"type":"Point","coordinates":[-97.1654976816,49.9437072511]},"properties":{"stop_id":"30841","stop_code":"30841","stop_name":"Eastbound Mapleglen at Maberley","routes":"39"}},{"type":"Feature","geometry":{"type":"Point","coordinates":[-97.0822488626,49.9200507929]},"properties":{"stop_id":"40351","stop_code":"40351","stop_name":"Northbound Gateway at Kimberly","routes":"442, FX4"}},{"type":"Feature","geometry":{"type":"Point","coordinates":[-97.2005255033,49.9406948427]},"properties":{"stop_id":"30663","stop_code":"30663","stop_name":"Northbound Dexter at Brophy","routes":"332"}},{"type":"Feature","geometry":{"type":"Point","coordinates":[-97.1032595843,49.9515915705]},"properties":{"stop_id":"30661","stop_code":"30661","stop_name":"Northbound Main at Chief Peguis","routes":"D10"}},{"type":"Feature","geometry":{"type":"Point","coordinates":[-97.1559206451,49.8019732463]},"properties":{"stop_id":"60097","stop_code":"60097","stop_name":"Westbound Chancellor Matheson at Pembina","routes":"74, F8"}},{"type":"Feature","geometry":{"type":"Point","coordinates":[-97.0636837758,49.899385926]},"properties":{"stop_id":"40198","stop_code":"40198","stop_name":"Southbound Stapon at Reenders South","routes":"D17"}},{"type":"Feature","geometry":{"type":"Point","coordinates":[-97.212227014,49.9175072916]},"properties":{"stop_id":"20320_merged_67002","stop_code":"20320","stop_name":"Westbound RRC Polytech at RRC Polytech (D16)","routes":"D16"}},{"type":"Feature","geometry":{"type":"Point","coordinates":[-97.189452163,49.9661577057]},"properties":{"stop_id":"30849","stop_code":"30849","stop_name":"Southbound Ritchie at Foxwarren","routes":"336"}},{"type":"Feature","geometry":{"type":"Point","coordinates":[-97.1482072939,49.8889764215]},"properties":{"stop_id":"10703","stop_code":"10703","stop_name":"Northbound Vaughan at St. Mary","routes":"D19"}},{"type":"Feature","geometry":{"type":"Point","coordinates":[-97.2154773451,49.9373822109]},"properties":{"stop_id":"30705","stop_code":"30705","stop_name":"Eastbound Egesz at Markwood","routes":"336, 833"}},{"type":"Feature","geometry":{"type":"Point","coordinates":[-97.1938244869,49.9458345569]},"properties":{"stop_id":"30643","stop_code":"30643","stop_name":"Eastbound Inkster at Keewatin","routes":"334"}},{"type":"Feature","geometry":{"type":"Point","coordinates":[-97.147293729,49.8895644705]},"properties":{"stop_id":"10700","stop_code":"10700","stop_name":"Southbound Kennedy at St. Mary","routes":"D19"}},{"type":"Feature","geometry":{"type":"Point","coordinates":[-97.1494296064,49.8912357276]},"properties":{"stop_id":"10706","stop_code":"10706","stop_name":"Northbound Vaughan at Portage South","routes":"D19"}},{"type":"Feature","geometry":{"type":"Point","coordinates":[-97.2116501245,49.9387443677]},"properties":{"stop_id":"30704","stop_code":"30704","stop_name":"Westbound Burrows at Palms","routes":"833"}},{"type":"Feature","geometry":{"type":"Point","coordinates":[-97.1679045709,49.8360931525]},"properties":{"stop_id":"60003","stop_code":"60003","stop_name":"Southbound Irene at Sony","routes":"690"}},{"type":"Feature","geometry":{"type":"Point","coordinates":[-97.1676825256,49.836080642]},"properties":{"stop_id":"60002","stop_code":"60002","stop_name":"Northbound Irene at Sony","routes":"690"}},{"type":"Feature","geometry":{"type":"Point","coordinates":[-97.2654148092,49.8681785349]},"properties":{"stop_id":"60001","stop_code":"60001","stop_name":"Northbound William Clement at Roblin","routes":"FX3"}},{"type":"Feature","geometry":{"type":"Point","coordinates":[-97.2008537985,49.8431404678]},"properties":{"stop_id":"60007","stop_code":"60007","stop_name":"Southbound Lorimer at Sterling Lyon","routes":"677"}},{"type":"Feature","geometry":{"type":"Point","coordinates":[-97.2004201156,49.8465788256]},"properties":{"stop_id":"60006","stop_code":"60006","stop_name":"Northbound Lorimer at Wilkes","routes":"677"}},{"type":"Feature","geometry":{"type":"Point","coordinates":[-97.2005767133,49.8464823149]},"properties":{"stop_id":"60005","stop_code":"60005","stop_name":"Southbound Lorimer at Wilkes","routes":"677"}},{"type":"Feature","geometry":{"type":"Point","coordinates":[-97.1946796429,49.8468312408]},"properties":{"stop_id":"60004","stop_code":"60004","stop_name":"Eastbound Wilkes at Carpenter","routes":"677"}},{"type":"Feature","geometry":{"type":"Point","coordinates":[-97.1652995194,49.8538441285]},"properties":{"stop_id":"60009","stop_code":"60009","stop_name":"Eastbound Taylor at Nathaniel","routes":"664"}},{"type":"Feature","geometry":{"type":"Point","coordinates":[-97.2007226787,49.8433003403]},"properties":{"stop_id":"60008","stop_code":"60008","stop_name":"Northbound Lorimer at Sterling Lyon","routes":"677"}},{"type":"Feature","geometry":{"type":"Point","coordinates":[-97.1035482581,49.7999932377]},"properties":{"stop_id":"50982","stop_code":"50982","stop_name":"Westbound Aldgate at Michaud","routes":"552"}},{"type":"Feature","geometry":{"type":"Point","coordinates":[-97.1313274572,49.8786666981]},"properties":{"stop_id":"50210","stop_code":"50210","stop_name":"Southbound Pinedale at Walmer","routes":"888"}},{"type":"Feature","geometry":{"type":"Point","coordinates":[-97.2026242749,49.9445952417]},"properties":{"stop_id":"30647","stop_code":"30647","stop_name":"Westbound Kinver at Cropo East","routes":"332"}},{"type":"Feature","geometry":{"type":"Point","coordinates":[-97.1310347381,49.875432748]},"properties":{"stop_id":"50212","stop_code":"50212","stop_name":"Eastbound Highfield at Pinedale","routes":"888"}},{"type":"Feature","geometry":{"type":"Point","coordinates":[-97.1364347462,49.891351084]},"properties":{"stop_id":"10639","stop_code":"10639","stop_name":"Southbound Main at St. Mary","routes":"BLUE, FX2, FX3"}},{"type":"Feature","geometry":{"type":"Point","coordinates":[-97.1379175684,49.8940644581]},"properties":{"stop_id":"10638","stop_code":"10638","stop_name":"Southbound Main at Portage and Main Junction","routes":"BLUE, FX2, FX3"}},{"type":"Feature","geometry":{"type":"Point","coordinates":[-97.1390951697,49.8971147159]},"properties":{"stop_id":"10636","stop_code":"10636","stop_name":"Southbound Main at McDermot","routes":"D16, FX2, FX3"}},{"type":"Feature","geometry":{"type":"Point","coordinates":[-97.1390771688,49.8990303652]},"properties":{"stop_id":"10635","stop_code":"10635","stop_name":"Southbound Main at William (City Hall)","routes":"43, D16, F8, FX2, FX3"}},{"type":"Feature","geometry":{"type":"Point","coordinates":[-97.1366735193,49.901780157]},"properties":{"stop_id":"10633","stop_code":"10633","stop_name":"Southbound Main at Alexander","routes":"43"}},{"type":"Feature","geometry":{"type":"Point","coordinates":[-97.1353714184,49.9034052795]},"properties":{"stop_id":"10632","stop_code":"10632","stop_name":"Southbound Main at Henry","routes":"43, FX2, FX3"}},{"type":"Feature","geometry":{"type":"Point","coordinates":[-97.1344049171,49.9042712199]},"properties":{"stop_id":"10631","stop_code":"10631","stop_name":"Northbound Main at Higgins","routes":"43, FX2, FX3"}},{"type":"Feature","geometry":{"type":"Point","coordinates":[-97.1357599171,49.9023591196]},"properties":{"stop_id":"10630","stop_code":"10630","stop_name":"Northbound Main at Logan","routes":"43"}},{"type":"Feature","geometry":{"type":"Point","coordinates":[-97.2934248824,49.8781564125]},"properties":{"stop_id":"20520","stop_code":"20520","stop_name":"Northbound Westwood at Amundsen","routes":"885"}},{"type":"Feature","geometry":{"type":"Point","coordinates":[-97.1570465434,49.869643246]},"properties":{"stop_id":"10140","stop_code":"10140","stop_name":"Westbound Corydon at Lilac","routes":"D19"}},{"type":"Feature","geometry":{"type":"Point","coordinates":[-97.1530644615,49.870785111]},"properties":{"stop_id":"10143","stop_code":"10143","stop_name":"Eastbound Corydon at Cockburn","routes":"D19"}},{"type":"Feature","geometry":{"type":"Point","coordinates":[-97.1554821402,49.8701580297]},"properties":{"stop_id":"10142","stop_code":"10142","stop_name":"Westbound Corydon at Arbuthnot","routes":"D19"}},{"type":"Feature","geometry":{"type":"Point","coordinates":[-97.1723511473,49.9055061194]},"properties":{"stop_id":"10413","stop_code":"10413","stop_name":"Eastbound Notre Dame at Lipton","routes":"D16, D18"}},{"type":"Feature","geometry":{"type":"Point","coordinates":[-97.1999101906,49.9040939017]},"properties":{"stop_id":"20525","stop_code":"20525","stop_name":"Southbound St James at Costco","routes":"74"}},{"type":"Feature","geometry":{"type":"Point","coordinates":[-97.1738445596,49.9061593327]},"properties":{"stop_id":"10411","stop_code":"10411","stop_name":"Westbound Notre Dame at Ingersoll","routes":"D16, D18"}},{"type":"Feature","geometry":{"type":"Point","coordinates":[-97.1512108144,49.8715830629]},"properties":{"stop_id":"10146","stop_code":"10146","stop_name":"Westbound Corydon at Hugo","routes":"D19"}},{"type":"Feature","geometry":{"type":"Point","coordinates":[-97.1462341271,49.8732485057]},"properties":{"stop_id":"10149","stop_code":"10149","stop_name":"Westbound Corydon at Nassau","routes":"D19"}},{"type":"Feature","geometry":{"type":"Point","coordinates":[-97.1485744022,49.872467413]},"properties":{"stop_id":"10148","stop_code":"10148","stop_name":"Westbound Corydon at Daly","routes":"D19"}},{"type":"Feature","geometry":{"type":"Point","coordinates":[-97.1509258734,49.8914305421]},"properties":{"stop_id":"17015","stop_code":"17015","stop_name":"Northbound Colony at Portage North","routes":"D19, F6"}},{"type":"Feature","geometry":{"type":"Point","coordinates":[-97.1658703093,49.9034247361]},"properties":{"stop_id":"10419","stop_code":"10419","stop_name":"Eastbound Notre Dame at Simcoe","routes":"F5"}},{"type":"Feature","geometry":{"type":"Point","coordinates":[-97.1656021089,49.9035194317]},"properties":{"stop_id":"10418","stop_code":"10418","stop_name":"Westbound Notre Dame at Tecumseh","routes":"F5"}},{"type":"Feature","geometry":{"type":"Point","coordinates":[-97.1949477038,49.9198837341]},"properties":{"stop_id":"10387","stop_code":"10387","stop_name":"Northbound Keewatin at Pacific","routes":"74, 884"}},{"type":"Feature","geometry":{"type":"Point","coordinates":[-97.1957934576,49.8837821381]},"properties":{"stop_id":"10386","stop_code":"10386","stop_name":"Westbound Westway at Empress","routes":"22, 70, 74, 680, D16"}},{"type":"Feature","geometry":{"type":"Point","coordinates":[-97.2659518626,49.8947576158]},"properties":{"stop_id":"20152","stop_code":"20152","stop_name":"Westbound Murray Park at Saulteaux","routes":"883"}},{"type":"Feature","geometry":{"type":"Point","coordinates":[-97.1966491404,49.8821134075]},"properties":{"stop_id":"10383","stop_code":"10383","stop_name":"Southbound Empress at Eastway","routes":"22, 70, 74, 680, D16"}},{"type":"Feature","geometry":{"type":"Point","coordinates":[-97.1995817394,49.8848575483]},"properties":{"stop_id":"10381","stop_code":"10381","stop_name":"Westbound Polo Park West Access at Polo Park (FX4)","routes":"FX4"}},{"type":"Feature","geometry":{"type":"Point","coordinates":[-97.0735956334,49.8442043905]},"properties":{"stop_id":"50352","stop_code":"50352","stop_name":"Eastbound Beaverhill at Lakewood","routes":"556, 557"}},{"type":"Feature","geometry":{"type":"Point","coordinates":[-97.1949610302,49.9169156115]},"properties":{"stop_id":"10389","stop_code":"10389","stop_name":"Northbound Keewatin at William","routes":"74, 884"}},{"type":"Feature","geometry":{"type":"Point","coordinates":[-97.2575539576,49.8480106915]},"properties":{"stop_id":"60649","stop_code":"60649","stop_name":"Southbound Elmhurst at Beiko","routes":"885"}},{"type":"Feature","geometry":{"type":"Point","coordinates":[-97.2580974174,49.8448886143]},"properties":{"stop_id":"60648","stop_code":"60648","stop_name":"Westbound Ridgewood at Elmhurst","routes":"885"}},{"type":"Feature","geometry":{"type":"Point","coordinates":[-97.2651373208,49.88602034]},"properties":{"stop_id":"20157","stop_code":"20157","stop_name":"Westbound Ness at Wallasey","routes":"220"}},{"type":"Feature","geometry":{"type":"Point","coordinates":[-97.1994220071,49.9560859456]},"properties":{"stop_id":"37009","stop_code":"37009","stop_name":"Eastbound Old Commonwealth at Singh","routes":"334, 336"}},{"type":"Feature","geometry":{"type":"Point","coordinates":[-97.1956234792,49.9551363362]},"properties":{"stop_id":"37005","stop_code":"37005","stop_name":"Westbound Old Commonwealth at Dr. Jose Rizal","routes":"74, 332, 336, 884, D10"}},{"type":"Feature","geometry":{"type":"Point","coordinates":[-97.1182447205,49.9487597746]},"properties":{"stop_id":"37004","stop_code":"37004","stop_name":"Southbound Salter at Templeton","routes":"D11, F6"}},{"type":"Feature","geometry":{"type":"Point","coordinates":[-97.1165061083,49.9500897483]},"properties":{"stop_id":"37003","stop_code":"37003","stop_name":"Northbound Southall at Southall Loop","routes":"D11, F6"}},{"type":"Feature","geometry":{"type":"Point","coordinates":[-97.2604903917,49.8522375229]},"properties":{"stop_id":"60644","stop_code":"60644","stop_name":"Northbound Laxdal at Eldridge","routes":"885"}},{"type":"Feature","geometry":{"type":"Point","coordinates":[-97.2608144593,49.8486354044]},"properties":{"stop_id":"60646","stop_code":"60646","stop_name":"Northbound Laxdal at Beiko","routes":"885"}},{"type":"Feature","geometry":{"type":"Point","coordinates":[-97.1069852191,49.8985100318]},"properties":{"stop_id":"50160","stop_code":"50160","stop_name":"Southbound Archibald at La Verendrye","routes":"551, 886, 887, FX4"}},{"type":"Feature","geometry":{"type":"Point","coordinates":[-97.0523880352,49.8928638664]},"properties":{"stop_id":"40180","stop_code":"40180","stop_name":"Westbound Rougeau at Rizzuto","routes":"440"}},{"type":"Feature","geometry":{"type":"Point","coordinates":[-97.0527420475,49.892716906]},"properties":{"stop_id":"40181","stop_code":"40181","stop_name":"Eastbound Rougeau at Rizzuto","routes":"440"}},{"type":"Feature","geometry":{"type":"Point","coordinates":[-97.0540387366,49.8957880521]},"properties":{"stop_id":"40182","stop_code":"40182","stop_name":"Westbound Regent at Peguis","routes":"FX3"}},{"type":"Feature","geometry":{"type":"Point","coordinates":[-97.0547681163,49.8956563909]},"properties":{"stop_id":"40183","stop_code":"40183","stop_name":"Eastbound Regent at Peguis","routes":"FX3"}},{"type":"Feature","geometry":{"type":"Point","coordinates":[-97.0564738341,49.8930584767]},"properties":{"stop_id":"40184","stop_code":"40184","stop_name":"Westbound Rougeau at Bachinsky","routes":"440"}},{"type":"Feature","geometry":{"type":"Point","coordinates":[-97.0562716173,49.8928931692]},"properties":{"stop_id":"40185","stop_code":"40185","stop_name":"Eastbound Rougeau at Bachinsky","routes":"440"}},{"type":"Feature","geometry":{"type":"Point","coordinates":[-97.0595267032,49.8967886908]},"properties":{"stop_id":"40186","stop_code":"40186","stop_name":"Westbound Regent at Kildonan Place Hub","routes":"440, FX3"}},{"type":"Feature","geometry":{"type":"Point","coordinates":[-97.0581410735,49.896270723]},"properties":{"stop_id":"40187","stop_code":"40187","stop_name":"Eastbound Regent at Rougeau","routes":"440"}},{"type":"Feature","geometry":{"type":"Point","coordinates":[-97.0580690859,49.8952890503]},"properties":{"stop_id":"40188","stop_code":"40188","stop_name":"Westbound Rougeau at Regent","routes":"440"}},{"type":"Feature","geometry":{"type":"Point","coordinates":[-97.2545594921,49.8755261693]},"properties":{"stop_id":"20221","stop_code":"20221","stop_name":"Westbound Portage at Whytewold","routes":"22, BLUE"}},{"type":"Feature","geometry":{"type":"Point","coordinates":[-97.1995667548,49.8803958017]},"properties":{"stop_id":"10562","stop_code":"10562","stop_name":"Eastbound Portage at Tylehurst (Polo Park)","routes":"22, 70, 74, 224, 680, BLUE, D15, D16, FX4"}},{"type":"Feature","geometry":{"type":"Point","coordinates":[-97.1991475849,49.8808120464]},"properties":{"stop_id":"10561","stop_code":"10561","stop_name":"Westbound Portage at Tylehurst (Polo Park)","routes":"74, 224, BLUE, D15, FX4"}},{"type":"Feature","geometry":{"type":"Point","coordinates":[-97.2511667713,49.8758167781]},"properties":{"stop_id":"20220","stop_code":"20220","stop_name":"Westbound Portage at Strathmillan","routes":"22"}},{"type":"Feature","geometry":{"type":"Point","coordinates":[-97.2311907241,49.8770334481]},"properties":{"stop_id":"20418","stop_code":"20418","stop_name":"Eastbound Portage at Overdale (Assiniboine Park)","routes":"22, BLUE"}},{"type":"Feature","geometry":{"type":"Point","coordinates":[-97.1866962235,49.8828484423]},"properties":{"stop_id":"10566","stop_code":"10566","stop_name":"Eastbound Portage at Erin","routes":"D15"}},{"type":"Feature","geometry":{"type":"Point","coordinates":[-97.1898931907,49.8822328443]},"properties":{"stop_id":"10565","stop_code":"10565","stop_name":"Eastbound Portage at Craig","routes":"BLUE, D15, FX4"}},{"type":"Feature","geometry":{"type":"Point","coordinates":[-97.1777159285,49.8037218013]},"properties":{"stop_id":"61171","stop_code":"61171","stop_name":"Eastbound Bridgeland at Poplar Point","routes":"74, 676"}},{"type":"Feature","geometry":{"type":"Point","coordinates":[-97.3206640972,49.874569948]},"properties":{"stop_id":"20414","stop_code":"20414","stop_name":"Northbound St Charles at Augier","routes":"220"}},{"type":"Feature","geometry":{"type":"Point","coordinates":[-97.3209847268,49.8733512913]},"properties":{"stop_id":"20415","stop_code":"20415","stop_name":"Southbound St Charles at St. Charles Loop","routes":"220"}},{"type":"Feature","geometry":{"type":"Point","coordinates":[-97.1784105696,49.8840316321]},"properties":{"stop_id":"10569","stop_code":"10569","stop_name":"Eastbound Portage at Dominion","routes":"BLUE, D14, D15, FX4"}},{"type":"Feature","geometry":{"type":"Point","coordinates":[-97.1813481636,49.8836550536]},"properties":{"stop_id":"10568","stop_code":"10568","stop_name":"Eastbound Portage at Sprague","routes":"D14, D15"}},{"type":"Feature","geometry":{"type":"Point","coordinates":[-97.0615047261,49.8230706958]},"properties":{"stop_id":"51067","stop_code":"51067","stop_name":"Northbound Evelyne Reese at Warde","routes":"557"}},{"type":"Feature","geometry":{"type":"Point","coordinates":[-97.3208349649,49.8748602629]},"properties":{"stop_id":"20413","stop_code":"20413","stop_name":"Southbound St Charles at Augier","routes":"220"}},{"type":"Feature","geometry":{"type":"Point","coordinates":[-97.1459554231,49.9422716519]},"properties":{"stop_id":"30411","stop_code":"30411","stop_name":"Westbound Jefferson at Airlies East","routes":"37"}},{"type":"Feature","geometry":{"type":"Point","coordinates":[-97.1403790963,49.940491184]},"properties":{"stop_id":"30413","stop_code":"30413","stop_name":"Westbound Jefferson at Teakwood","routes":"37"}},{"type":"Feature","geometry":{"type":"Point","coordinates":[-97.1432291976,49.941400435]},"properties":{"stop_id":"30412","stop_code":"30412","stop_name":"Westbound Jefferson at Sinclair","routes":"37"}},{"type":"Feature","geometry":{"type":"Point","coordinates":[-97.1588899077,49.8650851092]},"properties":{"stop_id":"10097","stop_code":"10097","stop_name":"Northbound Stafford at Fleet","routes":"28, D11"}},{"type":"Feature","geometry":{"type":"Point","coordinates":[-97.1401641964,49.9402808486]},"properties":{"stop_id":"30414","stop_code":"30414","stop_name":"Eastbound Jefferson at Teakwood","routes":"37"}},{"type":"Feature","geometry":{"type":"Point","coordinates":[-97.1459330863,49.942127375]},"properties":{"stop_id":"30417","stop_code":"30417","stop_name":"Eastbound Jefferson at Airlies East","routes":"37"}},{"type":"Feature","geometry":{"type":"Point","coordinates":[-97.1430417938,49.9411995409]},"properties":{"stop_id":"30416","stop_code":"30416","stop_name":"Eastbound Jefferson at Sinclair","routes":"37"}},{"type":"Feature","geometry":{"type":"Point","coordinates":[-97.1498157184,49.9433768074]},"properties":{"stop_id":"30419","stop_code":"30419","stop_name":"Eastbound Jefferson at Tulip","routes":"37"}},{"type":"Feature","geometry":{"type":"Point","coordinates":[-97.1599919545,49.8664788752]},"properties":{"stop_id":"10099","stop_code":"10099","stop_name":"Northbound Stafford at Warsaw","routes":"28, D11"}},{"type":"Feature","geometry":{"type":"Point","coordinates":[-97.1592745288,49.8652171571]},"properties":{"stop_id":"10098","stop_code":"10098","stop_name":"Southbound Stafford at Fleet","routes":"28, D11"}},{"type":"Feature","geometry":{"type":"Point","coordinates":[-97.0565563882,49.8265048]},"properties":{"stop_id":"51063","stop_code":"51063","stop_name":"Southbound De La Seigneurie at Warde","routes":"557"}},{"type":"Feature","geometry":{"type":"Point","coordinates":[-97.0482471034,49.8284338197]},"properties":{"stop_id":"51062","stop_code":"51062","stop_name":"Westbound Warde at Lagimodiere","routes":"557"}},{"type":"Feature","geometry":{"type":"Point","coordinates":[-97.1527383389,49.7855333171]},"properties":{"stop_id":"60662","stop_code":"60662","stop_name":"Northbound Baylor at Leeds","routes":"662"}},{"type":"Feature","geometry":{"type":"Point","coordinates":[-97.1899276838,49.9460435648]},"properties":{"stop_id":"30639","stop_code":"30639","stop_name":"Westbound Inkster at Plymouth","routes":"334"}},{"type":"Feature","geometry":{"type":"Point","coordinates":[-97.1420767146,49.8579082375]},"properties":{"stop_id":"10043","stop_code":"10043","stop_name":"Westbound Beresford at Cockburn","routes":"895"}},{"type":"Feature","geometry":{"type":"Point","coordinates":[-97.0469619685,49.9362006625]},"properties":{"stop_id":"40364","stop_code":"40364","stop_name":"Eastbound Sun Valley at Kingsdale","routes":"442"}},{"type":"Feature","geometry":{"type":"Point","coordinates":[-97.0474869486,49.9366592697]},"properties":{"stop_id":"40365","stop_code":"40365","stop_name":"Westbound Sun Valley at Hovingham","routes":"442"}},{"type":"Feature","geometry":{"type":"Point","coordinates":[-97.1584746794,49.9198940822]},"properties":{"stop_id":"30321","stop_code":"30321","stop_name":"Eastbound Selkirk at Sinclair","routes":"D17"}},{"type":"Feature","geometry":{"type":"Point","coordinates":[-97.1583028068,49.9200172781]},"properties":{"stop_id":"30320","stop_code":"30320","stop_name":"Westbound Selkirk at Sinclair","routes":"D17"}},{"type":"Feature","geometry":{"type":"Point","coordinates":[-97.0513399573,49.9392607869]},"properties":{"stop_id":"40360","stop_code":"40360","stop_name":"Eastbound Sun Valley at Regatta East","routes":"442"}},{"type":"Feature","geometry":{"type":"Point","coordinates":[-97.050992488,49.939236948]},"properties":{"stop_id":"40361","stop_code":"40361","stop_name":"Westbound Sun Valley at Regatta East","routes":"442"}},{"type":"Feature","geometry":{"type":"Point","coordinates":[-97.178841726,49.9487481368]},"properties":{"stop_id":"30637","stop_code":"30637","stop_name":"Eastbound Mapleton at Rozmus East","routes":"39"}},{"type":"Feature","geometry":{"type":"Point","coordinates":[-97.1770900693,49.9482528428]},"properties":{"stop_id":"30636","stop_code":"30636","stop_name":"Eastbound Mapleton at Madrill","routes":"39"}},{"type":"Feature","geometry":{"type":"Point","coordinates":[-97.2022821679,49.7700955329]},"properties":{"stop_id":"62088","stop_code":"62088","stop_name":"Westbound Ken Oblik at Youngstown","routes":"678"}},{"type":"Feature","geometry":{"type":"Point","coordinates":[-97.1898937988,49.7708378584]},"properties":{"stop_id":"62085","stop_code":"62085","stop_name":"Westbound Ken Oblik at Hughes","routes":"678"}},{"type":"Feature","geometry":{"type":"Point","coordinates":[-97.1887017209,49.7733828186]},"properties":{"stop_id":"62084","stop_code":"62084","stop_name":"Southbound Ken Oblik at Northwater","routes":"678"}},{"type":"Feature","geometry":{"type":"Point","coordinates":[-97.1986956834,49.7701836685]},"properties":{"stop_id":"62087","stop_code":"62087","stop_name":"Westbound Ken Oblik at Florence","routes":"678"}},{"type":"Feature","geometry":{"type":"Point","coordinates":[-97.19419475,49.7702124466]},"properties":{"stop_id":"62086","stop_code":"62086","stop_name":"Westbound Ken Oblik at Crystal Lake","routes":"678"}},{"type":"Feature","geometry":{"type":"Point","coordinates":[-97.1592307773,49.8139984683]},"properties":{"stop_id":"62081","stop_code":"62081","stop_name":"Northbound Chancellor at Lake Village","routes":"676, 678"}},{"type":"Feature","geometry":{"type":"Point","coordinates":[-97.2000185222,49.7798380506]},"properties":{"stop_id":"62080","stop_code":"62080","stop_name":"Westbound Skyline at Highpark","routes":"672, 678"}},{"type":"Feature","geometry":{"type":"Point","coordinates":[-97.191005642,49.7749210566]},"properties":{"stop_id":"62083","stop_code":"62083","stop_name":"Eastbound Ken Oblik at Ken Wong","routes":"678"}},{"type":"Feature","geometry":{"type":"Point","coordinates":[-97.2083313139,49.8417902702]},"properties":{"stop_id":"62082","stop_code":"62082","stop_name":"Westbound Sterling Lyon at Kenaston","routes":"677"}},{"type":"Feature","geometry":{"type":"Point","coordinates":[-97.0814879714,49.9121945089]},"properties":{"stop_id":"40320","stop_code":"40320","stop_name":"Eastbound Munroe at London","routes":"38, 330"}},{"type":"Feature","geometry":{"type":"Point","coordinates":[-97.2857445343,49.8804266077]},"properties":{"stop_id":"20259","stop_code":"20259","stop_name":"Eastbound Portage at Golf","routes":"22, 220, 885"}},{"type":"Feature","geometry":{"type":"Point","coordinates":[-97.0587180396,49.9540376217]},"properties":{"stop_id":"40614","stop_code":"40614","stop_name":"Eastbound Headmaster at Douglas Lawrence","routes":"442"}},{"type":"Feature","geometry":{"type":"Point","coordinates":[-97.3074981992,49.8825096366]},"properties":{"stop_id":"20252","stop_code":"20252","stop_name":"Eastbound Portage at Bedson","routes":"22, 223, 885, BLUE"}},{"type":"Feature","geometry":{"type":"Point","coordinates":[-97.3038943595,49.8828616733]},"properties":{"stop_id":"20253","stop_code":"20253","stop_name":"Eastbound Portage at Seaton","routes":"22, 223"}},{"type":"Feature","geometry":{"type":"Point","coordinates":[-97.3115231539,49.8820556904]},"properties":{"stop_id":"20251","stop_code":"20251","stop_name":"Eastbound Portage at David","routes":"22, 223, 885"}},{"type":"Feature","geometry":{"type":"Point","coordinates":[-97.2886794049,49.8808837893]},"properties":{"stop_id":"20257","stop_code":"20257","stop_name":"Eastbound Portage at Banting","routes":"22, 220, 885, BLUE"}},{"type":"Feature","geometry":{"type":"Point","coordinates":[-97.2991742001,49.8824956027]},"properties":{"stop_id":"20254","stop_code":"20254","stop_name":"Eastbound Portage at Rouge","routes":"22, BLUE"}},{"type":"Feature","geometry":{"type":"Point","coordinates":[-97.2969164455,49.882174579]},"properties":{"stop_id":"20255","stop_code":"20255","stop_name":"Eastbound Portage at Muriel","routes":"22, 220"}},{"type":"Feature","geometry":{"type":"Point","coordinates":[-97.0545647844,49.9418965939]},"properties":{"stop_id":"40743","stop_code":"40743","stop_name":"Northbound Gateway at Sun Valley","routes":"442, FX4"}},{"type":"Feature","geometry":{"type":"Point","coordinates":[-97.0451177558,49.9349372152]},"properties":{"stop_id":"40741","stop_code":"40741","stop_name":"Westbound Sun Valley at St. Moritz","routes":"442"}},{"type":"Feature","geometry":{"type":"Point","coordinates":[-97.0628553093,49.9360539076]},"properties":{"stop_id":"40746","stop_code":"40746","stop_name":"Northbound Raleigh at Springfield","routes":"446"}},{"type":"Feature","geometry":{"type":"Point","coordinates":[-97.053569615,49.9434180182]},"properties":{"stop_id":"40747","stop_code":"40747","stop_name":"Northbound Raleigh at McIvor South","routes":"442"}},{"type":"Feature","geometry":{"type":"Point","coordinates":[-97.1486470835,49.9171378109]},"properties":{"stop_id":"30259","stop_code":"30259","stop_name":"Northbound McGregor at Selkirk","routes":"F6"}},{"type":"Feature","geometry":{"type":"Point","coordinates":[-97.1734225721,49.9283882183]},"properties":{"stop_id":"30525","stop_code":"30525","stop_name":"Westbound Burrows at McNichol","routes":"332, 336, 833, D17"}},{"type":"Feature","geometry":{"type":"Point","coordinates":[-97.14681513,49.9195011686]},"properties":{"stop_id":"30256","stop_code":"30256","stop_name":"Northbound McGregor at Burrows","routes":"F6"}},{"type":"Feature","geometry":{"type":"Point","coordinates":[-97.1467714285,49.9199142382]},"properties":{"stop_id":"30255","stop_code":"30255","stop_name":"Southbound McGregor at Burrows","routes":"F6"}},{"type":"Feature","geometry":{"type":"Point","coordinates":[-97.1712240638,49.9327250603]},"properties":{"stop_id":"30521","stop_code":"30521","stop_name":"Eastbound Mountain at Fife","routes":"38"}},{"type":"Feature","geometry":{"type":"Point","coordinates":[-97.1686028388,49.9320270031]},"properties":{"stop_id":"30520","stop_code":"30520","stop_name":"Westbound Mountain at McPhillips West","routes":"38, 336"}},{"type":"Feature","geometry":{"type":"Point","coordinates":[-97.1446020012,49.9223531135]},"properties":{"stop_id":"30250","stop_code":"30250","stop_name":"Northbound McGregor at Boyd","routes":"F6"}},{"type":"Feature","geometry":{"type":"Point","coordinates":[-97.1883485567,49.9309164057]},"properties":{"stop_id":"30741","stop_code":"30741","stop_name":"Eastbound Manitoba at Buller","routes":"336"}},{"type":"Feature","geometry":{"type":"Point","coordinates":[-97.1903453379,49.9315502874]},"properties":{"stop_id":"30740","stop_code":"30740","stop_name":"Eastbound Manitoba at Chudley","routes":"336"}},{"type":"Feature","geometry":{"type":"Point","coordinates":[-97.1104251948,49.9469593752]},"properties":{"stop_id":"30748","stop_code":"30748","stop_name":"Southbound Margaret Loop at Margaret","routes":"31, D10"}},{"type":"Feature","geometry":{"type":"Point","coordinates":[-97.15451367,49.9557568385]},"properties":{"stop_id":"30367","stop_code":"30367","stop_name":"Westbound Leila at Simkin","routes":"38, 332, D10"}},{"type":"Feature","geometry":{"type":"Point","coordinates":[-97.0500167856,49.8577249538]},"properties":{"stop_id":"50099","stop_code":"50099","stop_name":"Southbound Lagimodiere at Fermor","routes":"558"}},{"type":"Feature","geometry":{"type":"Point","coordinates":[-97.1504776953,49.9544781381]},"properties":{"stop_id":"30366","stop_code":"30366","stop_name":"Westbound Leila at Watson East (Seven Oaks Hospital)","routes":"38, 332, 334, D10"}},{"type":"Feature","geometry":{"type":"Point","coordinates":[-97.1315656054,49.8165774102]},"properties":{"stop_id":"50096","stop_code":"50096","stop_name":"Eastbound St.Amant Access at St.Amant East","routes":"556"}},{"type":"Feature","geometry":{"type":"Point","coordinates":[-97.0543551393,49.8595250463]},"properties":{"stop_id":"50095","stop_code":"50095","stop_name":"Westbound Paterson at Lagimodiere","routes":"551, 558"}},{"type":"Feature","geometry":{"type":"Point","coordinates":[-97.0540895019,49.8595565603]},"properties":{"stop_id":"50093","stop_code":"50093","stop_name":"Eastbound Paterson at Lagimodiere","routes":"558"}},{"type":"Feature","geometry":{"type":"Point","coordinates":[-97.0569622078,49.8593979424]},"properties":{"stop_id":"50092","stop_code":"50092","stop_name":"Eastbound Paterson at Lochmoor","routes":"558"}},{"type":"Feature","geometry":{"type":"Point","coordinates":[-97.0574111297,49.8593065327]},"properties":{"stop_id":"50091","stop_code":"50091","stop_name":"Westbound Paterson at Lochmoor","routes":"551, 558"}},{"type":"Feature","geometry":{"type":"Point","coordinates":[-97.0591990192,49.8587878281]},"properties":{"stop_id":"50090","stop_code":"50090","stop_name":"Eastbound Paterson at Peterboro","routes":"558"}},{"type":"Feature","geometry":{"type":"Point","coordinates":[-97.1072990997,49.8819462719]},"properties":{"stop_id":"50259","stop_code":"50259","stop_name":"Eastbound Marion at Youville","routes":"D14, D15"}},{"type":"Feature","geometry":{"type":"Point","coordinates":[-97.1103385354,49.8818250261]},"properties":{"stop_id":"50258","stop_code":"50258","stop_name":"Eastbound Marion at Des Meurons","routes":"D14, D15"}},{"type":"Feature","geometry":{"type":"Point","coordinates":[-97.1373244659,49.821554615]},"properties":{"stop_id":"50709","stop_code":"50709","stop_name":"Southbound River at Avalon","routes":"556"}},{"type":"Feature","geometry":{"type":"Point","coordinates":[-97.1119594159,49.8024065907]},"properties":{"stop_id":"50708","stop_code":"50708","stop_name":"Westbound Burland at Malmsbury","routes":"676"}},{"type":"Feature","geometry":{"type":"Point","coordinates":[-97.1205161493,49.8814240437]},"properties":{"stop_id":"50255","stop_code":"50255","stop_name":"Eastbound Marion at Kenny","routes":"D14, D15"}},{"type":"Feature","geometry":{"type":"Point","coordinates":[-97.1236814309,49.8812864999]},"properties":{"stop_id":"50254","stop_code":"50254","stop_name":"Eastbound Marion at Tache","routes":"D14, D15"}},{"type":"Feature","geometry":{"type":"Point","coordinates":[-97.1142982344,49.8816647259]},"properties":{"stop_id":"50257","stop_code":"50257","stop_name":"Eastbound Marion at Braemar","routes":"D14, D15"}},{"type":"Feature","geometry":{"type":"Point","coordinates":[-97.1176861321,49.8815309729]},"properties":{"stop_id":"50256","stop_code":"50256","stop_name":"Eastbound Marion at Traverse","routes":"D14, D15"}},{"type":"Feature","geometry":{"type":"Point","coordinates":[-97.121047092,49.8824491048]},"properties":{"stop_id":"50251","stop_code":"50251","stop_name":"Westbound Goulet at Kenny","routes":"D14, D15"}},{"type":"Feature","geometry":{"type":"Point","coordinates":[-97.1177429583,49.8825753237]},"properties":{"stop_id":"50250","stop_code":"50250","stop_name":"Westbound Goulet at Traverse","routes":"D14, D15"}},{"type":"Feature","geometry":{"type":"Point","coordinates":[-97.1268731285,49.8811852771]},"properties":{"stop_id":"50253","stop_code":"50253","stop_name":"Eastbound Marion at St. Mary's","routes":"D14, D15, D16"}},{"type":"Feature","geometry":{"type":"Point","coordinates":[-97.1240754104,49.8822553562]},"properties":{"stop_id":"50252","stop_code":"50252","stop_name":"Westbound Goulet at Tache","routes":"D14, D15, D16"}},{"type":"Feature","geometry":{"type":"Point","coordinates":[-97.0458098023,49.9495208619]},"properties":{"stop_id":"40858","stop_code":"40858","stop_name":"Northbound Raleigh at Knowles","routes":"FX4"}},{"type":"Feature","geometry":{"type":"Point","coordinates":[-97.0431309875,49.828752184]},"properties":{"stop_id":"50897","stop_code":"50897","stop_name":"Northbound Des Hivernants at Ironweed","routes":"556, 557"}},{"type":"Feature","geometry":{"type":"Point","coordinates":[-97.0440196742,49.8322303616]},"properties":{"stop_id":"50896","stop_code":"50896","stop_name":"Westbound Lafrance at Proulx","routes":"556, 557"}},{"type":"Feature","geometry":{"type":"Point","coordinates":[-97.1090359421,49.8955661892]},"properties":{"stop_id":"50894","stop_code":"50894","stop_name":"Westbound Provencher at Nadeau","routes":"FX4"}},{"type":"Feature","geometry":{"type":"Point","coordinates":[-97.0817272604,49.8401297509]},"properties":{"stop_id":"50893","stop_code":"50893","stop_name":"Northbound Shorehill at Abinojii Mikanah","routes":"558"}},{"type":"Feature","geometry":{"type":"Point","coordinates":[-97.0812460525,49.8389344129]},"properties":{"stop_id":"50892","stop_code":"50892","stop_name":"Northbound Shorehill at High Ridge","routes":"558"}},{"type":"Feature","geometry":{"type":"Point","coordinates":[-97.0779491155,49.8364959796]},"properties":{"stop_id":"50891","stop_code":"50891","stop_name":"Northbound Shorehill at Norcross","routes":"558"}},{"type":"Feature","geometry":{"type":"Point","coordinates":[-97.0762029791,49.8345869731]},"properties":{"stop_id":"50890","stop_code":"50890","stop_name":"Northbound Shorehill at Wildfire","routes":"558"}},{"type":"Feature","geometry":{"type":"Point","coordinates":[-97.0455099279,49.8332090359]},"properties":{"stop_id":"50899","stop_code":"50899","stop_name":"Northbound Burning Glass at Sage Creek","routes":"556, 557"}},{"type":"Feature","geometry":{"type":"Point","coordinates":[-97.0465776156,49.8336318506]},"properties":{"stop_id":"50898","stop_code":"50898","stop_name":"Eastbound Sage Creek at Burning Glass","routes":"556, D15"}},{"type":"Feature","geometry":{"type":"Point","coordinates":[-97.0869984229,49.9447127487]},"properties":{"stop_id":"40416","stop_code":"40416","stop_name":"Southbound Henderson at Sutton","routes":"330, D10, F8"}},{"type":"Feature","geometry":{"type":"Point","coordinates":[-97.0853613134,49.9466286092]},"properties":{"stop_id":"40415","stop_code":"40415","stop_name":"Southbound Henderson at Whellams","routes":"330, D10, F8"}},{"type":"Feature","geometry":{"type":"Point","coordinates":[-97.0820720422,49.9494255869]},"properties":{"stop_id":"40412","stop_code":"40412","stop_name":"Southbound Henderson at Valhalla","routes":"F8"}},{"type":"Feature","geometry":{"type":"Point","coordinates":[-97.0795540281,49.9513987311]},"properties":{"stop_id":"40410","stop_code":"40410","stop_name":"Southbound Henderson at Fortier","routes":"F8"}},{"type":"Feature","geometry":{"type":"Point","coordinates":[-97.1888975319,49.887263463]},"properties":{"stop_id":"10240","stop_code":"10240","stop_name":"Southbound Valour at Wolever","routes":"224"}},{"type":"Feature","geometry":{"type":"Point","coordinates":[-97.0897116717,49.9416632645]},"properties":{"stop_id":"40418","stop_code":"40418","stop_name":"Southbound Henderson at Edison","routes":"D10, F8"}},{"type":"Feature","geometry":{"type":"Point","coordinates":[-97.1952493665,49.9382920534]},"properties":{"stop_id":"31018","stop_code":"31018","stop_name":"Southbound Keewatin at Burrows","routes":"74, 884"}},{"type":"Feature","geometry":{"type":"Point","coordinates":[-97.0596169805,49.8865537849]},"properties":{"stop_id":"50853","stop_code":"50853","stop_name":"Northbound Terracon at Dugald","routes":"887"}},{"type":"Feature","geometry":{"type":"Point","coordinates":[-97.1030043162,49.8380788153]},"properties":{"stop_id":"50413","stop_code":"50413","stop_name":"Westbound Beliveau at Kearney","routes":"556"}},{"type":"Feature","geometry":{"type":"Point","coordinates":[-97.1033345488,49.8378143745]},"properties":{"stop_id":"50412","stop_code":"50412","stop_name":"Eastbound Beliveau at Kearney","routes":"556"}},{"type":"Feature","geometry":{"type":"Point","coordinates":[-97.1063792422,49.8367758282]},"properties":{"stop_id":"50411","stop_code":"50411","stop_name":"Eastbound Beliveau at Eric","routes":"556"}},{"type":"Feature","geometry":{"type":"Point","coordinates":[-97.1061053311,49.8370232091]},"properties":{"stop_id":"50410","stop_code":"50410","stop_name":"Westbound Beliveau at Eric","routes":"556"}},{"type":"Feature","geometry":{"type":"Point","coordinates":[-97.0948266033,49.8409038639]},"properties":{"stop_id":"50417","stop_code":"50417","stop_name":"Westbound Beliveau at St. Anne's","routes":"556"}},{"type":"Feature","geometry":{"type":"Point","coordinates":[-97.1002691329,49.8390234083]},"properties":{"stop_id":"50415","stop_code":"50415","stop_name":"Westbound Beliveau at Beechtree","routes":"556"}},{"type":"Feature","geometry":{"type":"Point","coordinates":[-97.100105864,49.8389307764]},"properties":{"stop_id":"50414","stop_code":"50414","stop_name":"Eastbound Beliveau at Beechtree","routes":"556"}},{"type":"Feature","geometry":{"type":"Point","coordinates":[-97.1246915378,49.9277711447]},"properties":{"stop_id":"31012","stop_code":"31012","stop_name":"Westbound Inkster at Main","routes":"39"}},{"type":"Feature","geometry":{"type":"Point","coordinates":[-97.05973591,49.890531613]},"properties":{"stop_id":"50856","stop_code":"50856","stop_name":"Southbound Terracon at Elan","routes":"887"}},{"type":"Feature","geometry":{"type":"Point","coordinates":[-97.1296034085,49.916786756]},"properties":{"stop_id":"30084","stop_code":"30084","stop_name":"Eastbound Redwood at Main","routes":"38"}},{"type":"Feature","geometry":{"type":"Point","coordinates":[-97.1992485134,49.8810924611]},"properties":{"stop_id":"10881","stop_code":"10881","stop_name":"Southbound Polo Park at Polo Park Hub (D16)","routes":"D16"}},{"type":"Feature","geometry":{"type":"Point","coordinates":[-97.2933560286,49.8808988467]},"properties":{"stop_id":"20360","stop_code":"20360","stop_name":"Southbound Westwood at Portage","routes":"885"}},{"type":"Feature","geometry":{"type":"Point","coordinates":[-97.0596091085,49.8891802225]},"properties":{"stop_id":"50854","stop_code":"50854","stop_name":"Northbound Terracon at Terracon Central","routes":"887"}},{"type":"Feature","geometry":{"type":"Point","coordinates":[-97.1526494617,49.816349251]},"properties":{"stop_id":"60903","stop_code":"60903","stop_name":"Southbound Chancellor at Pembina","routes":"676, 678"}},{"type":"Feature","geometry":{"type":"Point","coordinates":[-97.0852551594,49.8272261657]},"properties":{"stop_id":"50675","stop_code":"50675","stop_name":"Southbound St Anne's at Novavista","routes":"F7"}},{"type":"Feature","geometry":{"type":"Point","coordinates":[-97.203944558,49.8088992912]},"properties":{"stop_id":"60901","stop_code":"60901","stop_name":"Eastbound Columbia at Westmoreland","routes":"649, 650, 691"}},{"type":"Feature","geometry":{"type":"Point","coordinates":[-97.094560377,49.8282163272]},"properties":{"stop_id":"50673","stop_code":"50673","stop_name":"Northbound Ashworth at Woodydell","routes":"552"}},{"type":"Feature","geometry":{"type":"Point","coordinates":[-97.0932187205,49.8266200732]},"properties":{"stop_id":"50672","stop_code":"50672","stop_name":"Northbound Ashworth at Whitley","routes":"552"}},{"type":"Feature","geometry":{"type":"Point","coordinates":[-97.0915546311,49.824739635]},"properties":{"stop_id":"50671","stop_code":"50671","stop_name":"Northbound Ashworth at Novavista","routes":"552"}},{"type":"Feature","geometry":{"type":"Point","coordinates":[-97.0903567166,49.8230287796]},"properties":{"stop_id":"50670","stop_code":"50670","stop_name":"Southbound Ashworth at Harlesden","routes":"552"}},{"type":"Feature","geometry":{"type":"Point","coordinates":[-97.1964949023,49.825712167]},"properties":{"stop_id":"60908","stop_code":"60908","stop_name":"Southbound Lindenwood at Fairhaven","routes":"641, 642, 650"}},{"type":"Feature","geometry":{"type":"Point","coordinates":[-97.1957337669,49.8252415543]},"properties":{"stop_id":"60909","stop_code":"60909","stop_name":"Northbound Lindenwood at Fairhaven","routes":"641, 642, 650"}},{"type":"Feature","geometry":{"type":"Point","coordinates":[-97.1608541718,49.9554709208]},"properties":{"stop_id":"30387","stop_code":"30387","stop_name":"Northbound Pipeline at Adsum","routes":"38, D10"}},{"type":"Feature","geometry":{"type":"Point","coordinates":[-97.0962055084,49.8302313352]},"properties":{"stop_id":"50679","stop_code":"50679","stop_name":"Northbound Ashworth at Wales","routes":"552"}},{"type":"Feature","geometry":{"type":"Point","coordinates":[-97.0761385416,49.86108559]},"properties":{"stop_id":"50074","stop_code":"50074","stop_name":"Westbound Cottonwood at Autumnwood","routes":"558"}},{"type":"Feature","geometry":{"type":"Point","coordinates":[-97.0726183065,49.8610809859]},"properties":{"stop_id":"50076","stop_code":"50076","stop_name":"Westbound Cottonwood at Speers","routes":"558"}},{"type":"Feature","geometry":{"type":"Point","coordinates":[-97.0783419997,49.8634159552]},"properties":{"stop_id":"50071","stop_code":"50071","stop_name":"Southbound Autumnwood at Erie","routes":"D15, F9"}},{"type":"Feature","geometry":{"type":"Point","coordinates":[-97.0783551711,49.8648374025]},"properties":{"stop_id":"50070","stop_code":"50070","stop_name":"Southbound Autumnwood at Betournay","routes":"D15, F9"}},{"type":"Feature","geometry":{"type":"Point","coordinates":[-97.079480357,49.8111820046]},"properties":{"stop_id":"51078","stop_code":"51078","stop_name":"Westbound John Forsyth at Aldgate","routes":"676"}},{"type":"Feature","geometry":{"type":"Point","coordinates":[-97.0781580084,49.863493856]},"properties":{"stop_id":"50072","stop_code":"50072","stop_name":"Northbound Autumnwood at Winakwa","routes":"D15, F9"}},{"type":"Feature","geometry":{"type":"Point","coordinates":[-97.0677355463,49.8331415804]},"properties":{"stop_id":"51076","stop_code":"51076","stop_name":"Westbound Island Lakes at Island Shore","routes":"557"}},{"type":"Feature","geometry":{"type":"Point","coordinates":[-97.1201495317,49.8503580851]},"properties":{"stop_id":"51077","stop_code":"51077","stop_name":"Westbound Fermor at Dunkirk","routes":"557"}},{"type":"Feature","geometry":{"type":"Point","coordinates":[-97.0640165269,49.8350313654]},"properties":{"stop_id":"51075","stop_code":"51075","stop_name":"Westbound Island Lakes at Desjardins","routes":"557"}},{"type":"Feature","geometry":{"type":"Point","coordinates":[-97.0715793331,49.860964731]},"properties":{"stop_id":"50079","stop_code":"50079","stop_name":"Eastbound Cottonwood at Speers","routes":"558"}},{"type":"Feature","geometry":{"type":"Point","coordinates":[-97.0773269343,49.8609434277]},"properties":{"stop_id":"50078","stop_code":"50078","stop_name":"Eastbound Cottonwood at Autumnwood","routes":"558"}},{"type":"Feature","geometry":{"type":"Point","coordinates":[-97.0632526483,49.8287399491]},"properties":{"stop_id":"51070","stop_code":"51070","stop_name":"Southbound Island Shore at Evelyne Reese","routes":"557"}},{"type":"Feature","geometry":{"type":"Point","coordinates":[-97.1903568048,49.8739287114]},"properties":{"stop_id":"60344","stop_code":"60344","stop_name":"Eastbound Academy at Campbell","routes":"D16"}},{"type":"Feature","geometry":{"type":"Point","coordinates":[-97.191448315,49.8741436597]},"properties":{"stop_id":"60345","stop_code":"60345","stop_name":"Westbound Academy at Borebank","routes":"D16"}},{"type":"Feature","geometry":{"type":"Point","coordinates":[-97.1976396048,49.7941572317]},"properties":{"stop_id":"61231","stop_code":"61231","stop_name":"Northbound Centre at Bison","routes":"671"}},{"type":"Feature","geometry":{"type":"Point","coordinates":[-97.1852416052,49.8737496884]},"properties":{"stop_id":"60340","stop_code":"60340","stop_name":"Eastbound Academy at Niagara","routes":"D16"}},{"type":"Feature","geometry":{"type":"Point","coordinates":[-97.1862360536,49.8739541694]},"properties":{"stop_id":"60341","stop_code":"60341","stop_name":"Westbound Academy at Queenston","routes":"D16"}},{"type":"Feature","geometry":{"type":"Point","coordinates":[-97.1970662045,49.7979982058]},"properties":{"stop_id":"61234","stop_code":"61234","stop_name":"Northbound Centre at North Town","routes":"74, 676"}},{"type":"Feature","geometry":{"type":"Point","coordinates":[-97.2066027583,49.8246009424]},"properties":{"stop_id":"61239","stop_code":"61239","stop_name":"Southbound Kenaston Common at Kenaston","routes":"650"}},{"type":"Feature","geometry":{"type":"Point","coordinates":[-97.1655069753,49.827051089]},"properties":{"stop_id":"61238","stop_code":"61238","stop_name":"Eastbound Chevrier at Trottier","routes":"649, 691"}},{"type":"Feature","geometry":{"type":"Point","coordinates":[-97.1964523043,49.8743206748]},"properties":{"stop_id":"60348","stop_code":"60348","stop_name":"Westbound Academy at Lanark","routes":"D16"}},{"type":"Feature","geometry":{"type":"Point","coordinates":[-97.1967501125,49.8741723992]},"properties":{"stop_id":"60349","stop_code":"60349","stop_name":"Eastbound Academy at Lanark","routes":"D16"}},{"type":"Feature","geometry":{"type":"Point","coordinates":[-97.113425963,49.9261669215]},"properties":{"stop_id":"30049","stop_code":"30049","stop_name":"Westbound Matheson at Scotia","routes":"37"}},{"type":"Feature","geometry":{"type":"Point","coordinates":[-97.2074427573,49.8507715435]},"properties":{"stop_id":"60929","stop_code":"60929","stop_name":"Southbound Kenaston at Taylor","routes":"74"}},{"type":"Feature","geometry":{"type":"Point","coordinates":[-97.0426113069,49.8911967562]},"properties":{"stop_id":"40168","stop_code":"40168","stop_name":"Westbound Rougeau at Bournais","routes":"440"}},{"type":"Feature","geometry":{"type":"Point","coordinates":[-97.0424230596,49.8910316604]},"properties":{"stop_id":"40169","stop_code":"40169","stop_name":"Eastbound Rougeau at Bournais","routes":"440"}},{"type":"Feature","geometry":{"type":"Point","coordinates":[-97.1688050501,49.9002150062]},"properties":{"stop_id":"10268","stop_code":"10268","stop_name":"Eastbound Wellington at Arlington","routes":"224"}},{"type":"Feature","geometry":{"type":"Point","coordinates":[-97.2098428127,49.8505748172]},"properties":{"stop_id":"60838","stop_code":"60838","stop_name":"Westbound Taylor at Kenaston West","routes":"664"}},{"type":"Feature","geometry":{"type":"Point","coordinates":[-97.1693376924,49.8879812396]},"properties":{"stop_id":"10269","stop_code":"10269","stop_name":"Southbound Arlington at St. Paul","routes":"28"}},{"type":"Feature","geometry":{"type":"Point","coordinates":[-97.1796961428,49.8428096384]},"properties":{"stop_id":"60836","stop_code":"60836","stop_name":"Southbound Waverley at Victor Lewis","routes":"28, 680"}},{"type":"Feature","geometry":{"type":"Point","coordinates":[-97.1792214255,49.8424873439]},"properties":{"stop_id":"60835","stop_code":"60835","stop_name":"Northbound Waverley at Victor Lewis","routes":"28, 680"}},{"type":"Feature","geometry":{"type":"Point","coordinates":[-97.1753736783,49.839026611]},"properties":{"stop_id":"60831","stop_code":"60831","stop_name":"Southbound Otter at Seel","routes":"650"}},{"type":"Feature","geometry":{"type":"Point","coordinates":[-97.1550856116,49.8060257352]},"properties":{"stop_id":"60120","stop_code":"60120","stop_name":"Northbound Pembina at Victoria Hospital","routes":"BLUE, F8"}},{"type":"Feature","geometry":{"type":"Point","coordinates":[-97.1676564931,49.9044334724]},"properties":{"stop_id":"11155","stop_code":"11155","stop_name":"Northbound Arlington at Notre Dame","routes":"D18"}},{"type":"Feature","geometry":{"type":"Point","coordinates":[-97.1547038827,49.8087541675]},"properties":{"stop_id":"60124","stop_code":"60124","stop_name":"Westbound Markham at Pembina","routes":"662, 678"}},{"type":"Feature","geometry":{"type":"Point","coordinates":[-97.1532365542,49.8104218413]},"properties":{"stop_id":"60125","stop_code":"60125","stop_name":"Southbound Pembina at Southpark South","routes":"662, 678, F8"}},{"type":"Feature","geometry":{"type":"Point","coordinates":[-97.1526550189,49.8107273876]},"properties":{"stop_id":"60126","stop_code":"60126","stop_name":"Northbound Pembina at Southpark","routes":"F8"}},{"type":"Feature","geometry":{"type":"Point","coordinates":[-97.1519482512,49.8132257416]},"properties":{"stop_id":"60129","stop_code":"60129","stop_name":"Northbound Pembina at Thatcher","routes":"678, F8"}},{"type":"Feature","geometry":{"type":"Point","coordinates":[-97.1397807086,49.8992035825]},"properties":{"stop_id":"11156","stop_code":"11156","stop_name":"Westbound William at King","routes":"D18"}},{"type":"Feature","geometry":{"type":"Point","coordinates":[-97.2001442559,49.8981788565]},"properties":{"stop_id":"11151","stop_code":"11151","stop_name":"Northbound St James at Sargent","routes":"74, D13"}},{"type":"Feature","geometry":{"type":"Point","coordinates":[-97.1953178999,49.9215355778]},"properties":{"stop_id":"11150","stop_code":"11150","stop_name":"Eastbound Logan at Keewatin","routes":"43"}},{"type":"Feature","geometry":{"type":"Point","coordinates":[-97.1347596393,49.8650945443]},"properties":{"stop_id":"11153","stop_code":"11153","stop_name":"Westbound Morley at Osborne","routes":"557, 895"}},{"type":"Feature","geometry":{"type":"Point","coordinates":[-97.0473631893,49.9079989054]},"properties":{"stop_id":"40893","stop_code":"40893","stop_name":"Southbound Peguis at Prairie Crocus","routes":"444, 446"}},{"type":"Feature","geometry":{"type":"Point","coordinates":[-97.1357412104,49.9006767506]},"properties":{"stop_id":"10800","stop_code":"10800","stop_name":"Eastbound Pacific at Martha","routes":"D16"}},{"type":"Feature","geometry":{"type":"Point","coordinates":[-97.1646121957,49.9035487179]},"properties":{"stop_id":"11152","stop_code":"11152","stop_name":"Northbound Tecumseh at Notre Dame","routes":"D16"}},{"type":"Feature","geometry":{"type":"Point","coordinates":[-97.0504016647,49.90069214]},"properties":{"stop_id":"40890","stop_code":"40890","stop_name":"Northbound Peguis at Cal Gardner","routes":"48, 442, 444, 446"}},{"type":"Feature","geometry":{"type":"Point","coordinates":[-97.0921094449,49.8081616887]},"properties":{"stop_id":"51106","stop_code":"51106","stop_name":"Southbound Dakota at John Forsyth","routes":"F6"}},{"type":"Feature","geometry":{"type":"Point","coordinates":[-97.0643222869,49.8496626113]},"properties":{"stop_id":"50325","stop_code":"50325","stop_name":"Northbound Beaverhill at Edgewater","routes":"557"}},{"type":"Feature","geometry":{"type":"Point","coordinates":[-97.1051590412,49.8284983176]},"properties":{"stop_id":"51104","stop_code":"51104","stop_name":"Northbound Dakota at Meadowood","routes":"F6"}},{"type":"Feature","geometry":{"type":"Point","coordinates":[-97.0474091455,49.9044466212]},"properties":{"stop_id":"40891","stop_code":"40891","stop_name":"Northbound Peguis at Ravelston","routes":"444, 446"}},{"type":"Feature","geometry":{"type":"Point","coordinates":[-97.0728337904,49.8710511672]},"properties":{"stop_id":"51102","stop_code":"51102","stop_name":"Westbound Elizabeth at Speers","routes":"551"}},{"type":"Feature","geometry":{"type":"Point","coordinates":[-97.1126297289,49.8423379827]},"properties":{"stop_id":"51103","stop_code":"51103","stop_name":"Southbound St Mary's at St. Vital","routes":"676, FX2"}},{"type":"Feature","geometry":{"type":"Point","coordinates":[-96.9692868889,49.8982449254]},"properties":{"stop_id":"41005","stop_code":"41005","stop_name":"Southbound Ravenhurst at John Duncan","routes":"D14"}},{"type":"Feature","geometry":{"type":"Point","coordinates":[-97.1368612838,49.8824438707]},"properties":{"stop_id":"11016","stop_code":"11016","stop_name":"Westbound River at Donald","routes":"D16"}},{"type":"Feature","geometry":{"type":"Point","coordinates":[-97.1000965642,49.8565520657]},"properties":{"stop_id":"51108","stop_code":"51108","stop_name":"Westbound Alpine at Alpine","routes":"557"}},{"type":"Feature","geometry":{"type":"Point","coordinates":[-97.1107805373,49.8262604957]},"properties":{"stop_id":"51109","stop_code":"51109","stop_name":"Westbound Meadowood at St. Vital Centre (FX2)","routes":"FX2"}},{"type":"Feature","geometry":{"type":"Point","coordinates":[-97.0659231497,49.853818151]},"properties":{"stop_id":"50320","stop_code":"50320","stop_name":"Westbound Vermillion at Beaverhill","routes":"551, 557"}},{"type":"Feature","geometry":{"type":"Point","coordinates":[-97.2213971302,49.9253571467]},"properties":{"stop_id":"20532","stop_code":"20532","stop_name":"Westbound Logan at Parent","routes":"881"}},{"type":"Feature","geometry":{"type":"Point","coordinates":[-97.1566069359,49.7655987535]},"properties":{"stop_id":"60018","stop_code":"60018","stop_name":"Northbound Villeneuve at Gendreau","routes":"91"}},{"type":"Feature","geometry":{"type":"Point","coordinates":[-97.063898365,49.8522641123]},"properties":{"stop_id":"50323","stop_code":"50323","stop_name":"Northbound Beaverhill at Grover Hills","routes":"557"}},{"type":"Feature","geometry":{"type":"Point","coordinates":[-97.1903862944,49.8939880064]},"properties":{"stop_id":"10500","stop_code":"10500","stop_name":"Westbound Ellice at Strathcona","routes":"D12"}},{"type":"Feature","geometry":{"type":"Point","coordinates":[-97.1590199862,49.7678859777]},"properties":{"stop_id":"60014","stop_code":"60014","stop_name":"Westbound Ducharme at Villeneuve","routes":"91"}},{"type":"Feature","geometry":{"type":"Point","coordinates":[-97.1940073042,49.8469556775]},"properties":{"stop_id":"60015","stop_code":"60015","stop_name":"Westbound Wilkes at Carpenter","routes":"677"}},{"type":"Feature","geometry":{"type":"Point","coordinates":[-97.1604046807,49.7672603531]},"properties":{"stop_id":"60016","stop_code":"60016","stop_name":"Eastbound Ducharme at Houde","routes":"91"}},{"type":"Feature","geometry":{"type":"Point","coordinates":[-97.1639447801,49.7658233957]},"properties":{"stop_id":"60017","stop_code":"60017","stop_name":"Eastbound Ducharme at le Maire","routes":"91"}},{"type":"Feature","geometry":{"type":"Point","coordinates":[-97.1525960536,49.8177516368]},"properties":{"stop_id":"60010","stop_code":"60010","stop_name":"Eastbound Abinojii Mikanah Ramp EB to Pembina at Pembina","routes":"679"}},{"type":"Feature","geometry":{"type":"Point","coordinates":[-97.1909891473,49.8469445239]},"properties":{"stop_id":"60013","stop_code":"60013","stop_name":"Westbound Wilkes at Villa Nova","routes":"677"}},{"type":"Feature","geometry":{"type":"Point","coordinates":[-97.1881471885,49.8939170063]},"properties":{"stop_id":"10502","stop_code":"10502","stop_name":"Westbound Ellice at Valour","routes":"D12"}},{"type":"Feature","geometry":{"type":"Point","coordinates":[-97.1652647681,49.8018429468]},"properties":{"stop_id":"61266","stop_code":"61266","stop_name":"Westbound Bison at Markham","routes":"74"}},{"type":"Feature","geometry":{"type":"Point","coordinates":[-97.1385990236,49.8969808092]},"properties":{"stop_id":"10628","stop_code":"10628","stop_name":"Northbound Main at McDermot","routes":"D16, FX2, FX3"}},{"type":"Feature","geometry":{"type":"Point","coordinates":[-97.1378182161,49.8999006276]},"properties":{"stop_id":"10629","stop_code":"10629","stop_name":"Northbound Main at James (Concert Hall)","routes":"D16, FX2, FX3"}},{"type":"Feature","geometry":{"type":"Point","coordinates":[-97.1257462569,49.923929372]},"properties":{"stop_id":"30063","stop_code":"30063","stop_name":"Westbound Cathedral at Main East","routes":"37, 39"}},{"type":"Feature","geometry":{"type":"Point","coordinates":[-97.2542147005,49.8827708979]},"properties":{"stop_id":"20474","stop_code":"20474","stop_name":"Southbound Whytewold at Bruce","routes":"220"}},{"type":"Feature","geometry":{"type":"Point","coordinates":[-97.1255179179,49.9237097957]},"properties":{"stop_id":"30064","stop_code":"30064","stop_name":"Eastbound Cathedral at Main East","routes":"37, 39"}},{"type":"Feature","geometry":{"type":"Point","coordinates":[-97.1605418504,49.9384205683]},"properties":{"stop_id":"30448","stop_code":"30448","stop_name":"Northbound McPhillips at Inkster","routes":"F5"}},{"type":"Feature","geometry":{"type":"Point","coordinates":[-97.1842252929,49.8937925973]},"properties":{"stop_id":"10506","stop_code":"10506","stop_name":"Westbound Ellice at Erin","routes":"D12"}},{"type":"Feature","geometry":{"type":"Point","coordinates":[-97.1348586067,49.8892568427]},"properties":{"stop_id":"10625","stop_code":"10625","stop_name":"Northbound Main at Broadway (Union Station)","routes":"BLUE, FX2, FX3"}},{"type":"Feature","geometry":{"type":"Point","coordinates":[-97.1378993031,49.8949007014]},"properties":{"stop_id":"10627","stop_code":"10627","stop_name":"Northbound Main at Portage and Main Junction","routes":"FX2, FX3"}},{"type":"Feature","geometry":{"type":"Point","coordinates":[-97.137993503,49.8797905615]},"properties":{"stop_id":"10153","stop_code":"10153","stop_name":"Southbound Donald at Stradbrook","routes":"F5, F8"}},{"type":"Feature","geometry":{"type":"Point","coordinates":[-97.1596945333,49.8966344563]},"properties":{"stop_id":"10402","stop_code":"10402","stop_name":"Westbound Sargent at Maryland","routes":"D13"}},{"type":"Feature","geometry":{"type":"Point","coordinates":[-97.1331202124,49.8845154204]},"properties":{"stop_id":"10157","stop_code":"10157","stop_name":"Eastbound Mayfair at Queen Elizabeth","routes":"BLUE, D16, FX3"}},{"type":"Feature","geometry":{"type":"Point","coordinates":[-97.2028204689,49.8943615888]},"properties":{"stop_id":"20089","stop_code":"20089","stop_name":"Westbound Ellice at Century","routes":"D12"}},{"type":"Feature","geometry":{"type":"Point","coordinates":[-97.1786678845,49.9075215896]},"properties":{"stop_id":"10407","stop_code":"10407","stop_name":"Eastbound Notre Dame at Wall","routes":"D16, D18"}},{"type":"Feature","geometry":{"type":"Point","coordinates":[-97.1771747278,49.9072282422]},"properties":{"stop_id":"10408","stop_code":"10408","stop_name":"Westbound Notre Dame at Myrtle","routes":"D16, D18"}},{"type":"Feature","geometry":{"type":"Point","coordinates":[-97.2095513474,49.8979739086]},"properties":{"stop_id":"20086","stop_code":"20086","stop_name":"Northbound Berry at Sargent","routes":"D12"}},{"type":"Feature","geometry":{"type":"Point","coordinates":[-97.1321488197,49.8851563879]},"properties":{"stop_id":"10158","stop_code":"10158","stop_name":"Northbound Queen Elizabeth at Mayfair","routes":"D14, D15, FX2"}},{"type":"Feature","geometry":{"type":"Point","coordinates":[-97.1320857491,49.8839050594]},"properties":{"stop_id":"10159","stop_code":"10159","stop_name":"Southbound Queen Elizabeth at Stradbrook","routes":"BLUE, D14, D15, D16, FX2, FX3"}},{"type":"Feature","geometry":{"type":"Point","coordinates":[-97.1957336499,49.9163699666]},"properties":{"stop_id":"10390","stop_code":"10390","stop_name":"Eastbound Notre Dame at Keewatin","routes":"D16, D18"}},{"type":"Feature","geometry":{"type":"Point","coordinates":[-97.1929357429,49.9140775988]},"properties":{"stop_id":"10393","stop_code":"10393","stop_name":"Eastbound Notre Dame at Bannatyne","routes":"884, D16, D18"}},{"type":"Feature","geometry":{"type":"Point","coordinates":[-97.1928968099,49.9143738245]},"properties":{"stop_id":"10394","stop_code":"10394","stop_name":"Westbound Notre Dame at Bannatyne","routes":"884, D16, D18"}},{"type":"Feature","geometry":{"type":"Point","coordinates":[-97.1880336902,49.9106998422]},"properties":{"stop_id":"10399","stop_code":"10399","stop_name":"Westbound Notre Dame at Flint","routes":"884, D16, D18"}},{"type":"Feature","geometry":{"type":"Point","coordinates":[-97.1526596843,49.7876009482]},"properties":{"stop_id":"60658","stop_code":"60658","stop_name":"Northbound Baylor at Mount Allison","routes":"662"}},{"type":"Feature","geometry":{"type":"Point","coordinates":[-97.0889794366,49.9411474615]},"properties":{"stop_id":"41003","stop_code":"41003","stop_name":"Eastbound Edison at Henderson","routes":"330"}},{"type":"Feature","geometry":{"type":"Point","coordinates":[-97.2068513609,49.9591335347]},"properties":{"stop_id":"37010","stop_code":"37010","stop_name":"Southbound King Edward at Coalstone","routes":"334"}},{"type":"Feature","geometry":{"type":"Point","coordinates":[-97.2200872757,49.9529693242]},"properties":{"stop_id":"37011","stop_code":"37011","stop_name":"Eastbound Discovery at Discovery","routes":"881"}},{"type":"Feature","geometry":{"type":"Point","coordinates":[-97.1261326987,49.9462971387]},"properties":{"stop_id":"37012","stop_code":"37012","stop_name":"Northbound McGregor at Leila","routes":"F6"}},{"type":"Feature","geometry":{"type":"Point","coordinates":[-97.1180214729,49.9487651415]},"properties":{"stop_id":"37013","stop_code":"37013","stop_name":"Northbound Salter at Templeton","routes":"D11, F6"}},{"type":"Feature","geometry":{"type":"Point","coordinates":[-97.1265568897,49.9461420929]},"properties":{"stop_id":"37014","stop_code":"37014","stop_name":"Southbound McGregor at Partridge","routes":"F6"}},{"type":"Feature","geometry":{"type":"Point","coordinates":[-97.1000238896,49.9544618917]},"properties":{"stop_id":"37015","stop_code":"37015","stop_name":"Eastbound Murray at Main","routes":"330"}},{"type":"Feature","geometry":{"type":"Point","coordinates":[-97.2539387206,49.8583903965]},"properties":{"stop_id":"60654","stop_code":"60654","stop_name":"Southbound Cathcart at Grant","routes":"885"}},{"type":"Feature","geometry":{"type":"Point","coordinates":[-97.1538505015,49.8479771879]},"properties":{"stop_id":"60655","stop_code":"60655","stop_name":"Westbound Windermere at Windermere Terminal","routes":"557"}},{"type":"Feature","geometry":{"type":"Point","coordinates":[-97.1297255083,49.9024686743]},"properties":{"stop_id":"10714","stop_code":"10714","stop_name":"Eastbound Disraeli at Henry","routes":"F8"}},{"type":"Feature","geometry":{"type":"Point","coordinates":[-97.1300950334,49.9026365539]},"properties":{"stop_id":"10715","stop_code":"10715","stop_name":"Westbound Disraeli at Henry","routes":"F8"}},{"type":"Feature","geometry":{"type":"Point","coordinates":[-97.1346008255,49.9017197928]},"properties":{"stop_id":"10716","stop_code":"10716","stop_name":"Westbound Disraeli at Martha","routes":"F8"}},{"type":"Feature","geometry":{"type":"Point","coordinates":[-97.1366264807,49.8936029271]},"properties":{"stop_id":"10710","stop_code":"10710","stop_name":"Eastbound William Stephenson at Portage and Main Junction","routes":"D12, D13, D16"}},{"type":"Feature","geometry":{"type":"Point","coordinates":[-97.1341627437,49.9015238377]},"properties":{"stop_id":"10712","stop_code":"10712","stop_name":"Eastbound Disraeli at Martha","routes":"F8"}},{"type":"Feature","geometry":{"type":"Point","coordinates":[-97.1705057805,49.9090030052]},"properties":{"stop_id":"10713","stop_code":"10713","stop_name":"Westbound William at McPhillips","routes":"833"}},{"type":"Feature","geometry":{"type":"Point","coordinates":[-97.1644463243,49.8866354897]},"properties":{"stop_id":"17006","stop_code":"17006","stop_name":"Westbound Broadway at Portage","routes":"D14, D15"}},{"type":"Feature","geometry":{"type":"Point","coordinates":[-97.1995110419,49.8268655246]},"properties":{"stop_id":"61135","stop_code":"61135","stop_name":"Northbound Lindenwood at Lindenwood Terrace","routes":"650"}},{"type":"Feature","geometry":{"type":"Point","coordinates":[-97.0457637714,49.8951898838]},"properties":{"stop_id":"40175","stop_code":"40175","stop_name":"Eastbound Regent at Starlight","routes":"FX3"}},{"type":"Feature","geometry":{"type":"Point","coordinates":[-97.045029653,49.8954383446]},"properties":{"stop_id":"40174","stop_code":"40174","stop_name":"Westbound Regent at Club Regent (Park & Ride)","routes":"FX3"}},{"type":"Feature","geometry":{"type":"Point","coordinates":[-97.0498133593,49.892487695]},"properties":{"stop_id":"40177","stop_code":"40177","stop_name":"Westbound Rougeau at Trudell","routes":"440"}},{"type":"Feature","geometry":{"type":"Point","coordinates":[-97.0494866644,49.8923022879]},"properties":{"stop_id":"40176","stop_code":"40176","stop_name":"Eastbound Rougeau at Bernard","routes":"440"}},{"type":"Feature","geometry":{"type":"Point","coordinates":[-97.0404314039,49.8951716892]},"properties":{"stop_id":"40171","stop_code":"40171","stop_name":"Eastbound Regent at Owen","routes":"FX3"}},{"type":"Feature","geometry":{"type":"Point","coordinates":[-97.0422590916,49.8954274957]},"properties":{"stop_id":"40170","stop_code":"40170","stop_name":"Westbound Regent at Owen","routes":"FX3"}},{"type":"Feature","geometry":{"type":"Point","coordinates":[-97.0458650991,49.8916475228]},"properties":{"stop_id":"40173","stop_code":"40173","stop_name":"Eastbound Rougeau at Perry","routes":"440"}},{"type":"Feature","geometry":{"type":"Point","coordinates":[-97.0464543284,49.8918823473]},"properties":{"stop_id":"40172","stop_code":"40172","stop_name":"Westbound Rougeau at Wendilene","routes":"440"}},{"type":"Feature","geometry":{"type":"Point","coordinates":[-97.2757486469,49.8816364129]},"properties":{"stop_id":"20469","stop_code":"20469","stop_name":"Eastbound Pearl McGonigal at Grace Hospital (220, 883, 885)","routes":"220, 883, 885"}},{"type":"Feature","geometry":{"type":"Point","coordinates":[-97.2718099768,49.8781056467]},"properties":{"stop_id":"20468","stop_code":"20468","stop_name":"Southbound Ronald at Portage","routes":"220, 883, 885"}},{"type":"Feature","geometry":{"type":"Point","coordinates":[-97.3156726968,49.8912189515]},"properties":{"stop_id":"20399","stop_code":"20399","stop_name":"Northbound Buchanan at Hamilton","routes":"220, D15"}},{"type":"Feature","geometry":{"type":"Point","coordinates":[-97.0480594914,49.9138664463]},"properties":{"stop_id":"40882","stop_code":"40882","stop_name":"Westbound Concordia at Peguis","routes":"446"}},{"type":"Feature","geometry":{"type":"Point","coordinates":[-97.0404865829,49.9178672432]},"properties":{"stop_id":"40884","stop_code":"40884","stop_name":"Eastbound Concordia at Whittington","routes":"446"}},{"type":"Feature","geometry":{"type":"Point","coordinates":[-97.0450307144,49.9150476602]},"properties":{"stop_id":"40887","stop_code":"40887","stop_name":"Eastbound Concordia at Pinetop","routes":"446"}},{"type":"Feature","geometry":{"type":"Point","coordinates":[-97.3078268462,49.8754984145]},"properties":{"stop_id":"20393","stop_code":"20393","stop_name":"Northbound Bedson at Sansome","routes":"885"}},{"type":"Feature","geometry":{"type":"Point","coordinates":[-97.1642294359,49.8868479307]},"properties":{"stop_id":"10575","stop_code":"10575","stop_name":"Eastbound Portage at Broadway","routes":"BLUE, FX4"}},{"type":"Feature","geometry":{"type":"Point","coordinates":[-97.1606431977,49.8877984462]},"properties":{"stop_id":"10576","stop_code":"10576","stop_name":"Eastbound Portage at Maryland","routes":"BLUE, F7, FX4"}},{"type":"Feature","geometry":{"type":"Point","coordinates":[-97.3085962077,49.8678190044]},"properties":{"stop_id":"20390","stop_code":"20390","stop_name":"Northbound Bedson at Assiniboine","routes":"885"}},{"type":"Feature","geometry":{"type":"Point","coordinates":[-97.2780079229,49.893255488]},"properties":{"stop_id":"20465","stop_code":"20465","stop_name":"Southbound Sturgeon at Silver","routes":"220, 883, FX3"}},{"type":"Feature","geometry":{"type":"Point","coordinates":[-97.3163015056,49.884751779]},"properties":{"stop_id":"20396","stop_code":"20396","stop_name":"Northbound Buchanan at Livinia","routes":"220, D15"}},{"type":"Feature","geometry":{"type":"Point","coordinates":[-97.3071519356,49.8824596002]},"properties":{"stop_id":"20395","stop_code":"20395","stop_name":"Northbound Bedson at Portage","routes":"885"}},{"type":"Feature","geometry":{"type":"Point","coordinates":[-97.3075267902,49.8785073229]},"properties":{"stop_id":"20394","stop_code":"20394","stop_name":"Northbound Bedson at Allard","routes":"885"}},{"type":"Feature","geometry":{"type":"Point","coordinates":[-97.1509944047,49.9438993504]},"properties":{"stop_id":"30401","stop_code":"30401","stop_name":"Westbound Jefferson at Tulip","routes":"37"}},{"type":"Feature","geometry":{"type":"Point","coordinates":[-97.1380870217,49.9457164007]},"properties":{"stop_id":"30406","stop_code":"30406","stop_name":"Southbound Sinclair at Lincrest","routes":"28"}},{"type":"Feature","geometry":{"type":"Point","coordinates":[-97.1541839585,49.8593072946]},"properties":{"stop_id":"10089","stop_code":"10089","stop_name":"Northbound Stafford at Ebby","routes":"D11"}},{"type":"Feature","geometry":{"type":"Point","coordinates":[-97.151980237,49.8565286355]},"properties":{"stop_id":"10085","stop_code":"10085","stop_name":"Northbound Pembina at Stafford","routes":"F8"}},{"type":"Feature","geometry":{"type":"Point","coordinates":[-97.1522724268,49.856893103]},"properties":{"stop_id":"10086","stop_code":"10086","stop_name":"Southbound Pembina at Stafford","routes":"F8"}},{"type":"Feature","geometry":{"type":"Point","coordinates":[-97.1523644642,49.8573982958]},"properties":{"stop_id":"10087","stop_code":"10087","stop_name":"Northbound Stafford at Stafford Loop","routes":"664, 889, D11"}},{"type":"Feature","geometry":{"type":"Point","coordinates":[-97.1499216299,49.8608853378]},"properties":{"stop_id":"10081","stop_code":"10081","stop_name":"Southbound Pembina at Ebby","routes":"F8"}},{"type":"Feature","geometry":{"type":"Point","coordinates":[-97.1501355413,49.8596564336]},"properties":{"stop_id":"10082","stop_code":"10082","stop_name":"Northbound Pembina at Jackson","routes":"F8"}},{"type":"Feature","geometry":{"type":"Point","coordinates":[-97.1490893407,49.9292341256]},"properties":{"stop_id":"30303","stop_code":"30303","stop_name":"Southbound Arlington at Church","routes":"28"}},{"type":"Feature","geometry":{"type":"Point","coordinates":[-97.0808187319,49.9125612079]},"properties":{"stop_id":"40319","stop_code":"40319","stop_name":"Southbound London at Munroe","routes":"330"}},{"type":"Feature","geometry":{"type":"Point","coordinates":[-97.1300747187,49.9082041397]},"properties":{"stop_id":"30628","stop_code":"30628","stop_name":"Westbound Euclid at Granville","routes":"31, D17"}},{"type":"Feature","geometry":{"type":"Point","coordinates":[-97.1837180374,49.95215283]},"properties":{"stop_id":"30629","stop_code":"30629","stop_name":"Northbound Mandalay at Margate","routes":"39"}},{"type":"Feature","geometry":{"type":"Point","coordinates":[-97.1755410324,49.954938653]},"properties":{"stop_id":"30622","stop_code":"30622","stop_name":"Eastbound Adsum at Manila","routes":"D10"}},{"type":"Feature","geometry":{"type":"Point","coordinates":[-97.0789990328,49.9145369218]},"properties":{"stop_id":"40310","stop_code":"40310","stop_name":"Northbound London at Fleming","routes":"330"}},{"type":"Feature","geometry":{"type":"Point","coordinates":[-97.088638356,49.9039743788]},"properties":{"stop_id":"40313","stop_code":"40313","stop_name":"Westbound Talbot at Cameron","routes":"D17"}},{"type":"Feature","geometry":{"type":"Point","coordinates":[-97.1762614892,49.9550579392]},"properties":{"stop_id":"30621","stop_code":"30621","stop_name":"Westbound Adsum at Manila","routes":"D10"}},{"type":"Feature","geometry":{"type":"Point","coordinates":[-97.0780672792,49.916950119]},"properties":{"stop_id":"40315","stop_code":"40315","stop_name":"Westbound Concordia at London","routes":"442"}},{"type":"Feature","geometry":{"type":"Point","coordinates":[-97.125829758,49.9056078982]},"properties":{"stop_id":"30627","stop_code":"30627","stop_name":"Westbound Sutherland at Disraeli","routes":"31, D17"}},{"type":"Feature","geometry":{"type":"Point","coordinates":[-97.1805757125,49.9548919272]},"properties":{"stop_id":"30624","stop_code":"30624","stop_name":"Eastbound Adsum at Ashmore","routes":"D10"}},{"type":"Feature","geometry":{"type":"Point","coordinates":[-97.0776817859,49.9164849712]},"properties":{"stop_id":"40316","stop_code":"40316","stop_name":"Southbound London at Concordia","routes":"330"}},{"type":"Feature","geometry":{"type":"Point","coordinates":[-97.2662846964,49.8761430983]},"properties":{"stop_id":"20266","stop_code":"20266","stop_name":"Eastbound Portage at Windham","routes":"22, 220, 885"}},{"type":"Feature","geometry":{"type":"Point","coordinates":[-97.2729746096,49.8778441819]},"properties":{"stop_id":"20264","stop_code":"20264","stop_name":"Eastbound Portage at Woodhaven","routes":"22, BLUE, FX3"}},{"type":"Feature","geometry":{"type":"Point","coordinates":[-97.278645716,49.8792418953]},"properties":{"stop_id":"20262","stop_code":"20262","stop_name":"Eastbound Portage at Sturgeon","routes":"22"}},{"type":"Feature","geometry":{"type":"Point","coordinates":[-97.1946095751,49.7915643744]},"properties":{"stop_id":"62098","stop_code":"62098","stop_name":"Eastbound South Town at Kenaston","routes":"678"}},{"type":"Feature","geometry":{"type":"Point","coordinates":[-97.2832251837,49.8800294826]},"properties":{"stop_id":"20260","stop_code":"20260","stop_name":"Eastbound Portage at Country Club","routes":"22, 220, 885"}},{"type":"Feature","geometry":{"type":"Point","coordinates":[-97.0115304624,49.8933204977]},"properties":{"stop_id":"40081","stop_code":"40081","stop_name":"Eastbound Pandora at Madeline","routes":"444"}},{"type":"Feature","geometry":{"type":"Point","coordinates":[-97.197449714,49.792535153]},"properties":{"stop_id":"62097","stop_code":"62097","stop_name":"Southbound Centre at Park West","routes":"671, 678"}},{"type":"Feature","geometry":{"type":"Point","coordinates":[-97.011985645,49.9052828441]},"properties":{"stop_id":"40083","stop_code":"40083","stop_name":"Northbound Madeline at McMeans","routes":"48"}},{"type":"Feature","geometry":{"type":"Point","coordinates":[-97.0117398043,49.9055034993]},"properties":{"stop_id":"40082","stop_code":"40082","stop_name":"Westbound McMeans at Madeline","routes":"48"}},{"type":"Feature","geometry":{"type":"Point","coordinates":[-97.0120180469,49.9038171958]},"properties":{"stop_id":"40085","stop_code":"40085","stop_name":"Northbound Madeline at Newman","routes":"48"}},{"type":"Feature","geometry":{"type":"Point","coordinates":[-97.0121984778,49.9041711045]},"properties":{"stop_id":"40084","stop_code":"40084","stop_name":"Southbound Madeline at Newman","routes":"48"}},{"type":"Feature","geometry":{"type":"Point","coordinates":[-97.2577545104,49.8749266577]},"properties":{"stop_id":"20269","stop_code":"20269","stop_name":"Eastbound Portage at Rita","routes":"22, 220"}},{"type":"Feature","geometry":{"type":"Point","coordinates":[-97.2614599806,49.8748384414]},"properties":{"stop_id":"20268","stop_code":"20268","stop_name":"Eastbound Portage at Moray","routes":"22, 220, BLUE"}},{"type":"Feature","geometry":{"type":"Point","coordinates":[-97.1437277864,49.924075132]},"properties":{"stop_id":"30248","stop_code":"30248","stop_name":"Eastbound Mountain at McGregor","routes":"38"}},{"type":"Feature","geometry":{"type":"Point","coordinates":[-97.1446894587,49.9226153693]},"properties":{"stop_id":"30249","stop_code":"30249","stop_name":"Southbound McGregor at Boyd","routes":"F6"}},{"type":"Feature","geometry":{"type":"Point","coordinates":[-97.1733168164,49.9333967324]},"properties":{"stop_id":"30538","stop_code":"30538","stop_name":"Eastbound Mountain at Fife West","routes":"38"}},{"type":"Feature","geometry":{"type":"Point","coordinates":[-97.0647852481,49.8962200871]},"properties":{"stop_id":"40778","stop_code":"40778","stop_name":"Northbound Crossroads Station Access at Regent South","routes":"440"}},{"type":"Feature","geometry":{"type":"Point","coordinates":[-97.1708625322,49.9341765304]},"properties":{"stop_id":"30536","stop_code":"30536","stop_name":"Southbound Fife at Admiral","routes":"332"}},{"type":"Feature","geometry":{"type":"Point","coordinates":[-97.1411836113,49.9271915527]},"properties":{"stop_id":"30241","stop_code":"30241","stop_name":"Southbound McGregor at Machray","routes":"F6"}},{"type":"Feature","geometry":{"type":"Point","coordinates":[-97.1298812532,49.936966995]},"properties":{"stop_id":"30534","stop_code":"30534","stop_name":"Eastbound Jefferson at Andrews","routes":"37"}},{"type":"Feature","geometry":{"type":"Point","coordinates":[-97.1697492226,49.9356071245]},"properties":{"stop_id":"30535","stop_code":"30535","stop_name":"Southbound Fife at Church","routes":"332"}},{"type":"Feature","geometry":{"type":"Point","coordinates":[-97.0254647703,49.891022438]},"properties":{"stop_id":"40773","stop_code":"40773","stop_name":"Southbound Plessis at Kernaghan","routes":"D14"}},{"type":"Feature","geometry":{"type":"Point","coordinates":[-97.143019036,49.9240277873]},"properties":{"stop_id":"30245","stop_code":"30245","stop_name":"Westbound Mountain at McGregor","routes":"38"}},{"type":"Feature","geometry":{"type":"Point","coordinates":[-97.1437061538,49.9239128756]},"properties":{"stop_id":"30246","stop_code":"30246","stop_name":"Southbound McGregor at Mountain","routes":"F6"}},{"type":"Feature","geometry":{"type":"Point","coordinates":[-97.1432362959,49.9241751912]},"properties":{"stop_id":"30247","stop_code":"30247","stop_name":"Northbound McGregor at Mountain","routes":"F6"}},{"type":"Feature","geometry":{"type":"Point","coordinates":[-97.1709101848,49.9329179915]},"properties":{"stop_id":"30756","stop_code":"30756","stop_name":"Westbound Fife at Fife Loop","routes":"336"}},{"type":"Feature","geometry":{"type":"Point","coordinates":[-97.0863379098,49.9402762933]},"properties":{"stop_id":"40556","stop_code":"40556","stop_name":"Eastbound Edison at Roch West","routes":"330, 442"}},{"type":"Feature","geometry":{"type":"Point","coordinates":[-97.1552259152,49.9451451742]},"properties":{"stop_id":"30754","stop_code":"30754","stop_name":"Eastbound Jefferson at McPhillips West","routes":"37, 334"}},{"type":"Feature","geometry":{"type":"Point","coordinates":[-97.137148372,49.947284416]},"properties":{"stop_id":"30755","stop_code":"30755","stop_name":"Southbound Sinclair at Kingsbury","routes":"28"}},{"type":"Feature","geometry":{"type":"Point","coordinates":[-97.206057871,49.944468581]},"properties":{"stop_id":"30753","stop_code":"30753","stop_name":"Eastbound Kinver at King Edward","routes":"332"}},{"type":"Feature","geometry":{"type":"Point","coordinates":[-97.0785113043,49.9394180761]},"properties":{"stop_id":"40551","stop_code":"40551","stop_name":"Southbound Rothesay at Melmar","routes":"442"}},{"type":"Feature","geometry":{"type":"Point","coordinates":[-97.1279954476,49.9363608444]},"properties":{"stop_id":"30186","stop_code":"30186","stop_name":"Eastbound Jefferson at Powers","routes":"37"}},{"type":"Feature","geometry":{"type":"Point","coordinates":[-97.07317343,49.8992294535]},"properties":{"stop_id":"40229","stop_code":"40229","stop_name":"Westbound Nairn at Panet West","routes":"FX3"}},{"type":"Feature","geometry":{"type":"Point","coordinates":[-97.0770439027,49.916411412]},"properties":{"stop_id":"40308","stop_code":"40308","stop_name":"Eastbound Concordia at London","routes":"330, 442"}},{"type":"Feature","geometry":{"type":"Point","coordinates":[-97.0928307338,49.9159709491]},"properties":{"stop_id":"40559","stop_code":"40559","stop_name":"Eastbound Munroe at Raleigh West","routes":"38"}},{"type":"Feature","geometry":{"type":"Point","coordinates":[-97.1471551514,49.9349779573]},"properties":{"stop_id":"30759","stop_code":"30759","stop_name":"Westbound Inkster at Sinclair","routes":"28, 39"}},{"type":"Feature","geometry":{"type":"Point","coordinates":[-97.0688765188,49.9315040651]},"properties":{"stop_id":"40795","stop_code":"40795","stop_name":"Southbound Raleigh at Edison South","routes":"330, 446"}},{"type":"Feature","geometry":{"type":"Point","coordinates":[-97.0600878411,49.8588297168]},"properties":{"stop_id":"50089","stop_code":"50089","stop_name":"Westbound Paterson at Peterboro","routes":"551, 558"}},{"type":"Feature","geometry":{"type":"Point","coordinates":[-97.06830905,49.8609731554]},"properties":{"stop_id":"50081","stop_code":"50081","stop_name":"Eastbound Cottonwood at Monaco","routes":"558"}},{"type":"Feature","geometry":{"type":"Point","coordinates":[-97.0674825331,49.8611122734]},"properties":{"stop_id":"50082","stop_code":"50082","stop_name":"Westbound Cottonwood at Westmount","routes":"558"}},{"type":"Feature","geometry":{"type":"Point","coordinates":[-97.0661040998,49.861134222]},"properties":{"stop_id":"50083","stop_code":"50083","stop_name":"Eastbound Cottonwood at Maywood","routes":"558"}},{"type":"Feature","geometry":{"type":"Point","coordinates":[-97.0658771584,49.9336757703]},"properties":{"stop_id":"40799","stop_code":"40799","stop_name":"Northbound Raleigh at Edison","routes":"446"}},{"type":"Feature","geometry":{"type":"Point","coordinates":[-97.0687262109,49.9314295976]},"properties":{"stop_id":"40798","stop_code":"40798","stop_name":"Northbound Raleigh at Edison South","routes":"330, 446"}},{"type":"Feature","geometry":{"type":"Point","coordinates":[-97.0653816079,49.8590172845]},"properties":{"stop_id":"50086","stop_code":"50086","stop_name":"Southbound Westmount at Maywood","routes":"558"}},{"type":"Feature","geometry":{"type":"Point","coordinates":[-97.1708181554,49.953011204]},"properties":{"stop_id":"30599","stop_code":"30599","stop_name":"Westbound Jefferson at Maevista","routes":"37"}},{"type":"Feature","geometry":{"type":"Point","coordinates":[-97.1288691886,49.9008447282]},"properties":{"stop_id":"11119","stop_code":"11119","stop_name":"Northbound Waterfront at George","routes":"31"}},{"type":"Feature","geometry":{"type":"Point","coordinates":[-97.1329217071,49.898679393]},"properties":{"stop_id":"11118","stop_code":"11118","stop_name":"Northbound Waterfront at James","routes":"31"}},{"type":"Feature","geometry":{"type":"Point","coordinates":[-97.1106602338,49.8828557148]},"properties":{"stop_id":"50248","stop_code":"50248","stop_name":"Westbound Goulet at Des Meurons","routes":"D14, D15"}},{"type":"Feature","geometry":{"type":"Point","coordinates":[-97.1146474903,49.8827048471]},"properties":{"stop_id":"50249","stop_code":"50249","stop_name":"Westbound Goulet at Braemar","routes":"D14, D15"}},{"type":"Feature","geometry":{"type":"Point","coordinates":[-97.1123039002,49.8917516566]},"properties":{"stop_id":"50246","stop_code":"50246","stop_name":"Southbound Des Meurons at De La Cathedrale","routes":"F7"}},{"type":"Feature","geometry":{"type":"Point","coordinates":[-97.1625896699,49.9061971432]},"properties":{"stop_id":"11110","stop_code":"11110","stop_name":"Northbound Tecumseh at William","routes":"D16"}},{"type":"Feature","geometry":{"type":"Point","coordinates":[-97.1692567451,49.8860730182]},"properties":{"stop_id":"11113","stop_code":"11113","stop_name":"Northbound Arlington at Portage North","routes":"28"}},{"type":"Feature","geometry":{"type":"Point","coordinates":[-97.1695719908,49.8817873832]},"properties":{"stop_id":"11112","stop_code":"11112","stop_name":"Northbound Arlington at Westminster","routes":"28"}},{"type":"Feature","geometry":{"type":"Point","coordinates":[-97.1697949519,49.8814131179]},"properties":{"stop_id":"11115","stop_code":"11115","stop_name":"Southbound Arlington at Westminster","routes":"28"}},{"type":"Feature","geometry":{"type":"Point","coordinates":[-97.1690967327,49.888094364]},"properties":{"stop_id":"11114","stop_code":"11114","stop_name":"Northbound Arlington at St. Paul","routes":"28"}},{"type":"Feature","geometry":{"type":"Point","coordinates":[-97.1330428027,49.8955420828]},"properties":{"stop_id":"11117","stop_code":"11117","stop_name":"Northbound Waterfront at Lombard","routes":"31"}},{"type":"Feature","geometry":{"type":"Point","coordinates":[-97.1699352157,49.8795443723]},"properties":{"stop_id":"11116","stop_code":"11116","stop_name":"Southbound Arlington at Wolseley","routes":"28"}},{"type":"Feature","geometry":{"type":"Point","coordinates":[-97.1697960005,49.9189222324]},"properties":{"stop_id":"30337","stop_code":"30337","stop_name":"Northbound McPhillips at Jarvis (McPhillips Station)","routes":"28, 833, F5"}},{"type":"Feature","geometry":{"type":"Point","coordinates":[-97.1638360453,49.9217872155]},"properties":{"stop_id":"30330","stop_code":"30330","stop_name":"Westbound Selkirk at Battery","routes":"D17"}},{"type":"Feature","geometry":{"type":"Point","coordinates":[-97.1642561455,49.9217309119]},"properties":{"stop_id":"30331","stop_code":"30331","stop_name":"Eastbound Selkirk at Battery","routes":"D17"}},{"type":"Feature","geometry":{"type":"Point","coordinates":[-97.1658794322,49.9178708123]},"properties":{"stop_id":"30332","stop_code":"30332","stop_name":"Westbound Jarvis at Sinclair","routes":"28"}},{"type":"Feature","geometry":{"type":"Point","coordinates":[-97.1657606108,49.9176980257]},"properties":{"stop_id":"30333","stop_code":"30333","stop_name":"Eastbound Jarvis at Sinclair","routes":"28"}},{"type":"Feature","geometry":{"type":"Point","coordinates":[-97.1700682369,49.9201948246]},"properties":{"stop_id":"30338","stop_code":"30338","stop_name":"Southbound McPhillips at Jarvis (McPhillips St Stn)","routes":"833, F5"}},{"type":"Feature","geometry":{"type":"Point","coordinates":[-97.1351534765,49.938662123]},"properties":{"stop_id":"30224","stop_code":"30224","stop_name":"Eastbound Jefferson at McKenzie","routes":"37"}},{"type":"Feature","geometry":{"type":"Point","coordinates":[-97.1111793139,49.8263749477]},"properties":{"stop_id":"50880","stop_code":"50880","stop_name":"Westbound St Vital Centre at St. Vital Centre Hub (676 to Creek Bend)","routes":"676"}},{"type":"Feature","geometry":{"type":"Point","coordinates":[-97.1104024322,49.8266860885]},"properties":{"stop_id":"50881","stop_code":"50881","stop_name":"Eastbound St Vital Centre Terminal at St. Vital Centre (676 to Bridgwater)","routes":"676"}},{"type":"Feature","geometry":{"type":"Point","coordinates":[-97.1109517276,49.8265061595]},"properties":{"stop_id":"50882","stop_code":"50882","stop_name":"Eastbound St Vital Centre at St. Vital Centre Hub (556 to Sage Creek)","routes":"556"}},{"type":"Feature","geometry":{"type":"Point","coordinates":[-97.1106136732,49.8266175768]},"properties":{"stop_id":"50883","stop_code":"50883","stop_name":"Eastbound St Vital Centre at St. Vital Centre Hub (552 to South St. Vital)","routes":"552"}},{"type":"Feature","geometry":{"type":"Point","coordinates":[-97.1111073836,49.8264367395]},"properties":{"stop_id":"50884","stop_code":"50884","stop_name":"Eastbound St Vital Centre Hub at St. Vital Centre (FX2)","routes":"FX2"}},{"type":"Feature","geometry":{"type":"Point","coordinates":[-97.0820647625,49.8400363989]},"properties":{"stop_id":"50885","stop_code":"50885","stop_name":"Southbound Shorehill at Abinojii Mikanah","routes":"558"}},{"type":"Feature","geometry":{"type":"Point","coordinates":[-97.0810403924,49.8385082304]},"properties":{"stop_id":"50886","stop_code":"50886","stop_name":"Southbound Shorehill at Aubin","routes":"558"}},{"type":"Feature","geometry":{"type":"Point","coordinates":[-97.0783521714,49.836502674]},"properties":{"stop_id":"50887","stop_code":"50887","stop_name":"Southbound Shorehill at Beaudry","routes":"558"}},{"type":"Feature","geometry":{"type":"Point","coordinates":[-97.0764755999,49.8343756216]},"properties":{"stop_id":"50888","stop_code":"50888","stop_name":"Southbound Shorehill at Wildfire","routes":"558"}},{"type":"Feature","geometry":{"type":"Point","coordinates":[-97.1693639616,49.9509193963]},"properties":{"stop_id":"30590","stop_code":"30590","stop_name":"Westbound Jefferson at Sheppard","routes":"37"}},{"type":"Feature","geometry":{"type":"Point","coordinates":[-97.189153758,49.9663059537]},"properties":{"stop_id":"30941","stop_code":"30941","stop_name":"Northbound Ritchie at Leila","routes":"336"}},{"type":"Feature","geometry":{"type":"Point","coordinates":[-97.1350518132,49.9387684253]},"properties":{"stop_id":"30223","stop_code":"30223","stop_name":"Westbound Jefferson at McKenzie","routes":"37"}},{"type":"Feature","geometry":{"type":"Point","coordinates":[-97.0964292938,49.9349556894]},"properties":{"stop_id":"40423","stop_code":"40423","stop_name":"Southbound Henderson at Northdale","routes":"442, F8"}},{"type":"Feature","geometry":{"type":"Point","coordinates":[-97.0156921846,49.8950560255]},"properties":{"stop_id":"40098","stop_code":"40098","stop_name":"Eastbound Regent at Hoka","routes":"FX3"}},{"type":"Feature","geometry":{"type":"Point","coordinates":[-97.0926594911,49.938311751]},"properties":{"stop_id":"40420","stop_code":"40420","stop_name":"Southbound Henderson at Devon","routes":"442, D10"}},{"type":"Feature","geometry":{"type":"Point","coordinates":[-97.1028072693,49.9290427159]},"properties":{"stop_id":"40427","stop_code":"40427","stop_name":"Southbound Henderson at Dunrobin","routes":"442"}},{"type":"Feature","geometry":{"type":"Point","coordinates":[-97.1016727108,49.9302564351]},"properties":{"stop_id":"40426","stop_code":"40426","stop_name":"Southbound Henderson at Hazel Dell","routes":"442"}},{"type":"Feature","geometry":{"type":"Point","coordinates":[-97.1004949031,49.9315054137]},"properties":{"stop_id":"40425","stop_code":"40425","stop_name":"Southbound Henderson at Greene","routes":"442"}},{"type":"Feature","geometry":{"type":"Point","coordinates":[-97.0993184487,49.9327184226]},"properties":{"stop_id":"40424","stop_code":"40424","stop_name":"Southbound Henderson at Leighton","routes":"442, F8"}},{"type":"Feature","geometry":{"type":"Point","coordinates":[-97.1039542841,49.9278651695]},"properties":{"stop_id":"40428","stop_code":"40428","stop_name":"Southbound Henderson at Kimberly","routes":"F8"}},{"type":"Feature","geometry":{"type":"Point","coordinates":[-97.1717624537,49.9678317224]},"properties":{"stop_id":"30946","stop_code":"30946","stop_name":"Westbound Templeton at Barneveld","routes":"336"}},{"type":"Feature","geometry":{"type":"Point","coordinates":[-97.1527501445,49.8928808785]},"properties":{"stop_id":"11025","stop_code":"11025","stop_name":"Eastbound Ellice at Balmoral","routes":"D12"}},{"type":"Feature","geometry":{"type":"Point","coordinates":[-97.1084165891,49.8326803846]},"properties":{"stop_id":"50405","stop_code":"50405","stop_name":"Eastbound Abinojii Mikanah at Dakota","routes":"F9"}},{"type":"Feature","geometry":{"type":"Point","coordinates":[-97.1354506708,49.8807570745]},"properties":{"stop_id":"11027","stop_code":"11027","stop_name":"Southbound Southwest Transitway at Harkness Station","routes":"BLUE, FX3"}},{"type":"Feature","geometry":{"type":"Point","coordinates":[-97.0932740157,49.8382966867]},"properties":{"stop_id":"50407","stop_code":"50407","stop_name":"Westbound Abinojii Mikanah at St. Anne's","routes":"F9"}},{"type":"Feature","geometry":{"type":"Point","coordinates":[-97.1384986408,49.8232016276]},"properties":{"stop_id":"50400","stop_code":"50400","stop_name":"Westbound Abinojii Mikanah at River","routes":"F9"}},{"type":"Feature","geometry":{"type":"Point","coordinates":[-97.1154165715,49.8293314763]},"properties":{"stop_id":"51034","stop_code":"51034","stop_name":"Northbound Avalon at Avalon Loop","routes":"552, 558"}},{"type":"Feature","geometry":{"type":"Point","coordinates":[-97.2012965675,49.883292092]},"properties":{"stop_id":"11023","stop_code":"11023","stop_name":"Northbound St James at Ness","routes":"FX4"}},{"type":"Feature","geometry":{"type":"Point","coordinates":[-97.1146064601,49.8304966418]},"properties":{"stop_id":"50403","stop_code":"50403","stop_name":"Eastbound Abinojii Mikanah at St. Mary's","routes":"F9"}},{"type":"Feature","geometry":{"type":"Point","coordinates":[-97.1679452596,49.9666290543]},"properties":{"stop_id":"30944","stop_code":"30944","stop_name":"Westbound Templeton at Novara","routes":"336"}},{"type":"Feature","geometry":{"type":"Point","coordinates":[-97.1410970221,49.8732830551]},"properties":{"stop_id":"11029","stop_code":"11029","stop_name":"Southbound Southwest Transitway at Osborne Station","routes":"BLUE, FX3"}},{"type":"Feature","geometry":{"type":"Point","coordinates":[-97.1349015351,49.8809191336]},"properties":{"stop_id":"11028","stop_code":"11028","stop_name":"Northbound Southwest Transitway at Harkness Station","routes":"BLUE, D16, FX3"}},{"type":"Feature","geometry":{"type":"Point","coordinates":[-96.9680930852,49.8898674514]},"properties":{"stop_id":"41007","stop_code":"41007","stop_name":"Northbound Ravenhurst at Renshaw","routes":"D14"}},{"type":"Feature","geometry":{"type":"Point","coordinates":[-97.2126748052,49.9336510828]},"properties":{"stop_id":"30713","stop_code":"30713","stop_name":"Eastbound Manitoba at Walsall","routes":"336, 833"}},{"type":"Feature","geometry":{"type":"Point","coordinates":[-97.1772088299,49.9694736786]},"properties":{"stop_id":"30949","stop_code":"30949","stop_name":"Eastbound Templeton at Strasbourg","routes":"336"}},{"type":"Feature","geometry":{"type":"Point","coordinates":[-97.1768189191,49.9694585469]},"properties":{"stop_id":"30948","stop_code":"30948","stop_name":"Westbound Templeton at Bitterfield","routes":"336"}},{"type":"Feature","geometry":{"type":"Point","coordinates":[-97.0124140931,49.8951976692]},"properties":{"stop_id":"40092","stop_code":"40092","stop_name":"Westbound Regent at Madeline","routes":"FX3"}},{"type":"Feature","geometry":{"type":"Point","coordinates":[-97.3000878434,49.8723357735]},"properties":{"stop_id":"20378","stop_code":"20378","stop_name":"Southbound Rouge at Browning","routes":"220"}},{"type":"Feature","geometry":{"type":"Point","coordinates":[-97.0598001145,49.8965683969]},"properties":{"stop_id":"47020","stop_code":"47020","stop_name":"Eastbound Regent at Kildonan Place Hub","routes":"FX3"}},{"type":"Feature","geometry":{"type":"Point","coordinates":[-97.2347523514,49.8770788149]},"properties":{"stop_id":"20279","stop_code":"20279","stop_name":"Eastbound Portage at Woodlawn","routes":"22"}},{"type":"Feature","geometry":{"type":"Point","coordinates":[-97.199402116,49.9442843379]},"properties":{"stop_id":"30650","stop_code":"30650","stop_name":"Northbound Dexter at Kinver","routes":"332"}},{"type":"Feature","geometry":{"type":"Point","coordinates":[-97.1003988361,49.8303902043]},"properties":{"stop_id":"50661","stop_code":"50661","stop_name":"Eastbound Meadowood at Brentford","routes":"552"}},{"type":"Feature","geometry":{"type":"Point","coordinates":[-97.0976416792,49.831550257]},"properties":{"stop_id":"50662","stop_code":"50662","stop_name":"Eastbound Meadowood at Ashworth","routes":"552"}},{"type":"Feature","geometry":{"type":"Point","coordinates":[-97.1005780872,49.8304291275]},"properties":{"stop_id":"50665","stop_code":"50665","stop_name":"Westbound Meadowood at Brentford","routes":"552"}},{"type":"Feature","geometry":{"type":"Point","coordinates":[-97.2152718411,49.8074104575]},"properties":{"stop_id":"60938","stop_code":"60938","stop_name":"Southbound Scurfield at Izatt School","routes":"649, 650, 691"}},{"type":"Feature","geometry":{"type":"Point","coordinates":[-97.0932150758,49.8263591536]},"properties":{"stop_id":"50668","stop_code":"50668","stop_name":"Southbound Ashworth at Whitley","routes":"552"}},{"type":"Feature","geometry":{"type":"Point","coordinates":[-97.0916572038,49.8246063994]},"properties":{"stop_id":"50669","stop_code":"50669","stop_name":"Southbound Ashworth at Novavista","routes":"552"}},{"type":"Feature","geometry":{"type":"Point","coordinates":[-97.2084235867,49.8065490459]},"properties":{"stop_id":"60935","stop_code":"60935","stop_name":"Eastbound Scurfield at Sheffield","routes":"649, 650, 691"}},{"type":"Feature","geometry":{"type":"Point","coordinates":[-97.2097090418,49.8044820806]},"properties":{"stop_id":"60934","stop_code":"60934","stop_name":"Eastbound Scurfield at Beacon Hill","routes":"649, 650, 691"}},{"type":"Feature","geometry":{"type":"Point","coordinates":[-97.2132054746,49.803510683]},"properties":{"stop_id":"60933","stop_code":"60933","stop_name":"Eastbound Scurfield at Vineland","routes":"649, 650, 691"}},{"type":"Feature","geometry":{"type":"Point","coordinates":[-97.2110815929,49.869393539]},"properties":{"stop_id":"60932","stop_code":"60932","stop_name":"Southbound Edgeland at Tuxedo","routes":"70"}},{"type":"Feature","geometry":{"type":"Point","coordinates":[-97.2111490948,49.8668130178]},"properties":{"stop_id":"60931","stop_code":"60931","stop_name":"Northbound Edgeland at Corydon","routes":"70"}},{"type":"Feature","geometry":{"type":"Point","coordinates":[-97.2124667048,49.8096069347]},"properties":{"stop_id":"60930","stop_code":"60930","stop_name":"Southbound Scurfield at Fleetwood West","routes":"649, 650, 691"}},{"type":"Feature","geometry":{"type":"Point","coordinates":[-97.0806305877,49.8674657548]},"properties":{"stop_id":"50066","stop_code":"50066","stop_name":"Southbound De Bourmont at Autumnwood","routes":"D15"}},{"type":"Feature","geometry":{"type":"Point","coordinates":[-97.0806812819,49.8693465734]},"properties":{"stop_id":"50067","stop_code":"50067","stop_name":"Northbound De Bourmont at Fontaine","routes":"D15"}},{"type":"Feature","geometry":{"type":"Point","coordinates":[-97.1200602347,49.8501497473]},"properties":{"stop_id":"51049","stop_code":"51049","stop_name":"Eastbound Fermor at Dunkirk","routes":"557"}},{"type":"Feature","geometry":{"type":"Point","coordinates":[-97.0802044487,49.8673327551]},"properties":{"stop_id":"50065","stop_code":"50065","stop_name":"Northbound Autumnwood at De Bourmont","routes":"D15"}},{"type":"Feature","geometry":{"type":"Point","coordinates":[-97.0777268661,49.8652407434]},"properties":{"stop_id":"50062","stop_code":"50062","stop_name":"Eastbound Betournay at Autumnwood","routes":"F9"}},{"type":"Feature","geometry":{"type":"Point","coordinates":[-97.0781547565,49.8656796154]},"properties":{"stop_id":"50063","stop_code":"50063","stop_name":"Northbound Autumnwood at Betournay","routes":"D15"}},{"type":"Feature","geometry":{"type":"Point","coordinates":[-97.0347511386,49.8221066073]},"properties":{"stop_id":"51043","stop_code":"51043","stop_name":"Westbound Robert Bockstael at Snowy Owl","routes":"556"}},{"type":"Feature","geometry":{"type":"Point","coordinates":[-97.0332812596,49.8247532074]},"properties":{"stop_id":"51042","stop_code":"51042","stop_name":"Westbound Robert Bockstael at Sage Creek","routes":"556"}},{"type":"Feature","geometry":{"type":"Point","coordinates":[-97.0165969306,49.90083741]},"properties":{"stop_id":"40095","stop_code":"40095","stop_name":"Westbound Kildare at Hoka","routes":"48, D14"}},{"type":"Feature","geometry":{"type":"Point","coordinates":[-97.045349792,49.8233835761]},"properties":{"stop_id":"51047","stop_code":"51047","stop_name":"Northbound Des Hivernants at Butterfly","routes":"556"}},{"type":"Feature","geometry":{"type":"Point","coordinates":[-97.0808403264,49.8691962941]},"properties":{"stop_id":"50068","stop_code":"50068","stop_name":"Southbound De Bourmont at Fontaine","routes":"D15"}},{"type":"Feature","geometry":{"type":"Point","coordinates":[-97.299555908,49.8755931175]},"properties":{"stop_id":"20379","stop_code":"20379","stop_name":"Northbound Rouge at Sansome","routes":"220"}},{"type":"Feature","geometry":{"type":"Point","coordinates":[-97.1753529846,49.8735582598]},"properties":{"stop_id":"60333","stop_code":"60333","stop_name":"Westbound Academy at Oxford","routes":"D16"}},{"type":"Feature","geometry":{"type":"Point","coordinates":[-97.1973878155,49.7908341116]},"properties":{"stop_id":"61228","stop_code":"61228","stop_name":"Eastbound South Town at Centre","routes":"671, 676"}},{"type":"Feature","geometry":{"type":"Point","coordinates":[-97.1808012796,49.8737609467]},"properties":{"stop_id":"60337","stop_code":"60337","stop_name":"Westbound Academy at Oak","routes":"D16"}},{"type":"Feature","geometry":{"type":"Point","coordinates":[-97.1483942687,49.8764493351]},"properties":{"stop_id":"10184","stop_code":"10184","stop_name":"Eastbound Stradbrook at Nassau","routes":"D16"}},{"type":"Feature","geometry":{"type":"Point","coordinates":[-97.2060046335,49.7930279168]},"properties":{"stop_id":"61224","stop_code":"61224","stop_name":"Westbound Bridge Lake at Red Spruce","routes":"676"}},{"type":"Feature","geometry":{"type":"Point","coordinates":[-97.2038134713,49.7914107831]},"properties":{"stop_id":"61225","stop_code":"61225","stop_name":"Westbound Bridge Lake at Bankfield","routes":"676, 678"}},{"type":"Feature","geometry":{"type":"Point","coordinates":[-97.2020098381,49.7902134047]},"properties":{"stop_id":"61226","stop_code":"61226","stop_name":"Westbound Bridge Lake at Willow Creek","routes":"676, 678"}},{"type":"Feature","geometry":{"type":"Point","coordinates":[-97.2027986733,49.8000573126]},"properties":{"stop_id":"61220","stop_code":"61220","stop_name":"Westbound Bridge Lake at Rose Garden","routes":"676"}},{"type":"Feature","geometry":{"type":"Point","coordinates":[-97.205124013,49.7988071069]},"properties":{"stop_id":"61221","stop_code":"61221","stop_name":"Westbound Bridge Lake at Sablewood","routes":"676"}},{"type":"Feature","geometry":{"type":"Point","coordinates":[-97.2071179053,49.7974977487]},"properties":{"stop_id":"61222","stop_code":"61222","stop_name":"Westbound Bridge Lake at Water Bend","routes":"676"}},{"type":"Feature","geometry":{"type":"Point","coordinates":[-97.2075259681,49.7951023786]},"properties":{"stop_id":"61223","stop_code":"61223","stop_name":"Westbound Bridge Lake at Lake Bend","routes":"676"}},{"type":"Feature","geometry":{"type":"Point","coordinates":[-97.0873006311,49.8818064219]},"properties":{"stop_id":"50031","stop_code":"50031","stop_name":"Eastbound Marion at Panet West","routes":"551, D14"}},{"type":"Feature","geometry":{"type":"Point","coordinates":[-97.1445895102,49.8776657066]},"properties":{"stop_id":"10186","stop_code":"10186","stop_name":"Northbound Osborne at Stradbrook","routes":"D19, F6"}},{"type":"Feature","geometry":{"type":"Point","coordinates":[-97.0877397626,49.8819665942]},"properties":{"stop_id":"50030","stop_code":"50030","stop_name":"Westbound Marion at Panet West","routes":"551, D14"}},{"type":"Feature","geometry":{"type":"Point","coordinates":[-97.1520158767,49.8730980907]},"properties":{"stop_id":"10181","stop_code":"10181","stop_name":"Eastbound Wellington at Hugo","routes":"D16"}},{"type":"Feature","geometry":{"type":"Point","coordinates":[-97.1790959316,49.819538929]},"properties":{"stop_id":"60809","stop_code":"60809","stop_name":"Northbound Waverley at Scurfield","routes":"679, 690, 691"}},{"type":"Feature","geometry":{"type":"Point","coordinates":[-97.1594846178,49.8560275551]},"properties":{"stop_id":"60808","stop_code":"60808","stop_name":"Westbound Taylor at Wilton","routes":"664"}},{"type":"Feature","geometry":{"type":"Point","coordinates":[-97.1664038464,49.7772053101]},"properties":{"stop_id":"60803","stop_code":"60803","stop_name":"Northbound Bairdmore at Point West","routes":"662"}},{"type":"Feature","geometry":{"type":"Point","coordinates":[-97.1234249861,49.8458867085]},"properties":{"stop_id":"60800","stop_code":"60800","stop_name":"Northbound North at Wildwood A","routes":"694"}},{"type":"Feature","geometry":{"type":"Point","coordinates":[-97.3073832391,49.8527527577]},"properties":{"stop_id":"60807","stop_code":"60807","stop_name":"Northbound Charleswood at West Park","routes":"223"}},{"type":"Feature","geometry":{"type":"Point","coordinates":[-97.1564562719,49.7681060092]},"properties":{"stop_id":"60805","stop_code":"60805","stop_name":"Southbound Pembina at Ducharme","routes":"91, BLUE"}},{"type":"Feature","geometry":{"type":"Point","coordinates":[-97.1686608479,49.778500383]},"properties":{"stop_id":"60804","stop_code":"60804","stop_name":"Northbound Bairdmore at Millstream","routes":"662"}},{"type":"Feature","geometry":{"type":"Point","coordinates":[-97.2602584714,49.8683800065]},"properties":{"stop_id":"60489","stop_code":"60489","stop_name":"Westbound Roblin at Princeton","routes":"70"}},{"type":"Feature","geometry":{"type":"Point","coordinates":[-97.2580394982,49.8685535234]},"properties":{"stop_id":"60487","stop_code":"60487","stop_name":"Westbound Roblin at McLean","routes":"70"}},{"type":"Feature","geometry":{"type":"Point","coordinates":[-97.2570739537,49.8683141171]},"properties":{"stop_id":"60486","stop_code":"60486","stop_name":"Eastbound Roblin at McLean","routes":"70"}},{"type":"Feature","geometry":{"type":"Point","coordinates":[-97.252392797,49.8680726423]},"properties":{"stop_id":"60483","stop_code":"60483","stop_name":"Eastbound Roblin at Wexford","routes":"70"}},{"type":"Feature","geometry":{"type":"Point","coordinates":[-97.2527055647,49.8682752525]},"properties":{"stop_id":"60482","stop_code":"60482","stop_name":"Westbound Roblin at Wexford","routes":"70"}},{"type":"Feature","geometry":{"type":"Point","coordinates":[-97.2500325119,49.8679200533]},"properties":{"stop_id":"60481","stop_code":"60481","stop_name":"Eastbound Roblin at Chalfont","routes":"70"}},{"type":"Feature","geometry":{"type":"Point","coordinates":[-97.2498164059,49.8681236707]},"properties":{"stop_id":"60480","stop_code":"60480","stop_name":"Westbound Roblin at Chalfont","routes":"70"}},{"type":"Feature","geometry":{"type":"Point","coordinates":[-97.1533549908,49.8456485529]},"properties":{"stop_id":"60249","stop_code":"60249","stop_name":"Southbound Pembina at North Drive","routes":"649, F8"}},{"type":"Feature","geometry":{"type":"Point","coordinates":[-97.1531301916,49.8413273268]},"properties":{"stop_id":"60245","stop_code":"60245","stop_name":"Northbound Pembina at Oakenwald","routes":"649, 889, F8"}},{"type":"Feature","geometry":{"type":"Point","coordinates":[-97.3003374571,49.8699827687]},"properties":{"stop_id":"20376","stop_code":"20376","stop_name":"Southbound Rouge at Erlandson","routes":"220"}},{"type":"Feature","geometry":{"type":"Point","coordinates":[-97.1504980999,49.8363110077]},"properties":{"stop_id":"60240","stop_code":"60240","stop_name":"Northbound Pembina at Fletcher","routes":"649, 889, F8"}},{"type":"Feature","geometry":{"type":"Point","coordinates":[-97.1521088304,49.8392961235]},"properties":{"stop_id":"60243","stop_code":"60243","stop_name":"Southbound Pembina at Waller","routes":"649, F8"}},{"type":"Feature","geometry":{"type":"Point","coordinates":[-97.1517659783,49.8395335158]},"properties":{"stop_id":"60242","stop_code":"60242","stop_name":"Northbound Pembina at Waller","routes":"649, F8"}},{"type":"Feature","geometry":{"type":"Point","coordinates":[-97.1836280277,49.9007993125]},"properties":{"stop_id":"10256","stop_code":"10256","stop_name":"Westbound Wellington at Erin","routes":"224"}},{"type":"Feature","geometry":{"type":"Point","coordinates":[-97.1215101279,49.9404294826]},"properties":{"stop_id":"30132","stop_code":"30132","stop_name":"Southbound Salter at Burrin","routes":"D11"}},{"type":"Feature","geometry":{"type":"Point","coordinates":[-97.1196069968,49.9427732657]},"properties":{"stop_id":"30130","stop_code":"30130","stop_name":"Northbound Salter at Partridge","routes":"D11"}},{"type":"Feature","geometry":{"type":"Point","coordinates":[-97.1208780282,49.94091395]},"properties":{"stop_id":"30131","stop_code":"30131","stop_name":"Northbound Salter at Burrin","routes":"D11"}},{"type":"Feature","geometry":{"type":"Point","coordinates":[-97.1237240686,49.9376139713]},"properties":{"stop_id":"30136","stop_code":"30136","stop_name":"Southbound Salter at Hartford","routes":"D11"}},{"type":"Feature","geometry":{"type":"Point","coordinates":[-97.1571468344,49.7953003985]},"properties":{"stop_id":"60069","stop_code":"60069","stop_name":"Northbound Pembina at Dalhousie North","routes":"BLUE"}},{"type":"Feature","geometry":{"type":"Point","coordinates":[-97.1566676055,49.7951128613]},"properties":{"stop_id":"60068","stop_code":"60068","stop_name":"Eastbound Dalhousie at Pembina East","routes":"671"}},{"type":"Feature","geometry":{"type":"Point","coordinates":[-97.1277709193,49.8442930052]},"properties":{"stop_id":"60799","stop_code":"60799","stop_name":"Eastbound South at Wildwood J","routes":"694"}},{"type":"Feature","geometry":{"type":"Point","coordinates":[-97.0212325867,49.9008807751]},"properties":{"stop_id":"40109","stop_code":"40109","stop_name":"Westbound Kildare at Brewster","routes":"48, D14"}},{"type":"Feature","geometry":{"type":"Point","coordinates":[-97.1543789827,49.7898861731]},"properties":{"stop_id":"60061","stop_code":"60061","stop_name":"Northbound Baylor at Killarney","routes":"91, 662"}},{"type":"Feature","geometry":{"type":"Point","coordinates":[-97.1546985746,49.7902510772]},"properties":{"stop_id":"60060","stop_code":"60060","stop_name":"Westbound Killarney at Baylor","routes":"672"}},{"type":"Feature","geometry":{"type":"Point","coordinates":[-97.1562380768,49.7895919902]},"properties":{"stop_id":"60063","stop_code":"60063","stop_name":"Eastbound Killarney at Pembina East","routes":"91, 662, 672"}},{"type":"Feature","geometry":{"type":"Point","coordinates":[-97.1545077129,49.7897892799]},"properties":{"stop_id":"60062","stop_code":"60062","stop_name":"Southbound Baylor at Killarney","routes":"662"}},{"type":"Feature","geometry":{"type":"Point","coordinates":[-97.1576624891,49.7923312172]},"properties":{"stop_id":"60065","stop_code":"60065","stop_name":"Southbound Pembina at Greencrest","routes":"BLUE"}},{"type":"Feature","geometry":{"type":"Point","coordinates":[-97.1565841948,49.789624491]},"properties":{"stop_id":"60064","stop_code":"60064","stop_name":"Westbound Killarney at Pembina East","routes":"91, 662, 672"}},{"type":"Feature","geometry":{"type":"Point","coordinates":[-97.1368317149,49.8445111967]},"properties":{"stop_id":"60795","stop_code":"60795","stop_name":"Eastbound South at Point Road","routes":"694"}},{"type":"Feature","geometry":{"type":"Point","coordinates":[-97.1572495455,49.7925944952]},"properties":{"stop_id":"60066","stop_code":"60066","stop_name":"Northbound Pembina at Greencrest","routes":"BLUE"}},{"type":"Feature","geometry":{"type":"Point","coordinates":[-97.0180946465,49.910505829]},"properties":{"stop_id":"40622","stop_code":"40622","stop_name":"Eastbound Devonshire at Clouston","routes":"440"}},{"type":"Feature","geometry":{"type":"Point","coordinates":[-97.041792105,49.9217482215]},"properties":{"stop_id":"40767","stop_code":"40767","stop_name":"Northbound McLellan at Williamson","routes":"446"}},{"type":"Feature","geometry":{"type":"Point","coordinates":[-97.2124169507,49.8946630681]},"properties":{"stop_id":"20099","stop_code":"20099","stop_name":"Westbound Ellice at Marjorie","routes":"224"}},{"type":"Feature","geometry":{"type":"Point","coordinates":[-97.1424881453,49.8805553928]},"properties":{"stop_id":"10169","stop_code":"10169","stop_name":"Westbound River at Bryce","routes":"D16"}},{"type":"Feature","geometry":{"type":"Point","coordinates":[-97.0701001893,49.9347087097]},"properties":{"stop_id":"40541","stop_code":"40541","stop_name":"Eastbound Edison at De Graff","routes":"330"}},{"type":"Feature","geometry":{"type":"Point","coordinates":[-97.2033410396,49.8942167539]},"properties":{"stop_id":"20090","stop_code":"20090","stop_name":"Eastbound Ellice at Century","routes":"D12"}},{"type":"Feature","geometry":{"type":"Point","coordinates":[-97.1373536716,49.8819480726]},"properties":{"stop_id":"10166","stop_code":"10166","stop_name":"Southbound Donald at River","routes":"F5, F8"}},{"type":"Feature","geometry":{"type":"Point","coordinates":[-97.2073958673,49.8945134756]},"properties":{"stop_id":"20093","stop_code":"20093","stop_name":"Westbound Ellice at King Edward","routes":"D12"}},{"type":"Feature","geometry":{"type":"Point","coordinates":[-97.2080280883,49.8943613533]},"properties":{"stop_id":"20094","stop_code":"20094","stop_name":"Eastbound Ellice at King Edward","routes":"D12"}},{"type":"Feature","geometry":{"type":"Point","coordinates":[-97.0699844663,49.934814721]},"properties":{"stop_id":"40542","stop_code":"40542","stop_name":"Westbound Edison at De Graff","routes":"330"}},{"type":"Feature","geometry":{"type":"Point","coordinates":[-97.2098198851,49.8948568102]},"properties":{"stop_id":"20096","stop_code":"20096","stop_name":"Northbound Berry at Ellice","routes":"224, D12"}},{"type":"Feature","geometry":{"type":"Point","coordinates":[-97.2100216983,49.8946710363]},"properties":{"stop_id":"20097","stop_code":"20097","stop_name":"Southbound Berry at Ellice","routes":"224, D12"}},{"type":"Feature","geometry":{"type":"Point","coordinates":[-97.1265622182,49.84389565]},"properties":{"stop_id":"60667","stop_code":"60667","stop_name":"Westbound South at Wildwood J","routes":"694"}},{"type":"Feature","geometry":{"type":"Point","coordinates":[-97.140577195,49.8462265328]},"properties":{"stop_id":"60666","stop_code":"60666","stop_name":"Westbound Point at Oakenwald","routes":"694"}},{"type":"Feature","geometry":{"type":"Point","coordinates":[-97.2567863271,49.8523347171]},"properties":{"stop_id":"60665","stop_code":"60665","stop_name":"Westbound Eldridge at Elmhurst","routes":"885"}},{"type":"Feature","geometry":{"type":"Point","coordinates":[-97.0657254799,49.9127507569]},"properties":{"stop_id":"40235","stop_code":"40235","stop_name":"Westbound Concordia at Concordia Hospital","routes":"442"}},{"type":"Feature","geometry":{"type":"Point","coordinates":[-97.20075313,49.8907944555]},"properties":{"stop_id":"10369","stop_code":"10369","stop_name":"Northbound St James at St. Matthews","routes":"74"}},{"type":"Feature","geometry":{"type":"Point","coordinates":[-97.1315585975,49.9040454169]},"properties":{"stop_id":"10368","stop_code":"10368","stop_name":"Eastbound Higgins at Maple","routes":"43"}},{"type":"Feature","geometry":{"type":"Point","coordinates":[-97.1529402439,49.7853386472]},"properties":{"stop_id":"60661","stop_code":"60661","stop_name":"Southbound Baylor at Leeds","routes":"662"}},{"type":"Feature","geometry":{"type":"Point","coordinates":[-97.151396056,49.9261227376]},"properties":{"stop_id":"30305","stop_code":"30305","stop_name":"Southbound Arlington at Mountain","routes":"28"}},{"type":"Feature","geometry":{"type":"Point","coordinates":[-97.2208593839,49.8668996995]},"properties":{"stop_id":"60465","stop_code":"60465","stop_name":"Westbound Corydon at Park","routes":"70, D19"}},{"type":"Feature","geometry":{"type":"Point","coordinates":[-97.220702394,49.8666274368]},"properties":{"stop_id":"60466","stop_code":"60466","stop_name":"Eastbound Corydon at Park","routes":"70, D19"}},{"type":"Feature","geometry":{"type":"Point","coordinates":[-97.2136300871,49.8663296206]},"properties":{"stop_id":"60461","stop_code":"60461","stop_name":"Eastbound Corydon at Southport","routes":"70, D19"}},{"type":"Feature","geometry":{"type":"Point","coordinates":[-97.0735160181,49.899019274]},"properties":{"stop_id":"40230","stop_code":"40230","stop_name":"Eastbound Nairn at Panet West","routes":"FX3"}},{"type":"Feature","geometry":{"type":"Point","coordinates":[-97.2178720774,49.8667727937]},"properties":{"stop_id":"60463","stop_code":"60463","stop_name":"Westbound Corydon at Handsart","routes":"70"}},{"type":"Feature","geometry":{"type":"Point","coordinates":[-97.2167849124,49.8664412269]},"properties":{"stop_id":"60462","stop_code":"60462","stop_name":"Eastbound Corydon at Handsart","routes":"70"}},{"type":"Feature","geometry":{"type":"Point","coordinates":[-97.096987767,49.9547358554]},"properties":{"stop_id":"30988","stop_code":"30988","stop_name":"Eastbound Ridgecrest at Main","routes":"31"}},{"type":"Feature","geometry":{"type":"Point","coordinates":[-97.1375941235,49.8945090061]},"properties":{"stop_id":"10761","stop_code":"10761","stop_name":"Westbound Pioneer at Portage and Main Junction","routes":"D12, D13, D16, F7, FX4"}},{"type":"Feature","geometry":{"type":"Point","coordinates":[-97.0766344374,49.9372011242]},"properties":{"stop_id":"40548","stop_code":"40548","stop_name":"Westbound Edison at De Fehr","routes":"330"}},{"type":"Feature","geometry":{"type":"Point","coordinates":[-97.1371391998,49.8951133479]},"properties":{"stop_id":"10763","stop_code":"10763","stop_name":"Eastbound Portage at Portage and Main Junction","routes":"F7, FX4"}},{"type":"Feature","geometry":{"type":"Point","coordinates":[-97.1430053406,49.8960981028]},"properties":{"stop_id":"10765","stop_code":"10765","stop_name":"Northbound King at Notre Dame","routes":"F5"}},{"type":"Feature","geometry":{"type":"Point","coordinates":[-97.1471372803,49.897648486]},"properties":{"stop_id":"10767","stop_code":"10767","stop_name":"Westbound Notre Dame at Dagmar","routes":"F5"}},{"type":"Feature","geometry":{"type":"Point","coordinates":[-97.0800594892,49.9383373723]},"properties":{"stop_id":"40549","stop_code":"40549","stop_name":"Westbound Edison at Rothesay","routes":"330, 442"}},{"type":"Feature","geometry":{"type":"Point","coordinates":[-97.1525708249,49.8993993977]},"properties":{"stop_id":"10769","stop_code":"10769","stop_name":"Westbound Notre Dame at Isabel","routes":"F5"}},{"type":"Feature","geometry":{"type":"Point","coordinates":[-97.1189598723,49.9608156392]},"properties":{"stop_id":"30985","stop_code":"30985","stop_name":"Eastbound North Point at Lynx","routes":"330"}},{"type":"Feature","geometry":{"type":"Point","coordinates":[-97.2988175085,49.8823464441]},"properties":{"stop_id":"20386","stop_code":"20386","stop_name":"Northbound Rouge at Portage","routes":"220"}},{"type":"Feature","geometry":{"type":"Point","coordinates":[-97.2990527601,49.881990104]},"properties":{"stop_id":"20387","stop_code":"20387","stop_name":"Southbound Rouge at Portage","routes":"220"}},{"type":"Feature","geometry":{"type":"Point","coordinates":[-97.2997509833,49.8755869874]},"properties":{"stop_id":"20380","stop_code":"20380","stop_name":"Southbound Rouge at Sansome","routes":"220"}},{"type":"Feature","geometry":{"type":"Point","coordinates":[-97.2992407936,49.8786197751]},"properties":{"stop_id":"20382","stop_code":"20382","stop_name":"Northbound Rouge at Ericsson","routes":"220"}},{"type":"Feature","geometry":{"type":"Point","coordinates":[-97.2994377762,49.8785597041]},"properties":{"stop_id":"20383","stop_code":"20383","stop_name":"Southbound Rouge at Allard","routes":"220"}},{"type":"Feature","geometry":{"type":"Point","coordinates":[-97.0408421821,49.8932806749]},"properties":{"stop_id":"40166","stop_code":"40166","stop_name":"Southbound Bournais at Pandora","routes":"440"}},{"type":"Feature","geometry":{"type":"Point","coordinates":[-97.0406180943,49.893312862]},"properties":{"stop_id":"40164","stop_code":"40164","stop_name":"Northbound Bournais at Pandora","routes":"440"}},{"type":"Feature","geometry":{"type":"Point","coordinates":[-97.3042551641,49.8669999314]},"properties":{"stop_id":"20388","stop_code":"20388","stop_name":"Westbound Assiniboine at Maureen","routes":"885"}},{"type":"Feature","geometry":{"type":"Point","coordinates":[-97.0347693205,49.8936724511]},"properties":{"stop_id":"40160","stop_code":"40160","stop_name":"Westbound Pandora at Heartstone","routes":"440"}},{"type":"Feature","geometry":{"type":"Point","coordinates":[-97.0344404852,49.8935409355]},"properties":{"stop_id":"40161","stop_code":"40161","stop_name":"Eastbound Pandora at Heartstone","routes":"440"}},{"type":"Feature","geometry":{"type":"Point","coordinates":[-97.1819719548,49.8937302491]},"properties":{"stop_id":"10509","stop_code":"10509","stop_name":"Westbound Ellice at Wall","routes":"D12"}},{"type":"Feature","geometry":{"type":"Point","coordinates":[-97.1816304817,49.8935539815]},"properties":{"stop_id":"10508","stop_code":"10508","stop_name":"Eastbound Ellice at Wall","routes":"D12"}},{"type":"Feature","geometry":{"type":"Point","coordinates":[-97.1952620883,49.918926176]},"properties":{"stop_id":"20478","stop_code":"20478","stop_name":"Southbound Keewatin at Ross","routes":"74, 884"}},{"type":"Feature","geometry":{"type":"Point","coordinates":[-97.1952879606,49.9167408086]},"properties":{"stop_id":"20479","stop_code":"20479","stop_name":"Southbound Keewatin at Notre Dame","routes":"74, 884"}},{"type":"Feature","geometry":{"type":"Point","coordinates":[-97.0471937562,49.9115041293]},"properties":{"stop_id":"40896","stop_code":"40896","stop_name":"Northbound Peguis at Prairie Crocus North","routes":"442, 446"}},{"type":"Feature","geometry":{"type":"Point","coordinates":[-97.0474020662,49.9111748254]},"properties":{"stop_id":"40897","stop_code":"40897","stop_name":"Southbound Peguis at Prairie Crocus North","routes":"442, 446"}},{"type":"Feature","geometry":{"type":"Point","coordinates":[-97.0512030943,49.9001569353]},"properties":{"stop_id":"40894","stop_code":"40894","stop_name":"Southbound Peguis at Almey","routes":"48, 442, 444, 446"}},{"type":"Feature","geometry":{"type":"Point","coordinates":[-97.0534701409,49.8974605741]},"properties":{"stop_id":"40895","stop_code":"40895","stop_name":"Southbound Peguis at Regent","routes":"48, 442, 444, 446"}},{"type":"Feature","geometry":{"type":"Point","coordinates":[-97.1884593963,49.8937599823]},"properties":{"stop_id":"10501","stop_code":"10501","stop_name":"Eastbound Ellice at Valour","routes":"D12"}},{"type":"Feature","geometry":{"type":"Point","coordinates":[-97.2540173221,49.882839881]},"properties":{"stop_id":"20473","stop_code":"20473","stop_name":"Northbound Whytewold at Bruce","routes":"220"}},{"type":"Feature","geometry":{"type":"Point","coordinates":[-97.2546219164,49.8757249994]},"properties":{"stop_id":"20470","stop_code":"20470","stop_name":"Northbound Whytewold at Portage","routes":"220"}},{"type":"Feature","geometry":{"type":"Point","coordinates":[-97.2542854829,49.8796507196]},"properties":{"stop_id":"20471","stop_code":"20471","stop_name":"Northbound Whytewold at Lodge","routes":"220"}},{"type":"Feature","geometry":{"type":"Point","coordinates":[-97.2030374095,49.8795232424]},"properties":{"stop_id":"20476","stop_code":"20476","stop_name":"Northbound Kintyre at Portage","routes":"70, 74, 680, D16"}},{"type":"Feature","geometry":{"type":"Point","coordinates":[-97.1952731221,49.9208692547]},"properties":{"stop_id":"20477","stop_code":"20477","stop_name":"Southbound Keewatin at Alexander","routes":"74, 884"}},{"type":"Feature","geometry":{"type":"Point","coordinates":[-97.1837029068,49.8936134983]},"properties":{"stop_id":"10507","stop_code":"10507","stop_name":"Eastbound Ellice at Erin","routes":"D12"}},{"type":"Feature","geometry":{"type":"Point","coordinates":[-97.2544737699,49.8798334574]},"properties":{"stop_id":"20475","stop_code":"20475","stop_name":"Southbound Whytewold at Lodge","routes":"220"}},{"type":"Feature","geometry":{"type":"Point","coordinates":[-97.0595464524,49.8973377223]},"properties":{"stop_id":"40786","stop_code":"40786","stop_name":"Northbound Kildonan Place at Kildonan Place Hub (48, 440)","routes":"48, 440"}},{"type":"Feature","geometry":{"type":"Point","coordinates":[-97.1606987217,49.9386929083]},"properties":{"stop_id":"30439","stop_code":"30439","stop_name":"Southbound McPhillips at Inkster","routes":"F5"}},{"type":"Feature","geometry":{"type":"Point","coordinates":[-97.0595782508,49.8972393094]},"properties":{"stop_id":"40787","stop_code":"40787","stop_name":"Southbound Kildonan Place at Kildonan Place Hub (D17)","routes":"D17"}},{"type":"Feature","geometry":{"type":"Point","coordinates":[-97.1578408457,49.9420025933]},"properties":{"stop_id":"30437","stop_code":"30437","stop_name":"Southbound McPhillips at Mapleglen","routes":"334, F5"}},{"type":"Feature","geometry":{"type":"Point","coordinates":[-97.1574392928,49.9419332401]},"properties":{"stop_id":"30436","stop_code":"30436","stop_name":"Northbound McPhillips at Mapleglen","routes":"334, F5"}},{"type":"Feature","geometry":{"type":"Point","coordinates":[-97.1394494842,49.8611042586]},"properties":{"stop_id":"10040","stop_code":"10040","stop_name":"Northbound Daly at Kylemore","routes":"895"}},{"type":"Feature","geometry":{"type":"Point","coordinates":[-97.1281190375,49.9065534329]},"properties":{"stop_id":"30434","stop_code":"30434","stop_name":"Eastbound Euclid at Argyle","routes":"31, D17"}},{"type":"Feature","geometry":{"type":"Point","coordinates":[-97.1466577413,49.9363192408]},"properties":{"stop_id":"30432","stop_code":"30432","stop_name":"Southbound Sinclair at Carruthers","routes":"28"}},{"type":"Feature","geometry":{"type":"Point","coordinates":[-97.1462584506,49.9365557131]},"properties":{"stop_id":"30431","stop_code":"30431","stop_name":"Northbound Sinclair at Dahlia","routes":"28"}},{"type":"Feature","geometry":{"type":"Point","coordinates":[-97.1450420313,49.9381103508]},"properties":{"stop_id":"30430","stop_code":"30430","stop_name":"Northbound Sinclair at Primrose South","routes":"28"}},{"type":"Feature","geometry":{"type":"Point","coordinates":[-97.3149984334,49.895787535]},"properties":{"stop_id":"20400","stop_code":"20400","stop_name":"Eastbound Lumsden at Buchanan","routes":"220, 223"}},{"type":"Feature","geometry":{"type":"Point","coordinates":[-97.1306055088,49.9373384887]},"properties":{"stop_id":"30187","stop_code":"30187","stop_name":"Westbound Jefferson at Andrews","routes":"37"}},{"type":"Feature","geometry":{"type":"Point","coordinates":[-97.155066248,49.8701154214]},"properties":{"stop_id":"10141","stop_code":"10141","stop_name":"Eastbound Corydon at Arbuthnot","routes":"D19"}},{"type":"Feature","geometry":{"type":"Point","coordinates":[-97.127425811,49.9363156538]},"properties":{"stop_id":"30185","stop_code":"30185","stop_name":"Westbound Jefferson at Powers","routes":"37"}},{"type":"Feature","geometry":{"type":"Point","coordinates":[-97.0650766836,49.8941560894]},"properties":{"stop_id":"40780","stop_code":"40780","stop_name":"Northbound Crossroads Station Access at Wal-Mart","routes":"440"}},{"type":"Feature","geometry":{"type":"Point","coordinates":[-97.1440685125,49.9119373647]},"properties":{"stop_id":"30181","stop_code":"30181","stop_name":"Eastbound Dufferin at Salter","routes":"F6"}},{"type":"Feature","geometry":{"type":"Point","coordinates":[-97.1440459642,49.912161878]},"properties":{"stop_id":"30180","stop_code":"30180","stop_name":"Westbound Dufferin at Salter","routes":"F6"}},{"type":"Feature","geometry":{"type":"Point","coordinates":[-97.0705414334,49.9236611667]},"properties":{"stop_id":"40300","stop_code":"40300","stop_name":"Southbound London at Reay","routes":"43"}},{"type":"Feature","geometry":{"type":"Point","coordinates":[-97.070928491,49.9233887706]},"properties":{"stop_id":"40301","stop_code":"40301","stop_name":"Northbound London at Reay","routes":"43"}},{"type":"Feature","geometry":{"type":"Point","coordinates":[-97.0771022716,49.9187960683]},"properties":{"stop_id":"40307","stop_code":"40307","stop_name":"Southbound London at Kimberly","routes":"43"}},{"type":"Feature","geometry":{"type":"Point","coordinates":[-97.074821172,49.9218524515]},"properties":{"stop_id":"40304","stop_code":"40304","stop_name":"Southbound London at Antrim","routes":"43"}},{"type":"Feature","geometry":{"type":"Point","coordinates":[-97.0749193911,49.9214852881]},"properties":{"stop_id":"40305","stop_code":"40305","stop_name":"Northbound London at Antrim","routes":"43"}},{"type":"Feature","geometry":{"type":"Point","coordinates":[-97.0692218148,49.9270482865]},"properties":{"stop_id":"41012","stop_code":"41012","stop_name":"Westbound Tu-Pelo at Budden","routes":"43"}},{"type":"Feature","geometry":{"type":"Point","coordinates":[-97.1526239561,49.8856108907]},"properties":{"stop_id":"10214","stop_code":"10214","stop_name":"Westbound Broadway at Balmoral","routes":"D14, D15"}},{"type":"Feature","geometry":{"type":"Point","coordinates":[-97.2548073233,49.8752150821]},"properties":{"stop_id":"20272","stop_code":"20272","stop_name":"Eastbound Portage at Whytewold","routes":"22, BLUE"}},{"type":"Feature","geometry":{"type":"Point","coordinates":[-97.0156735944,49.8934725634]},"properties":{"stop_id":"40099","stop_code":"40099","stop_name":"Westbound Pandora at Hoka","routes":"444"}},{"type":"Feature","geometry":{"type":"Point","coordinates":[-97.1529362222,49.8854539632]},"properties":{"stop_id":"10211","stop_code":"10211","stop_name":"Eastbound Broadway at Balmoral","routes":"D14, D15"}},{"type":"Feature","geometry":{"type":"Point","coordinates":[-97.2488329602,49.8756915513]},"properties":{"stop_id":"20275","stop_code":"20275","stop_name":"Eastbound Portage at Mount Royal West","routes":"22"}},{"type":"Feature","geometry":{"type":"Point","coordinates":[-97.2456375597,49.8759130226]},"properties":{"stop_id":"20276","stop_code":"20276","stop_name":"Eastbound Portage at Mount Royal","routes":"22, BLUE"}},{"type":"Feature","geometry":{"type":"Point","coordinates":[-97.2412780371,49.8763775808]},"properties":{"stop_id":"20277","stop_code":"20277","stop_name":"Eastbound Portage at Conway","routes":"22"}},{"type":"Feature","geometry":{"type":"Point","coordinates":[-97.2384125058,49.8767118026]},"properties":{"stop_id":"20278","stop_code":"20278","stop_name":"Eastbound Portage at Sharp","routes":"22"}},{"type":"Feature","geometry":{"type":"Point","coordinates":[-97.0123233383,49.8950341982]},"properties":{"stop_id":"40093","stop_code":"40093","stop_name":"Eastbound Regent at Madeline","routes":"FX3"}},{"type":"Feature","geometry":{"type":"Point","coordinates":[-97.0126285364,49.9008233082]},"properties":{"stop_id":"40090","stop_code":"40090","stop_name":"Westbound Kildare at Madeline","routes":"48, D14"}},{"type":"Feature","geometry":{"type":"Point","coordinates":[-97.0124945441,49.9006950756]},"properties":{"stop_id":"40091","stop_code":"40091","stop_name":"Eastbound Kildare at Madeline","routes":"48, D14"}},{"type":"Feature","geometry":{"type":"Point","coordinates":[-97.015794203,49.9007157099]},"properties":{"stop_id":"40096","stop_code":"40096","stop_name":"Eastbound Kildare at Hoka","routes":"48, D14"}},{"type":"Feature","geometry":{"type":"Point","coordinates":[-97.016660322,49.8952165422]},"properties":{"stop_id":"40097","stop_code":"40097","stop_name":"Westbound Regent at Hoka","routes":"FX3"}},{"type":"Feature","geometry":{"type":"Point","coordinates":[-97.0122631155,49.89345002]},"properties":{"stop_id":"40094","stop_code":"40094","stop_name":"Westbound Pandora at Madeline","routes":"444"}},{"type":"Feature","geometry":{"type":"Point","coordinates":[-97.1532265679,49.8709136281]},"properties":{"stop_id":"10144","stop_code":"10144","stop_name":"Westbound Corydon at Cockburn","routes":"D19"}},{"type":"Feature","geometry":{"type":"Point","coordinates":[-97.1441423924,49.8769839108]},"properties":{"stop_id":"10185","stop_code":"10185","stop_name":"Southbound Osborne at Wardlaw","routes":"D19, F6"}},{"type":"Feature","geometry":{"type":"Point","coordinates":[-97.2066548447,49.9013561591]},"properties":{"stop_id":"20077","stop_code":"20077","stop_name":"Eastbound Wellington at King Edward","routes":"D13"}},{"type":"Feature","geometry":{"type":"Point","coordinates":[-97.143740382,49.8780298845]},"properties":{"stop_id":"10187","stop_code":"10187","stop_name":"Eastbound Stradbrook at Osborne","routes":"D16"}},{"type":"Feature","geometry":{"type":"Point","coordinates":[-97.2095909044,49.9014195879]},"properties":{"stop_id":"20075","stop_code":"20075","stop_name":"Eastbound Wellington at Berry","routes":"D13"}},{"type":"Feature","geometry":{"type":"Point","coordinates":[-97.2243872137,49.9054073249]},"properties":{"stop_id":"20072","stop_code":"20072","stop_name":"Westbound Wellington at Airport Terminal (D13)","routes":"D13"}},{"type":"Feature","geometry":{"type":"Point","coordinates":[-97.2119414128,49.9015008857]},"properties":{"stop_id":"20073","stop_code":"20073","stop_name":"Eastbound Wellington at Berry West","routes":"224"}},{"type":"Feature","geometry":{"type":"Point","coordinates":[-97.2240415396,49.9053390589]},"properties":{"stop_id":"20070","stop_code":"20070","stop_name":"Westbound Wellington at Airport Terminal","routes":"224, D12"}},{"type":"Feature","geometry":{"type":"Point","coordinates":[-97.1270004477,49.8786147522]},"properties":{"stop_id":"51086","stop_code":"51086","stop_name":"Northbound Ferndale at Walmer","routes":"888"}},{"type":"Feature","geometry":{"type":"Point","coordinates":[-97.1405818642,49.8790855804]},"properties":{"stop_id":"10188","stop_code":"10188","stop_name":"Eastbound Stradbrook at Scott","routes":"D16"}},{"type":"Feature","geometry":{"type":"Point","coordinates":[-97.20660709,49.9015173286]},"properties":{"stop_id":"20078","stop_code":"20078","stop_name":"Westbound Wellington at King Edward","routes":"D13"}},{"type":"Feature","geometry":{"type":"Point","coordinates":[-97.0477046843,49.9043706505]},"properties":{"stop_id":"40769","stop_code":"40769","stop_name":"Southbound Peguis at Ravelston","routes":"48, 444, 446"}},{"type":"Feature","geometry":{"type":"Point","coordinates":[-97.123130517,49.8775446198]},"properties":{"stop_id":"51084","stop_code":"51084","stop_name":"Southbound Tache at St. Mary's","routes":"888"}},{"type":"Feature","geometry":{"type":"Point","coordinates":[-97.2078844178,49.9256705209]},"properties":{"stop_id":"20529","stop_code":"20529","stop_name":"Westbound Logan at King Edward","routes":"881"}},{"type":"Feature","geometry":{"type":"Point","coordinates":[-97.098548151,49.8080787908]},"properties":{"stop_id":"50628","stop_code":"50628","stop_name":"Westbound Burland at John Forsyth","routes":"676"}},{"type":"Feature","geometry":{"type":"Point","coordinates":[-97.1693286409,49.9231694596]},"properties":{"stop_id":"30500","stop_code":"30500","stop_name":"Northbound McPhillips at Selkirk","routes":"833, F5"}},{"type":"Feature","geometry":{"type":"Point","coordinates":[-97.1611879814,49.9492697253]},"properties":{"stop_id":"30507","stop_code":"30507","stop_name":"Southbound Pipeline at Blechner","routes":"38"}},{"type":"Feature","geometry":{"type":"Point","coordinates":[-97.1611919279,49.9520941942]},"properties":{"stop_id":"30505","stop_code":"30505","stop_name":"Southbound Pipeline at Doubleday","routes":"38"}},{"type":"Feature","geometry":{"type":"Point","coordinates":[-97.1611923391,49.9553773465]},"properties":{"stop_id":"30504","stop_code":"30504","stop_name":"Southbound Pipeline at Adsum","routes":"38, D10"}},{"type":"Feature","geometry":{"type":"Point","coordinates":[-97.2145396428,49.9397514053]},"properties":{"stop_id":"30763","stop_code":"30763","stop_name":"Westbound Burrows at Cutler","routes":"833"}},{"type":"Feature","geometry":{"type":"Point","coordinates":[-97.1735729939,49.9306753065]},"properties":{"stop_id":"30762","stop_code":"30762","stop_name":"Southbound Fife at Redwood","routes":"332"}},{"type":"Feature","geometry":{"type":"Point","coordinates":[-97.1610667857,49.9173087484]},"properties":{"stop_id":"30761","stop_code":"30761","stop_name":"Northbound Sinclair at Dufferin","routes":"28"}},{"type":"Feature","geometry":{"type":"Point","coordinates":[-97.1223414478,49.9050566474]},"properties":{"stop_id":"30760","stop_code":"30760","stop_name":"Westbound Sutherland at Annabella","routes":"31, D17"}},{"type":"Feature","geometry":{"type":"Point","coordinates":[-97.2050607463,49.948419879]},"properties":{"stop_id":"30767","stop_code":"30767","stop_name":"Eastbound Garton at Forest Cove","routes":"332"}},{"type":"Feature","geometry":{"type":"Point","coordinates":[-97.074315471,49.936290061]},"properties":{"stop_id":"40545","stop_code":"40545","stop_name":"Eastbound Edison at MacAulay","routes":"330"}},{"type":"Feature","geometry":{"type":"Point","coordinates":[-97.1023747088,49.9556607902]},"properties":{"stop_id":"30989","stop_code":"30989","stop_name":"Westbound Murray at Donan","routes":"330"}},{"type":"Feature","geometry":{"type":"Point","coordinates":[-97.2167444005,49.9411885779]},"properties":{"stop_id":"30764","stop_code":"30764","stop_name":"Westbound Burrows at Haddon","routes":"833"}},{"type":"Feature","geometry":{"type":"Point","coordinates":[-97.1025025788,49.9555999208]},"properties":{"stop_id":"30987","stop_code":"30987","stop_name":"Eastbound Murray at Frog Plain","routes":"330"}},{"type":"Feature","geometry":{"type":"Point","coordinates":[-97.1065158179,49.9574286249]},"properties":{"stop_id":"30986","stop_code":"30986","stop_name":"Eastbound Murray at Danford","routes":"330"}},{"type":"Feature","geometry":{"type":"Point","coordinates":[-97.1997898402,49.9503349354]},"properties":{"stop_id":"30769","stop_code":"30769","stop_name":"Eastbound Garton at Inkster Garden","routes":"332"}},{"type":"Feature","geometry":{"type":"Point","coordinates":[-97.2014508476,49.9491554262]},"properties":{"stop_id":"30768","stop_code":"30768","stop_name":"Eastbound Garton at Rose Hill","routes":"332"}},{"type":"Feature","geometry":{"type":"Point","coordinates":[-97.128475747,49.9638841714]},"properties":{"stop_id":"30983","stop_code":"30983","stop_name":"Eastbound North Point at Phoenix","routes":"330"}},{"type":"Feature","geometry":{"type":"Point","coordinates":[-97.1312507024,49.9653231959]},"properties":{"stop_id":"30982","stop_code":"30982","stop_name":"Eastbound North Point at Atlas","routes":"330"}},{"type":"Feature","geometry":{"type":"Point","coordinates":[-97.1950100018,49.9566289233]},"properties":{"stop_id":"30980","stop_code":"30980","stop_name":"Northbound Dr. Jose Rizal at Waterford Green","routes":"37, 334"}},{"type":"Feature","geometry":{"type":"Point","coordinates":[-97.1543284744,49.9219418826]},"properties":{"stop_id":"30293","stop_code":"30293","stop_name":"Northbound Arlington at Burrows","routes":"28"}},{"type":"Feature","geometry":{"type":"Point","coordinates":[-97.1533322033,49.9232212731]},"properties":{"stop_id":"30292","stop_code":"30292","stop_name":"Northbound Arlington at Aberdeen","routes":"28"}},{"type":"Feature","geometry":{"type":"Point","coordinates":[-97.0596729239,49.8969620488]},"properties":{"stop_id":"40784","stop_code":"40784","stop_name":"Northbound Kildonan Place at Kildonan Place Hub (442, 444)","routes":"442, 444"}},{"type":"Feature","geometry":{"type":"Point","coordinates":[-97.0595814963,49.8971584081]},"properties":{"stop_id":"40785","stop_code":"40785","stop_name":"Northbound Kildonan Place at Kildonan Place Hub (38, 446)","routes":"38, 446"}},{"type":"Feature","geometry":{"type":"Point","coordinates":[-97.1580803352,49.9170813784]},"properties":{"stop_id":"30297","stop_code":"30297","stop_name":"Northbound Arlington at Dufferin","routes":"28"}},{"type":"Feature","geometry":{"type":"Point","coordinates":[-97.1562247676,49.919345563]},"properties":{"stop_id":"30296","stop_code":"30296","stop_name":"Westbound Selkirk at Arlington","routes":"D17"}},{"type":"Feature","geometry":{"type":"Point","coordinates":[-97.1561309417,49.9196139181]},"properties":{"stop_id":"30295","stop_code":"30295","stop_name":"Northbound Arlington at Selkirk","routes":"28"}},{"type":"Feature","geometry":{"type":"Point","coordinates":[-97.1553250352,49.920653493]},"properties":{"stop_id":"30294","stop_code":"30294","stop_name":"Northbound Arlington at Manitoba","routes":"28"}},{"type":"Feature","geometry":{"type":"Point","coordinates":[-97.2075422513,49.8792872505]},"properties":{"stop_id":"20201","stop_code":"20201","stop_name":"Westbound Portage at Queen","routes":"22, 224"}},{"type":"Feature","geometry":{"type":"Point","coordinates":[-97.1066936191,49.9009788998]},"properties":{"stop_id":"50626","stop_code":"50626","stop_name":"Northbound Archibald at Mission North","routes":"551, 886, 887"}},{"type":"Feature","geometry":{"type":"Point","coordinates":[-97.0596396835,49.8970964179]},"properties":{"stop_id":"40788","stop_code":"40788","stop_name":"Southbound Kildonan Place at Kildonan Place Hub (D10)","routes":"D10"}},{"type":"Feature","geometry":{"type":"Point","coordinates":[-97.0597014765,49.8969445372]},"properties":{"stop_id":"40789","stop_code":"40789","stop_name":"Southbound Kildonan Place at Kildonan Place Hub (F9)","routes":"F9"}},{"type":"Feature","geometry":{"type":"Point","coordinates":[-97.1639451669,49.8862677417]},"properties":{"stop_id":"11108","stop_code":"11108","stop_name":"Eastbound Broadway at Portage","routes":"D14, D15"}},{"type":"Feature","geometry":{"type":"Point","coordinates":[-97.1610902746,49.8859255911]},"properties":{"stop_id":"11109","stop_code":"11109","stop_name":"Westbound Broadway at Maryland","routes":"D14, D15, F7"}},{"type":"Feature","geometry":{"type":"Point","coordinates":[-97.1559261775,49.9041662712]},"properties":{"stop_id":"11102","stop_code":"11102","stop_name":"Eastbound William at Sherbrook","routes":"889, D16, D18"}},{"type":"Feature","geometry":{"type":"Point","coordinates":[-97.1560842878,49.9044026594]},"properties":{"stop_id":"11103","stop_code":"11103","stop_name":"Westbound William at Sherbrook","routes":"889, D16, D18"}},{"type":"Feature","geometry":{"type":"Point","coordinates":[-97.1693114395,49.8853632775]},"properties":{"stop_id":"11100","stop_code":"11100","stop_name":"Northbound Arlington at Portage South","routes":"28"}},{"type":"Feature","geometry":{"type":"Point","coordinates":[-97.1174975972,49.8749255304]},"properties":{"stop_id":"50270","stop_code":"50270","stop_name":"Northbound St Mary's at Niverville","routes":"FX2"}},{"type":"Feature","geometry":{"type":"Point","coordinates":[-97.1480046177,49.8942712449]},"properties":{"stop_id":"11106","stop_code":"11106","stop_name":"Westbound Ellice at Edmonton","routes":"D12, D13"}},{"type":"Feature","geometry":{"type":"Point","coordinates":[-97.1852052397,49.8843722181]},"properties":{"stop_id":"11107","stop_code":"11107","stop_name":"Southbound Erin at Portage","routes":"884, D14"}},{"type":"Feature","geometry":{"type":"Point","coordinates":[-97.113716694,49.8719405763]},"properties":{"stop_id":"50275","stop_code":"50275","stop_name":"Northbound St Mary's at Carriere","routes":"FX2"}},{"type":"Feature","geometry":{"type":"Point","coordinates":[-97.1444230373,49.8950774135]},"properties":{"stop_id":"11105","stop_code":"11105","stop_name":"Westbound Ellice at Donald","routes":"D12, D13"}},{"type":"Feature","geometry":{"type":"Point","coordinates":[-97.1413447111,49.9559600023]},"properties":{"stop_id":"30341","stop_code":"30341","stop_name":"Eastbound Templeton at Meredith","routes":"28"}},{"type":"Feature","geometry":{"type":"Point","coordinates":[-97.1838747276,49.9579929763]},"properties":{"stop_id":"30616","stop_code":"30616","stop_name":"Southbound Mandalay at Playgreen","routes":"332"}},{"type":"Feature","geometry":{"type":"Point","coordinates":[-97.1384251692,49.9550226097]},"properties":{"stop_id":"30343","stop_code":"30343","stop_name":"Eastbound Templeton at Garden Park","routes":"28"}},{"type":"Feature","geometry":{"type":"Point","coordinates":[-97.1373002345,49.9559939643]},"properties":{"stop_id":"30345","stop_code":"30345","stop_name":"Southbound Garden Park at Beecher","routes":"28"}},{"type":"Feature","geometry":{"type":"Point","coordinates":[-97.1370623273,49.9560171223]},"properties":{"stop_id":"30344","stop_code":"30344","stop_name":"Northbound Garden Park at Beecher","routes":"28"}},{"type":"Feature","geometry":{"type":"Point","coordinates":[-97.1323837881,49.9544216207]},"properties":{"stop_id":"30347","stop_code":"30347","stop_name":"Southbound Sinclair at Beecher","routes":"28"}},{"type":"Feature","geometry":{"type":"Point","coordinates":[-97.178603308,49.9598710838]},"properties":{"stop_id":"30610","stop_code":"30610","stop_name":"Westbound Jefferson at Idlewild","routes":"37, 332"}},{"type":"Feature","geometry":{"type":"Point","coordinates":[-97.1340063651,49.9517582885]},"properties":{"stop_id":"30349","stop_code":"30349","stop_name":"Northbound Sinclair at Ambassador","routes":"28"}},{"type":"Feature","geometry":{"type":"Point","coordinates":[-97.1345970315,49.9512640877]},"properties":{"stop_id":"30348","stop_code":"30348","stop_name":"Southbound Sinclair at Ambassador","routes":"28"}},{"type":"Feature","geometry":{"type":"Point","coordinates":[-97.0837298351,49.8243044703]},"properties":{"stop_id":"51088","stop_code":"51088","stop_name":"Southbound St Anne's at Compark","routes":"552, F7"}},{"type":"Feature","geometry":{"type":"Point","coordinates":[-97.1168989314,49.8742141766]},"properties":{"stop_id":"50271","stop_code":"50271","stop_name":"Southbound St Mary's at Niverville","routes":"FX2"}},{"type":"Feature","geometry":{"type":"Point","coordinates":[-97.1816033934,49.9549980161]},"properties":{"stop_id":"30619","stop_code":"30619","stop_name":"Westbound Adsum at Citadel","routes":"D10"}},{"type":"Feature","geometry":{"type":"Point","coordinates":[-97.1840012205,49.9564838173]},"properties":{"stop_id":"30618","stop_code":"30618","stop_name":"Southbound Mandalay at Anglia","routes":"332"}},{"type":"Feature","geometry":{"type":"Point","coordinates":[-97.1109402831,49.8264430067]},"properties":{"stop_id":"50879","stop_code":"50879","stop_name":"Westbound St Vital Centre at St. Vital Centre Hub (556 to Plaza Drive)","routes":"556"}},{"type":"Feature","geometry":{"type":"Point","coordinates":[-97.110742589,49.8265207352]},"properties":{"stop_id":"50878","stop_code":"50878","stop_name":"Westbound St Vital Centre at St Vital Centre Hub (552 to Avalon Loop)","routes":"552"}},{"type":"Feature","geometry":{"type":"Point","coordinates":[-97.0325276133,49.8775780605]},"properties":{"stop_id":"50874","stop_code":"50874","stop_name":"Northbound De Baets at Camiel Sys North","routes":"887"}},{"type":"Feature","geometry":{"type":"Point","coordinates":[-97.0365265933,49.8815948404]},"properties":{"stop_id":"50876","stop_code":"50876","stop_name":"Northbound De Baets at Paquin","routes":"887"}},{"type":"Feature","geometry":{"type":"Point","coordinates":[-97.0489590746,49.8843237278]},"properties":{"stop_id":"50871","stop_code":"50871","stop_name":"Westbound De Baets at Mazenod","routes":"887"}},{"type":"Feature","geometry":{"type":"Point","coordinates":[-97.0444975947,49.8837986759]},"properties":{"stop_id":"50870","stop_code":"50870","stop_name":"Westbound De Baets at Beghin","routes":"887"}},{"type":"Feature","geometry":{"type":"Point","coordinates":[-97.0496819882,49.8822760303]},"properties":{"stop_id":"50872","stop_code":"50872","stop_name":"Southbound Mazenod at Waters Business Park","routes":"887"}},{"type":"Feature","geometry":{"type":"Point","coordinates":[-97.1192386109,49.8899395966]},"properties":{"stop_id":"50181","stop_code":"50181","stop_name":"Southbound Aulneau at De La Cathedrale","routes":"888"}},{"type":"Feature","geometry":{"type":"Point","coordinates":[-97.1188755113,49.8896098748]},"properties":{"stop_id":"50182","stop_code":"50182","stop_name":"Northbound Aulneau at De La Cathedrale","routes":"888"}},{"type":"Feature","geometry":{"type":"Point","coordinates":[-97.1209064043,49.9143881804]},"properties":{"stop_id":"40438","stop_code":"40438","stop_name":"Westbound Hespeler at Beatrice","routes":"38"}},{"type":"Feature","geometry":{"type":"Point","coordinates":[-97.1443314889,49.8949230308]},"properties":{"stop_id":"11104","stop_code":"11104","stop_name":"Eastbound Ellice at Donald","routes":"D12, D13"}},{"type":"Feature","geometry":{"type":"Point","coordinates":[-97.1023874868,49.8541879588]},"properties":{"stop_id":"50186","stop_code":"50186","stop_name":"Eastbound Niakwa at St. Anne's","routes":"557"}},{"type":"Feature","geometry":{"type":"Point","coordinates":[-97.1132984752,49.9176555682]},"properties":{"stop_id":"40435","stop_code":"40435","stop_name":"Southbound Henderson at Harbison","routes":"F8"}},{"type":"Feature","geometry":{"type":"Point","coordinates":[-97.1134574313,49.8714506166]},"properties":{"stop_id":"50274","stop_code":"50274","stop_name":"Southbound St Mary's at Carriere","routes":"FX2"}},{"type":"Feature","geometry":{"type":"Point","coordinates":[-97.1084624603,49.9230456254]},"properties":{"stop_id":"40431","stop_code":"40431","stop_name":"Southbound Henderson at Trent","routes":"F8"}},{"type":"Feature","geometry":{"type":"Point","coordinates":[-97.1095531478,49.9218760984]},"properties":{"stop_id":"40432","stop_code":"40432","stop_name":"Southbound Henderson at Munroe","routes":"F8"}},{"type":"Feature","geometry":{"type":"Point","coordinates":[-97.1453774546,49.862548659]},"properties":{"stop_id":"11037","stop_code":"11037","stop_name":"Southbound Fort Rouge Station at Fort Rouge Station (F5, 557 to Windermere)","routes":"557, F5"}},{"type":"Feature","geometry":{"type":"Point","coordinates":[-97.1496854328,49.8561411638]},"properties":{"stop_id":"11034","stop_code":"11034","stop_name":"Northbound Southwest Transitway at Jubilee Station","routes":"557, BLUE"}},{"type":"Feature","geometry":{"type":"Point","coordinates":[-97.1450963603,49.8629849125]},"properties":{"stop_id":"11032","stop_code":"11032","stop_name":"Northbound Southwest Transitway at Fort Rouge Station","routes":"BLUE, F5"}},{"type":"Feature","geometry":{"type":"Point","coordinates":[-97.1503147452,49.8556924745]},"properties":{"stop_id":"11033","stop_code":"11033","stop_name":"Southbound Southwest Transitway at Jubilee Station","routes":"557, BLUE"}},{"type":"Feature","geometry":{"type":"Point","coordinates":[-97.140723981,49.8735739002]},"properties":{"stop_id":"11030","stop_code":"11030","stop_name":"Northbound Southwest Transitway at Osborne Station","routes":"BLUE, FX3"}},{"type":"Feature","geometry":{"type":"Point","coordinates":[-97.1457723432,49.862411065]},"properties":{"stop_id":"11031","stop_code":"11031","stop_name":"Southbound Southwest Transitway at Fort Rouge Station","routes":"BLUE, F5"}},{"type":"Feature","geometry":{"type":"Point","coordinates":[-97.115242076,49.8373972638]},"properties":{"stop_id":"50478","stop_code":"50478","stop_name":"Southbound Dunkirk at Hastings","routes":"F6"}},{"type":"Feature","geometry":{"type":"Point","coordinates":[-97.2005971372,49.9013521226]},"properties":{"stop_id":"21018","stop_code":"21018","stop_name":"Westbound Wellington at St. James","routes":"D13"}},{"type":"Feature","geometry":{"type":"Point","coordinates":[-97.1835074253,49.9584909302]},"properties":{"stop_id":"30615","stop_code":"30615","stop_name":"Northbound Mandalay at Anneville","routes":"332"}},{"type":"Feature","geometry":{"type":"Point","coordinates":[-97.1455084649,49.8623978422]},"properties":{"stop_id":"11038","stop_code":"11038","stop_name":"Southbound Fort Rouge Station at Fort Rouge Station (557 to Sage Creek)","routes":"557"}},{"type":"Feature","geometry":{"type":"Point","coordinates":[-96.9641217612,49.9008617238]},"properties":{"stop_id":"40776","stop_code":"40776","stop_name":"Southbound Alex Taylor at Kildare","routes":"48"}},{"type":"Feature","geometry":{"type":"Point","coordinates":[-97.1996888066,49.8976950422]},"properties":{"stop_id":"21017","stop_code":"21017","stop_name":"Eastbound Sargent at St. James","routes":"D13"}},{"type":"Feature","geometry":{"type":"Point","coordinates":[-97.2094576534,49.9016334062]},"properties":{"stop_id":"21016","stop_code":"21016","stop_name":"Westbound Wellington at Berry","routes":"224, D12, D13"}},{"type":"Feature","geometry":{"type":"Point","coordinates":[-97.1822964704,49.9606576905]},"properties":{"stop_id":"30613","stop_code":"30613","stop_name":"Westbound Jefferson at Mandalay","routes":"37, 332"}},{"type":"Feature","geometry":{"type":"Point","coordinates":[-97.2286441996,49.8846222434]},"properties":{"stop_id":"20134","stop_code":"20134","stop_name":"Westbound Ness at Winchester","routes":"D15"}},{"type":"Feature","geometry":{"type":"Point","coordinates":[-97.26396957,49.8758835333]},"properties":{"stop_id":"21014","stop_code":"21014","stop_name":"Westbound Portage at Moray","routes":"22, 220, BLUE, FX3"}},{"type":"Feature","geometry":{"type":"Point","coordinates":[-97.1784020904,49.9596610366]},"properties":{"stop_id":"30611","stop_code":"30611","stop_name":"Eastbound Jefferson at Lavender","routes":"37, 332"}},{"type":"Feature","geometry":{"type":"Point","coordinates":[-97.2607302908,49.8963073806]},"properties":{"stop_id":"21013","stop_code":"21013","stop_name":"Southbound Saulteaux at Moray","routes":"883"}},{"type":"Feature","geometry":{"type":"Point","coordinates":[-97.1322347009,49.954311277]},"properties":{"stop_id":"30346","stop_code":"30346","stop_name":"Northbound Sinclair at Beecher","routes":"28"}},{"type":"Feature","geometry":{"type":"Point","coordinates":[-97.2263020162,49.8505223721]},"properties":{"stop_id":"61031","stop_code":"61031","stop_name":"Eastbound West Taylor at Holland","routes":"664"}},{"type":"Feature","geometry":{"type":"Point","coordinates":[-97.2300101397,49.851073859]},"properties":{"stop_id":"61030","stop_code":"61030","stop_name":"Eastbound West Taylor at Shaftesbury","routes":"664"}},{"type":"Feature","geometry":{"type":"Point","coordinates":[-97.2185146511,49.8500609694]},"properties":{"stop_id":"61033","stop_code":"61033","stop_name":"Eastbound Taylor at Coleraine","routes":"664"}},{"type":"Feature","geometry":{"type":"Point","coordinates":[-97.2214353727,49.8500789001]},"properties":{"stop_id":"61032","stop_code":"61032","stop_name":"Eastbound Taylor at Park South","routes":"664"}},{"type":"Feature","geometry":{"type":"Point","coordinates":[-97.0662224003,49.9327100738]},"properties":{"stop_id":"47013","stop_code":"47013","stop_name":"Northbound Gateway at Burnett","routes":"FX4"}},{"type":"Feature","geometry":{"type":"Point","coordinates":[-97.0858298566,49.9172226508]},"properties":{"stop_id":"47012","stop_code":"47012","stop_name":"Northbound Gateway at Fleming","routes":"FX4"}},{"type":"Feature","geometry":{"type":"Point","coordinates":[-97.1026891249,49.9111137086]},"properties":{"stop_id":"47011","stop_code":"47011","stop_name":"Eastbound Chalmers at Watt","routes":"FX4"}},{"type":"Feature","geometry":{"type":"Point","coordinates":[-96.979705835,49.9115152228]},"properties":{"stop_id":"47010","stop_code":"47010","stop_name":"Southbound Redonda at Summerlea","routes":"444"}},{"type":"Feature","geometry":{"type":"Point","coordinates":[-97.0861668255,49.9171562617]},"properties":{"stop_id":"47017","stop_code":"47017","stop_name":"Southbound Gateway at Fleming","routes":"FX4"}},{"type":"Feature","geometry":{"type":"Point","coordinates":[-97.0667320114,49.9325116988]},"properties":{"stop_id":"47016","stop_code":"47016","stop_name":"Southbound Gateway at Burnett","routes":"43, FX4"}},{"type":"Feature","geometry":{"type":"Point","coordinates":[-97.0629637443,49.9354350646]},"properties":{"stop_id":"47015","stop_code":"47015","stop_name":"Southbound Gateway at Springfield","routes":"FX4"}},{"type":"Feature","geometry":{"type":"Point","coordinates":[-97.0623244182,49.9357391926]},"properties":{"stop_id":"47014","stop_code":"47014","stop_name":"Northbound Gateway at Springfield","routes":"FX4"}},{"type":"Feature","geometry":{"type":"Point","coordinates":[-97.1033497179,49.9109626226]},"properties":{"stop_id":"47018","stop_code":"47018","stop_name":"Southbound Watt at Chalmers","routes":"551, FX4"}},{"type":"Feature","geometry":{"type":"Point","coordinates":[-97.1078133929,49.798956668]},"properties":{"stop_id":"50984","stop_code":"50984","stop_name":"Westbound Aldgate at Eastcote","routes":"552"}},{"type":"Feature","geometry":{"type":"Point","coordinates":[-97.1121277208,49.8002235096]},"properties":{"stop_id":"50986","stop_code":"50986","stop_name":"Northbound Aldgate at Becontree","routes":"552"}},{"type":"Feature","geometry":{"type":"Point","coordinates":[-97.0639750322,49.8245782745]},"properties":{"stop_id":"51054","stop_code":"51054","stop_name":"Southbound Evelyne Reese at Geneva","routes":"557"}},{"type":"Feature","geometry":{"type":"Point","coordinates":[-97.2246932525,49.936138638]},"properties":{"stop_id":"30964","stop_code":"30964","stop_name":"Northbound Eagle at Oak Point","routes":"881"}},{"type":"Feature","geometry":{"type":"Point","coordinates":[-97.0585140964,49.8224088759]},"properties":{"stop_id":"51056","stop_code":"51056","stop_name":"Eastbound Jack Reimer at Eau-Claire","routes":"557"}},{"type":"Feature","geometry":{"type":"Point","coordinates":[-97.0539750197,49.8229173041]},"properties":{"stop_id":"51057","stop_code":"51057","stop_name":"Northbound De La Seigneurie at Jack Reimer","routes":"557"}},{"type":"Feature","geometry":{"type":"Point","coordinates":[-97.0675434906,49.8330754067]},"properties":{"stop_id":"51050","stop_code":"51050","stop_name":"Eastbound Island Lakes at Island Shore","routes":"557"}},{"type":"Feature","geometry":{"type":"Point","coordinates":[-97.0639937571,49.834905052]},"properties":{"stop_id":"51051","stop_code":"51051","stop_name":"Eastbound Island Lakes at Desjardins","routes":"557"}},{"type":"Feature","geometry":{"type":"Point","coordinates":[-97.063206292,49.8288561105]},"properties":{"stop_id":"51052","stop_code":"51052","stop_name":"Northbound Island Shore at Evelyne Reese","routes":"557"}},{"type":"Feature","geometry":{"type":"Point","coordinates":[-97.0643971924,49.8272389169]},"properties":{"stop_id":"51053","stop_code":"51053","stop_name":"Southbound Evelyne Reese at Bonaventure","routes":"557"}},{"type":"Feature","geometry":{"type":"Point","coordinates":[-97.1222640307,49.8180459596]},"properties":{"stop_id":"50695","stop_code":"50695","stop_name":"Southbound River at Minnetonka","routes":"556"}},{"type":"Feature","geometry":{"type":"Point","coordinates":[-97.1263577687,49.8178784484]},"properties":{"stop_id":"50694","stop_code":"50694","stop_name":"Southbound River at McNulty East","routes":"556"}},{"type":"Feature","geometry":{"type":"Point","coordinates":[-97.0545447553,49.8250047757]},"properties":{"stop_id":"51058","stop_code":"51058","stop_name":"Northbound De La Seigneurie at Lucerne","routes":"557"}},{"type":"Feature","geometry":{"type":"Point","coordinates":[-97.0563542855,49.826690304]},"properties":{"stop_id":"51059","stop_code":"51059","stop_name":"Northbound De La Seigneurie at Warde","routes":"557"}},{"type":"Feature","geometry":{"type":"Point","coordinates":[-97.1497403932,49.8237327371]},"properties":{"stop_id":"60926","stop_code":"60926","stop_name":"Eastbound Plaza at Plaza East","routes":"556"}},{"type":"Feature","geometry":{"type":"Point","coordinates":[-97.1319425443,49.8172581316]},"properties":{"stop_id":"50692","stop_code":"50692","stop_name":"Southbound River at Woodlawn","routes":"556"}},{"type":"Feature","geometry":{"type":"Point","coordinates":[-97.0727004707,49.8653100625]},"properties":{"stop_id":"50053","stop_code":"50053","stop_name":"Westbound Betournay at Speers","routes":"F9"}},{"type":"Feature","geometry":{"type":"Point","coordinates":[-97.0721744711,49.8655891454]},"properties":{"stop_id":"50052","stop_code":"50052","stop_name":"Northbound Speers at Betournay","routes":"F9"}},{"type":"Feature","geometry":{"type":"Point","coordinates":[-97.0877171318,49.8303792062]},"properties":{"stop_id":"50509","stop_code":"50509","stop_name":"Southbound St Anne's at Woodydell","routes":"F7"}},{"type":"Feature","geometry":{"type":"Point","coordinates":[-97.0872884589,49.8303181498]},"properties":{"stop_id":"50508","stop_code":"50508","stop_name":"Northbound St Anne's at Woodydell","routes":"F7"}},{"type":"Feature","geometry":{"type":"Point","coordinates":[-97.0997220632,49.8214019305]},"properties":{"stop_id":"50504","stop_code":"50504","stop_name":"Southbound Dakota at Hyatt","routes":"F6"}},{"type":"Feature","geometry":{"type":"Point","coordinates":[-97.1386500446,49.8243284533]},"properties":{"stop_id":"50500","stop_code":"50500","stop_name":"Southbound River at Abinojii Mikanah","routes":"676"}},{"type":"Feature","geometry":{"type":"Point","coordinates":[-97.0534407891,49.8351867488]},"properties":{"stop_id":"50503","stop_code":"50503","stop_name":"Southbound De La Seigneurie at Cassin","routes":"557"}},{"type":"Feature","geometry":{"type":"Point","coordinates":[-97.0876900684,49.8233085625]},"properties":{"stop_id":"50502","stop_code":"50502","stop_name":"Westbound Compark at Ashworth","routes":"552"}},{"type":"Feature","geometry":{"type":"Point","coordinates":[-97.16572681,49.8021201264]},"properties":{"stop_id":"61259","stop_code":"61259","stop_name":"Southbound Markham at Bison","routes":"662"}},{"type":"Feature","geometry":{"type":"Point","coordinates":[-97.1728948031,49.7804203301]},"properties":{"stop_id":"61251","stop_code":"61251","stop_name":"Eastbound Kirkbridge at Tim Sale","routes":"672"}},{"type":"Feature","geometry":{"type":"Point","coordinates":[-97.1360707922,49.8067824031]},"properties":{"stop_id":"61253","stop_code":"61253","stop_name":"Eastbound Dafoe at Agriculture","routes":"74, 662, 671, 672, 679, 889, BLUE, F8, F9"}},{"type":"Feature","geometry":{"type":"Point","coordinates":[-97.1722653242,49.7805363192]},"properties":{"stop_id":"61252","stop_code":"61252","stop_name":"Westbound Kirkbridge at Millstream","routes":"672"}},{"type":"Feature","geometry":{"type":"Point","coordinates":[-97.1423971182,49.8096276631]},"properties":{"stop_id":"61255","stop_code":"61255","stop_name":"Westbound Bohemier at University Crescent","routes":"BLUE"}},{"type":"Feature","geometry":{"type":"Point","coordinates":[-97.1307197192,49.8085850556]},"properties":{"stop_id":"61254","stop_code":"61254","stop_name":"Eastbound Dafoe at U of M Station","routes":"74, 662, 671, 672, 679, 889, BLUE, F8, F9"}},{"type":"Feature","geometry":{"type":"Point","coordinates":[-97.2211055016,49.8397385504]},"properties":{"stop_id":"61257","stop_code":"61257","stop_name":"Southbound Seasons of Tuxedo at Seasons of Tuxedo","routes":"664, 677"}},{"type":"Feature","geometry":{"type":"Point","coordinates":[-97.2172502907,49.8454810269]},"properties":{"stop_id":"61256","stop_code":"61256","stop_name":"Northbound Outlet Collection at Outlet Collection","routes":"677"}},{"type":"Feature","geometry":{"type":"Point","coordinates":[-97.1832096614,49.8366492588]},"properties":{"stop_id":"60816","stop_code":"60816","stop_name":"Southbound Lindenwood at Shorecrest","routes":"642"}},{"type":"Feature","geometry":{"type":"Point","coordinates":[-97.1839315446,49.8344567976]},"properties":{"stop_id":"60817","stop_code":"60817","stop_name":"Southbound Lindenwood at Thorncliff","routes":"642"}},{"type":"Feature","geometry":{"type":"Point","coordinates":[-97.1794926145,49.8186006856]},"properties":{"stop_id":"60810","stop_code":"60810","stop_name":"Southbound Waverley at Scurfield","routes":"679"}},{"type":"Feature","geometry":{"type":"Point","coordinates":[-97.1759320713,49.8526449367]},"properties":{"stop_id":"60811","stop_code":"60811","stop_name":"Southbound Cambridge at Mathers","routes":"28, 680"}},{"type":"Feature","geometry":{"type":"Point","coordinates":[-97.295040579,49.8504578248]},"properties":{"stop_id":"60812","stop_code":"60812","stop_name":"Eastbound Rannock at Scotswood","routes":"885"}},{"type":"Feature","geometry":{"type":"Point","coordinates":[-97.1852957396,49.8422229444]},"properties":{"stop_id":"60813","stop_code":"60813","stop_name":"Southbound Avon at Lindenwood West","routes":"641"}},{"type":"Feature","geometry":{"type":"Point","coordinates":[-97.1626551244,49.8549715372]},"properties":{"stop_id":"60818","stop_code":"60818","stop_name":"Westbound Taylor at Nathaniel East","routes":"664"}},{"type":"Feature","geometry":{"type":"Point","coordinates":[-97.1714291207,49.8407273877]},"properties":{"stop_id":"60819","stop_code":"60819","stop_name":"Northbound Fennell at Seel","routes":"694"}},{"type":"Feature","geometry":{"type":"Point","coordinates":[-97.2833262808,49.8803188191]},"properties":{"stop_id":"20231","stop_code":"20231","stop_name":"Westbound Portage at Country Club","routes":"22, 220, 885"}},{"type":"Feature","geometry":{"type":"Point","coordinates":[-97.2701064558,49.8673492391]},"properties":{"stop_id":"60498","stop_code":"60498","stop_name":"Eastbound Roblin at Oakdale","routes":"70, 885"}},{"type":"Feature","geometry":{"type":"Point","coordinates":[-97.2725579371,49.8672868995]},"properties":{"stop_id":"60499","stop_code":"60499","stop_name":"Westbound Roblin at Marlton North","routes":"70, 885"}},{"type":"Feature","geometry":{"type":"Point","coordinates":[-97.2608937419,49.8681286975]},"properties":{"stop_id":"60490","stop_code":"60490","stop_name":"Eastbound Roblin at Princeton","routes":"70"}},{"type":"Feature","geometry":{"type":"Point","coordinates":[-97.2653662583,49.8679799185]},"properties":{"stop_id":"60493","stop_code":"60493","stop_name":"Westbound Roblin at William Clement","routes":"70"}},{"type":"Feature","geometry":{"type":"Point","coordinates":[-97.2660299593,49.8677110175]},"properties":{"stop_id":"60494","stop_code":"60494","stop_name":"Eastbound Roblin at William Clement","routes":"70"}},{"type":"Feature","geometry":{"type":"Point","coordinates":[-97.2699049872,49.8675351225]},"properties":{"stop_id":"60497","stop_code":"60497","stop_name":"Westbound Roblin at Oakdale","routes":"70, 885"}},{"type":"Feature","geometry":{"type":"Point","coordinates":[-97.1586153269,49.8927944189]},"properties":{"stop_id":"10434","stop_code":"10434","stop_name":"Northbound Sherbrook at Ellice","routes":"889, D11"}},{"type":"Feature","geometry":{"type":"Point","coordinates":[-97.0862331806,49.9464361377]},"properties":{"stop_id":"40864","stop_code":"40864","stop_name":"Westbound Whellams at Henderson","routes":"446"}},{"type":"Feature","geometry":{"type":"Point","coordinates":[-97.1198808129,49.8246546678]},"properties":{"stop_id":"50447","stop_code":"50447","stop_name":"Eastbound Riel at Darwin","routes":"556"}},{"type":"Feature","geometry":{"type":"Point","coordinates":[-97.1529219265,49.8500762141]},"properties":{"stop_id":"60259","stop_code":"60259","stop_name":"Southbound Pembina at Calrossie","routes":"557, 649, D11, F8"}},{"type":"Feature","geometry":{"type":"Point","coordinates":[-97.1526707075,49.8482731898]},"properties":{"stop_id":"60256","stop_code":"60256","stop_name":"Westbound Point at Pembina East","routes":"694"}},{"type":"Feature","geometry":{"type":"Point","coordinates":[-97.1521079067,49.8480753085]},"properties":{"stop_id":"60254","stop_code":"60254","stop_name":"Eastbound Point at Pembina East","routes":"694"}},{"type":"Feature","geometry":{"type":"Point","coordinates":[-97.1533906955,49.8479968375]},"properties":{"stop_id":"60255","stop_code":"60255","stop_name":"Westbound Windermere at Pembina West","routes":"694, D11"}},{"type":"Feature","geometry":{"type":"Point","coordinates":[-97.1531268931,49.847983633]},"properties":{"stop_id":"60252","stop_code":"60252","stop_name":"Eastbound Windermere at Pembina West","routes":"694, D11"}},{"type":"Feature","geometry":{"type":"Point","coordinates":[-97.152652499,49.848021037]},"properties":{"stop_id":"60253","stop_code":"60253","stop_name":"Northbound Pembina at Point Road","routes":"649, 889, F8"}},{"type":"Feature","geometry":{"type":"Point","coordinates":[-97.1529123394,49.8452187203]},"properties":{"stop_id":"60250","stop_code":"60250","stop_name":"Northbound Pembina at North Drive","routes":"649, F8"}},{"type":"Feature","geometry":{"type":"Point","coordinates":[-97.1531445645,49.8478849692]},"properties":{"stop_id":"60251","stop_code":"60251","stop_name":"Southbound Pembina at Windermere","routes":"649, 889, F8"}},{"type":"Feature","geometry":{"type":"Point","coordinates":[-97.1695221875,49.926887435]},"properties":{"stop_id":"30489","stop_code":"30489","stop_name":"Eastbound Burrows at McPhillips","routes":"332, 833, D17"}},{"type":"Feature","geometry":{"type":"Point","coordinates":[-97.166860362,49.9316756135]},"properties":{"stop_id":"30467","stop_code":"30467","stop_name":"Southbound McPhillips at Mountain","routes":"F5"}},{"type":"Feature","geometry":{"type":"Point","coordinates":[-97.2606080304,49.8981584968]},"properties":{"stop_id":"21011","stop_code":"21011","stop_name":"Southbound Saulteaux at Moray","routes":"883"}},{"type":"Feature","geometry":{"type":"Point","coordinates":[-97.1398314669,49.9442152942]},"properties":{"stop_id":"30914","stop_code":"30914","stop_name":"Southbound Sinclair at Forest Park","routes":"28"}},{"type":"Feature","geometry":{"type":"Point","coordinates":[-97.1240010002,49.915409827]},"properties":{"stop_id":"40439","stop_code":"40439","stop_name":"Westbound Hespeler at Glenwood","routes":"38"}},{"type":"Feature","geometry":{"type":"Point","coordinates":[-97.2154149881,49.9375611479]},"properties":{"stop_id":"30707","stop_code":"30707","stop_name":"Westbound Egesz at Markwood","routes":"336"}},{"type":"Feature","geometry":{"type":"Point","coordinates":[-97.1648486783,49.8323207695]},"properties":{"stop_id":"60785","stop_code":"60785","stop_name":"Southbound Irene at Clarence","routes":"690"}},{"type":"Feature","geometry":{"type":"Point","coordinates":[-97.1613079503,49.8329122133]},"properties":{"stop_id":"60786","stop_code":"60786","stop_name":"Eastbound Clarence at Clarence Station","routes":"690, 694"}},{"type":"Feature","geometry":{"type":"Point","coordinates":[-97.1586453596,49.8338143626]},"properties":{"stop_id":"60787","stop_code":"60787","stop_name":"Eastbound Clarence at Donnelly","routes":"694"}},{"type":"Feature","geometry":{"type":"Point","coordinates":[-97.2104185686,49.8696351509]},"properties":{"stop_id":"60780","stop_code":"60780","stop_name":"Eastbound Tuxedo at Edgeland","routes":"70"}},{"type":"Feature","geometry":{"type":"Point","coordinates":[-97.158716,49.7678451588]},"properties":{"stop_id":"60782","stop_code":"60782","stop_name":"Eastbound Ducharme at Villeneuve","routes":"91"}},{"type":"Feature","geometry":{"type":"Point","coordinates":[-97.1539446214,49.7643959174]},"properties":{"stop_id":"60783","stop_code":"60783","stop_name":"Westbound Des Trappistes at Pembina West","routes":"91"}},{"type":"Feature","geometry":{"type":"Point","coordinates":[-97.1231647342,49.9050160274]},"properties":{"stop_id":"40853","stop_code":"40853","stop_name":"Eastbound Sutherland at Gladstone","routes":"31, D17"}},{"type":"Feature","geometry":{"type":"Point","coordinates":[-97.1539684734,49.8353859536]},"properties":{"stop_id":"60788","stop_code":"60788","stop_name":"Eastbound Clarence at Hudson","routes":"694"}},{"type":"Feature","geometry":{"type":"Point","coordinates":[-97.1509964066,49.8363729411]},"properties":{"stop_id":"60789","stop_code":"60789","stop_name":"Eastbound Clarence at Pembina","routes":"694"}},{"type":"Feature","geometry":{"type":"Point","coordinates":[-97.1433601677,49.7975356552]},"properties":{"stop_id":"60078","stop_code":"60078","stop_name":"Westbound Silverstone at Laval","routes":"662, 671, 672"}},{"type":"Feature","geometry":{"type":"Point","coordinates":[-97.0312351716,49.9090030195]},"properties":{"stop_id":"41045","stop_code":"41045","stop_name":"Northbound Kildonan Meadow at Devonshire","routes":"444"}},{"type":"Feature","geometry":{"type":"Point","coordinates":[-97.0648446097,49.9448393331]},"properties":{"stop_id":"40655","stop_code":"40655","stop_name":"Eastbound Gilmore at Greenlea","routes":"442"}},{"type":"Feature","geometry":{"type":"Point","coordinates":[-97.1518588227,49.7969611076]},"properties":{"stop_id":"60072","stop_code":"60072","stop_name":"Westbound Dalhousie at Allegheny","routes":"671"}},{"type":"Feature","geometry":{"type":"Point","coordinates":[-97.1510790548,49.79700262]},"properties":{"stop_id":"60073","stop_code":"60073","stop_name":"Eastbound Dalhousie at Allegheny","routes":"671"}},{"type":"Feature","geometry":{"type":"Point","coordinates":[-97.1534440019,49.7962038405]},"properties":{"stop_id":"60070","stop_code":"60070","stop_name":"Eastbound Dalhousie at Ulster","routes":"671"}},{"type":"Feature","geometry":{"type":"Point","coordinates":[-97.1538152049,49.7963087109]},"properties":{"stop_id":"60071","stop_code":"60071","stop_name":"Westbound Dalhousie at Ulster","routes":"671"}},{"type":"Feature","geometry":{"type":"Point","coordinates":[-97.1457256072,49.7967280461]},"properties":{"stop_id":"60076","stop_code":"60076","stop_name":"Westbound Silverstone at McGill","routes":"662, 671, 672"}},{"type":"Feature","geometry":{"type":"Point","coordinates":[-97.1433514375,49.7974005878]},"properties":{"stop_id":"60077","stop_code":"60077","stop_name":"Eastbound Silverstone at MacAlester","routes":"662, 671, 672"}},{"type":"Feature","geometry":{"type":"Point","coordinates":[-97.2188497501,49.9396558654]},"properties":{"stop_id":"30706","stop_code":"30706","stop_name":"Eastbound Egesz at Haddon","routes":"336, 833"}},{"type":"Feature","geometry":{"type":"Point","coordinates":[-97.1457168704,49.7965929787]},"properties":{"stop_id":"60075","stop_code":"60075","stop_name":"Eastbound Silverstone at McGill","routes":"662, 671, 672"}},{"type":"Feature","geometry":{"type":"Point","coordinates":[-97.1991933971,49.8814514033]},"properties":{"stop_id":"10826","stop_code":"10826","stop_name":"Southbound Polo Park at Polo Park Hub (70)","routes":"70"}},{"type":"Feature","geometry":{"type":"Point","coordinates":[-97.150646506,49.926776396]},"properties":{"stop_id":"30288","stop_code":"30288","stop_name":"Northbound Arlington at Mountain","routes":"28"}},{"type":"Feature","geometry":{"type":"Point","coordinates":[-97.1908592012,49.7997363255]},"properties":{"stop_id":"61276","stop_code":"61276","stop_name":"Westbound North Town at Hill Grove","routes":"676"}},{"type":"Feature","geometry":{"type":"Point","coordinates":[-97.1005198615,49.8095504073]},"properties":{"stop_id":"50627","stop_code":"50627","stop_name":"Southbound John Forsyth at Warde","routes":"552"}},{"type":"Feature","geometry":{"type":"Point","coordinates":[-97.1991727948,49.8816309826]},"properties":{"stop_id":"10825","stop_code":"10825","stop_name":"Southbound Polo Park at Polo Park Hub (680)","routes":"680"}},{"type":"Feature","geometry":{"type":"Point","coordinates":[-97.026600353,49.9007295508]},"properties":{"stop_id":"40914","stop_code":"40914","stop_name":"Eastbound Transcona at Plessis","routes":"48"}},{"type":"Feature","geometry":{"type":"Point","coordinates":[-97.1527602873,49.872921077]},"properties":{"stop_id":"10178","stop_code":"10178","stop_name":"Westbound Wellington at Hugo","routes":"D16"}},{"type":"Feature","geometry":{"type":"Point","coordinates":[-97.1556390091,49.8726161752]},"properties":{"stop_id":"10179","stop_code":"10179","stop_name":"Westbound Wellington at Dorchester","routes":"D16"}},{"type":"Feature","geometry":{"type":"Point","coordinates":[-97.1173128005,49.8460303013]},"properties":{"stop_id":"50470","stop_code":"50470","stop_name":"Southbound Dunkirk at West Fernwood","routes":"F6"}},{"type":"Feature","geometry":{"type":"Point","coordinates":[-97.1458442337,49.8794308493]},"properties":{"stop_id":"10170","stop_code":"10170","stop_name":"Westbound River at Osborne","routes":"D16"}},{"type":"Feature","geometry":{"type":"Point","coordinates":[-97.146497034,49.8794682891]},"properties":{"stop_id":"10171","stop_code":"10171","stop_name":"Northbound Osborne at River","routes":"D19, F6"}},{"type":"Feature","geometry":{"type":"Point","coordinates":[-97.1465362168,49.8791720803]},"properties":{"stop_id":"10172","stop_code":"10172","stop_name":"Southbound Osborne at River","routes":"D19, F6"}},{"type":"Feature","geometry":{"type":"Point","coordinates":[-97.148706749,49.8784692216]},"properties":{"stop_id":"10173","stop_code":"10173","stop_name":"Westbound River at Norquay","routes":"D16"}},{"type":"Feature","geometry":{"type":"Point","coordinates":[-97.1177093078,49.8404777721]},"properties":{"stop_id":"50473","stop_code":"50473","stop_name":"Southbound Dunkirk at St. Vital","routes":"F6"}},{"type":"Feature","geometry":{"type":"Point","coordinates":[-97.1507745104,49.8760826087]},"properties":{"stop_id":"10176","stop_code":"10176","stop_name":"Westbound Wellington at Stradbrook","routes":"D16"}},{"type":"Feature","geometry":{"type":"Point","coordinates":[-97.1693180391,49.9271270713]},"properties":{"stop_id":"30487","stop_code":"30487","stop_name":"Southbound McPhillips at Burrows","routes":"F5"}},{"type":"Feature","geometry":{"type":"Point","coordinates":[-97.160596269,49.7673353612]},"properties":{"stop_id":"60671","stop_code":"60671","stop_name":"Westbound Ducharme at Houde","routes":"91"}},{"type":"Feature","geometry":{"type":"Point","coordinates":[-97.1376998233,49.8041730569]},"properties":{"stop_id":"60672","stop_code":"60672","stop_name":"Southbound University at Freedman","routes":"662, 671, 672"}},{"type":"Feature","geometry":{"type":"Point","coordinates":[-97.1300234751,49.8089785866]},"properties":{"stop_id":"60673","stop_code":"60673","stop_name":"Westbound Dafoe at U of M Station (F9, 679, 889)","routes":"679, 889, F9"}},{"type":"Feature","geometry":{"type":"Point","coordinates":[-97.1303752534,49.8088673346]},"properties":{"stop_id":"60674","stop_code":"60674","stop_name":"Westbound Dafoe at U of M Station (F8, 74)","routes":"74, F8"}},{"type":"Feature","geometry":{"type":"Point","coordinates":[-97.1314295402,49.8085605407]},"properties":{"stop_id":"60675","stop_code":"60675","stop_name":"Westbound Dafoe at U of M Station (BLUE)","routes":"BLUE"}},{"type":"Feature","geometry":{"type":"Point","coordinates":[-97.134325366,49.8817823678]},"properties":{"stop_id":"10161","stop_code":"10161","stop_name":"Westbound Stradbrook at Harkness","routes":"D16"}},{"type":"Feature","geometry":{"type":"Point","coordinates":[-97.1537764711,49.8579515365]},"properties":{"stop_id":"10379","stop_code":"10379","stop_name":"Westbound Taylor at Stafford","routes":"664"}},{"type":"Feature","geometry":{"type":"Point","coordinates":[-97.167602803,49.812431273]},"properties":{"stop_id":"60678","stop_code":"60678","stop_name":"Southbound Chancellor at Swan Lake","routes":"676, 678"}},{"type":"Feature","geometry":{"type":"Point","coordinates":[-97.1569968042,49.7952260475]},"properties":{"stop_id":"60679","stop_code":"60679","stop_name":"Westbound Dalhousie at Pembina East","routes":"671"}},{"type":"Feature","geometry":{"type":"Point","coordinates":[-97.1993193665,49.9083663128]},"properties":{"stop_id":"10374","stop_code":"10374","stop_name":"Northbound St James at Saskatchewan North","routes":"74"}},{"type":"Feature","geometry":{"type":"Point","coordinates":[-97.1998986923,49.901035437]},"properties":{"stop_id":"10372","stop_code":"10372","stop_name":"Northbound St James at Wellington","routes":"74"}},{"type":"Feature","geometry":{"type":"Point","coordinates":[-97.2004840379,49.8939115286]},"properties":{"stop_id":"10370","stop_code":"10370","stop_name":"Northbound St James at Ellice","routes":"74"}},{"type":"Feature","geometry":{"type":"Point","coordinates":[-97.1175105189,49.8405824799]},"properties":{"stop_id":"50474","stop_code":"50474","stop_name":"Northbound Dunkirk at St. Vital","routes":"F6"}},{"type":"Feature","geometry":{"type":"Point","coordinates":[-97.2413655158,49.8674559018]},"properties":{"stop_id":"60477","stop_code":"60477","stop_name":"Eastbound Roblin at Zoo","routes":"70"}},{"type":"Feature","geometry":{"type":"Point","coordinates":[-97.2413226791,49.8678690198]},"properties":{"stop_id":"60475","stop_code":"60475","stop_name":"Westbound Zoo at Zoo Loop","routes":"70, D19"}},{"type":"Feature","geometry":{"type":"Point","coordinates":[-97.228886812,49.8669598294]},"properties":{"stop_id":"60472","stop_code":"60472","stop_name":"Eastbound Corydon at Shaftesbury (Assiniboine Park)","routes":"70, D19"}},{"type":"Feature","geometry":{"type":"Point","coordinates":[-97.1154771496,49.8381476874]},"properties":{"stop_id":"50477","stop_code":"50477","stop_name":"Northbound Dunkirk at Hastings","routes":"F6"}},{"type":"Feature","geometry":{"type":"Point","coordinates":[-97.2294071132,49.8671926632]},"properties":{"stop_id":"60471","stop_code":"60471","stop_name":"Westbound Corydon at Shaftesbury","routes":"70, D19"}},{"type":"Feature","geometry":{"type":"Point","coordinates":[-97.1850151283,49.9328520868]},"properties":{"stop_id":"30666","stop_code":"30666","stop_name":"Westbound Burrows at Gilbert","routes":"833, D17"}},{"type":"Feature","geometry":{"type":"Point","coordinates":[-97.1578408378,49.9010664944]},"properties":{"stop_id":"10771","stop_code":"10771","stop_name":"Westbound Notre Dame at Sherbrook","routes":"F5"}},{"type":"Feature","geometry":{"type":"Point","coordinates":[-97.2114687627,49.9105155145]},"properties":{"stop_id":"21008","stop_code":"21008","stop_name":"Northbound Sherwin at Dublin","routes":"224"}},{"type":"Feature","geometry":{"type":"Point","coordinates":[-97.1475943173,49.8646170431]},"properties":{"stop_id":"10779","stop_code":"10779","stop_name":"Eastbound Grant at Pembina","routes":"FX3"}},{"type":"Feature","geometry":{"type":"Point","coordinates":[-97.2851480853,49.8976520191]},"properties":{"stop_id":"20446","stop_code":"20446","stop_name":"Eastbound Quail Ridge at Quail West","routes":"220"}},{"type":"Feature","geometry":{"type":"Point","coordinates":[-97.2935903759,49.87267195]},"properties":{"stop_id":"20440","stop_code":"20440","stop_name":"Southbound Westwood at Browning","routes":"885"}},{"type":"Feature","geometry":{"type":"Point","coordinates":[-97.0287037011,49.8935423143]},"properties":{"stop_id":"40153","stop_code":"40153","stop_name":"Eastbound Pandora at Robson","routes":"440"}},{"type":"Feature","geometry":{"type":"Point","coordinates":[-97.0282251142,49.8936690888]},"properties":{"stop_id":"40152","stop_code":"40152","stop_name":"Westbound Pandora at Robson","routes":"440"}},{"type":"Feature","geometry":{"type":"Point","coordinates":[-97.0316143842,49.8935288872]},"properties":{"stop_id":"40157","stop_code":"40157","stop_name":"Eastbound Pandora at Atwood","routes":"440"}},{"type":"Feature","geometry":{"type":"Point","coordinates":[-97.0307597475,49.8936582711]},"properties":{"stop_id":"40156","stop_code":"40156","stop_name":"Westbound Pandora at Atwood","routes":"440"}},{"type":"Feature","geometry":{"type":"Point","coordinates":[-97.0313833937,49.8950991042]},"properties":{"stop_id":"40155","stop_code":"40155","stop_name":"Eastbound Regent at Bienvenu","routes":"FX3"}},{"type":"Feature","geometry":{"type":"Point","coordinates":[-97.2823597739,49.897745616]},"properties":{"stop_id":"20448","stop_code":"20448","stop_name":"Eastbound Quail Ridge at Quail Central","routes":"220"}},{"type":"Feature","geometry":{"type":"Point","coordinates":[-97.1697750676,49.8933491758]},"properties":{"stop_id":"10518","stop_code":"10518","stop_name":"Westbound Ellice at Arlington","routes":"D12"}},{"type":"Feature","geometry":{"type":"Point","coordinates":[-97.1692944878,49.8931706722]},"properties":{"stop_id":"10519","stop_code":"10519","stop_name":"Eastbound Ellice at Arlington","routes":"D12"}},{"type":"Feature","geometry":{"type":"Point","coordinates":[-97.2669020606,49.8946639029]},"properties":{"stop_id":"21009","stop_code":"21009","stop_name":"Eastbound Murray Park at Saulteaux","routes":"883"}},{"type":"Feature","geometry":{"type":"Point","coordinates":[-97.1770271122,49.8934096271]},"properties":{"stop_id":"10512","stop_code":"10512","stop_name":"Eastbound Ellice at Dominion","routes":"D12"}},{"type":"Feature","geometry":{"type":"Point","coordinates":[-97.1771601711,49.893573632]},"properties":{"stop_id":"10513","stop_code":"10513","stop_name":"Westbound Ellice at Dominion","routes":"D12"}},{"type":"Feature","geometry":{"type":"Point","coordinates":[-97.1721318888,49.8932514863]},"properties":{"stop_id":"10516","stop_code":"10516","stop_name":"Eastbound Ellice at Banning","routes":"D12"}},{"type":"Feature","geometry":{"type":"Point","coordinates":[-97.1718752948,49.8934093446]},"properties":{"stop_id":"10517","stop_code":"10517","stop_name":"Westbound Ellice at Banning","routes":"D12"}},{"type":"Feature","geometry":{"type":"Point","coordinates":[-97.1743431009,49.8933223574]},"properties":{"stop_id":"10514","stop_code":"10514","stop_name":"Eastbound Ellice at Ingersoll","routes":"D12"}},{"type":"Feature","geometry":{"type":"Point","coordinates":[-97.1740865137,49.8934802208]},"properties":{"stop_id":"10515","stop_code":"10515","stop_name":"Westbound Ellice at Ingersoll","routes":"D12"}},{"type":"Feature","geometry":{"type":"Point","coordinates":[-97.1450887682,49.9383449683]},"properties":{"stop_id":"30429","stop_code":"30429","stop_name":"Southbound Sinclair at Cherryhill","routes":"28"}},{"type":"Feature","geometry":{"type":"Point","coordinates":[-97.0120259376,49.90227017]},"properties":{"stop_id":"40087","stop_code":"40087","stop_name":"Northbound Madeline at Ralph","routes":"48"}},{"type":"Feature","geometry":{"type":"Point","coordinates":[-97.1540977181,49.9447584038]},"properties":{"stop_id":"30421","stop_code":"30421","stop_name":"Eastbound Jefferson at McPhillips East","routes":"37"}},{"type":"Feature","geometry":{"type":"Point","coordinates":[-97.1548172801,49.9448958005]},"properties":{"stop_id":"30423","stop_code":"30423","stop_name":"Northbound McPhillips at Jefferson","routes":"F5"}},{"type":"Feature","geometry":{"type":"Point","coordinates":[-97.1552623614,49.9449208813]},"properties":{"stop_id":"30424","stop_code":"30424","stop_name":"Southbound McPhillips at Jefferson","routes":"F5"}},{"type":"Feature","geometry":{"type":"Point","coordinates":[-97.0602996545,49.9240387173]},"properties":{"stop_id":"40266","stop_code":"40266","stop_name":"Southbound Louelda at Stacey","routes":"330"}},{"type":"Feature","geometry":{"type":"Point","coordinates":[-97.1029508965,49.81527524]},"properties":{"stop_id":"50433","stop_code":"50433","stop_name":"Northbound Paddington at Maitland","routes":"552, 558"}},{"type":"Feature","geometry":{"type":"Point","coordinates":[-97.2586380172,49.8751288439]},"properties":{"stop_id":"20222","stop_code":"20222","stop_name":"Westbound Portage at Rita","routes":"22, 220"}},{"type":"Feature","geometry":{"type":"Point","coordinates":[-97.1382434729,49.9224939105]},"properties":{"stop_id":"30192","stop_code":"30192","stop_name":"Westbound Mountain at Powers","routes":"38"}},{"type":"Feature","geometry":{"type":"Point","coordinates":[-97.1380714702,49.922257275]},"properties":{"stop_id":"30193","stop_code":"30193","stop_name":"Eastbound Mountain at Powers","routes":"38"}},{"type":"Feature","geometry":{"type":"Point","coordinates":[-97.1405417484,49.9232324515]},"properties":{"stop_id":"30194","stop_code":"30194","stop_name":"Westbound Mountain at Andrews","routes":"38"}},{"type":"Feature","geometry":{"type":"Point","coordinates":[-97.1411129741,49.9232326288]},"properties":{"stop_id":"30195","stop_code":"30195","stop_name":"Eastbound Mountain at Andrews","routes":"38"}},{"type":"Feature","geometry":{"type":"Point","coordinates":[-97.1436056589,49.9152850759]},"properties":{"stop_id":"30196","stop_code":"30196","stop_name":"Westbound Selkirk at Salter West","routes":"D17"}},{"type":"Feature","geometry":{"type":"Point","coordinates":[-97.1462336671,49.9161367318]},"properties":{"stop_id":"30197","stop_code":"30197","stop_name":"Westbound Selkirk at Andrews","routes":"D17"}},{"type":"Feature","geometry":{"type":"Point","coordinates":[-97.144245709,49.9153043315]},"properties":{"stop_id":"30198","stop_code":"30198","stop_name":"Eastbound Selkirk at Salter West","routes":"D17"}},{"type":"Feature","geometry":{"type":"Point","coordinates":[-97.1680151496,49.9298859047]},"properties":{"stop_id":"30479","stop_code":"30479","stop_name":"Northbound McPhillips at Boyd","routes":"336"}},{"type":"Feature","geometry":{"type":"Point","coordinates":[-97.1584768584,49.8883846611]},"properties":{"stop_id":"10577","stop_code":"10577","stop_name":"Eastbound Portage at Sherbrook","routes":"BLUE, F7, FX4"}},{"type":"Feature","geometry":{"type":"Point","coordinates":[-97.1595214516,49.8799549508]},"properties":{"stop_id":"10206","stop_code":"10206","stop_name":"Northbound Sherbrook at Misericordia Health Ctr","routes":"889, D11"}},{"type":"Feature","geometry":{"type":"Point","coordinates":[-97.155772105,49.8855621426]},"properties":{"stop_id":"10207","stop_code":"10207","stop_name":"Eastbound Broadway at Young","routes":"D14, D15"}},{"type":"Feature","geometry":{"type":"Point","coordinates":[-97.1545156385,49.859366554]},"properties":{"stop_id":"10090","stop_code":"10090","stop_name":"Southbound Stafford at Ebby","routes":"D11"}},{"type":"Feature","geometry":{"type":"Point","coordinates":[-97.1592403394,49.884052211]},"properties":{"stop_id":"10202","stop_code":"10202","stop_name":"Northbound Sherbrook at Sara","routes":"D11"}},{"type":"Feature","geometry":{"type":"Point","coordinates":[-97.2118258316,49.8786338964]},"properties":{"stop_id":"20288","stop_code":"20288","stop_name":"Eastbound Portage at Cavell","routes":"22, BLUE"}},{"type":"Feature","geometry":{"type":"Point","coordinates":[-97.1591538041,49.8852291823]},"properties":{"stop_id":"10201","stop_code":"10201","stop_name":"Northbound Sherbrook at Broadway South","routes":"889, D11"}},{"type":"Feature","geometry":{"type":"Point","coordinates":[-97.2190976422,49.8784761401]},"properties":{"stop_id":"20285","stop_code":"20285","stop_name":"Eastbound Portage at Ferry","routes":"22, BLUE"}},{"type":"Feature","geometry":{"type":"Point","coordinates":[-97.1428268791,49.9409892104]},"properties":{"stop_id":"30415","stop_code":"30415","stop_name":"Northbound Sinclair at Jefferson","routes":"28"}},{"type":"Feature","geometry":{"type":"Point","coordinates":[-97.2141103245,49.8785882058]},"properties":{"stop_id":"20287","stop_code":"20287","stop_name":"Eastbound Portage at Riveroaks","routes":"22"}},{"type":"Feature","geometry":{"type":"Point","coordinates":[-97.2273401852,49.8780359596]},"properties":{"stop_id":"20281","stop_code":"20281","stop_name":"Eastbound Portage at Deer Lodge","routes":"22"}},{"type":"Feature","geometry":{"type":"Point","coordinates":[-97.0929844823,49.8046410081]},"properties":{"stop_id":"50802","stop_code":"50802","stop_name":"Westbound Aldgate at Wycombe","routes":"552, F6"}},{"type":"Feature","geometry":{"type":"Point","coordinates":[-97.1553210577,49.8857078713]},"properties":{"stop_id":"10208","stop_code":"10208","stop_name":"Westbound Broadway at Young","routes":"D14, D15"}},{"type":"Feature","geometry":{"type":"Point","coordinates":[-97.1608338749,49.8853458369]},"properties":{"stop_id":"10196","stop_code":"10196","stop_name":"Southbound Maryland at Broadway","routes":"889, D11"}},{"type":"Feature","geometry":{"type":"Point","coordinates":[-97.1606759061,49.8873042402]},"properties":{"stop_id":"10197","stop_code":"10197","stop_name":"Southbound Maryland at Portage South","routes":"889, D11, F7"}},{"type":"Feature","geometry":{"type":"Point","coordinates":[-97.1610726005,49.8819944876]},"properties":{"stop_id":"10194","stop_code":"10194","stop_name":"Southbound Maryland at Westminster","routes":"D11"}},{"type":"Feature","geometry":{"type":"Point","coordinates":[-97.1609293459,49.8835663402]},"properties":{"stop_id":"10195","stop_code":"10195","stop_name":"Southbound Maryland at Alloway","routes":"D11"}},{"type":"Feature","geometry":{"type":"Point","coordinates":[-97.2094732446,49.9117439653]},"properties":{"stop_id":"20047","stop_code":"20047","stop_name":"Eastbound Dublin at Sherwin","routes":"74"}},{"type":"Feature","geometry":{"type":"Point","coordinates":[-97.2111646377,49.9119590014]},"properties":{"stop_id":"20046","stop_code":"20046","stop_name":"Westbound Dublin at Sherwin","routes":"74"}},{"type":"Feature","geometry":{"type":"Point","coordinates":[-97.1681288952,49.9301935324]},"properties":{"stop_id":"30478","stop_code":"30478","stop_name":"Southbound McPhillips at Boyd","routes":"336"}},{"type":"Feature","geometry":{"type":"Point","coordinates":[-97.1568688392,49.8622464882]},"properties":{"stop_id":"10094","stop_code":"10094","stop_name":"Southbound Stafford at Grant","routes":"28, 889, D11"}},{"type":"Feature","geometry":{"type":"Point","coordinates":[-97.1705510253,49.9343065335]},"properties":{"stop_id":"30518","stop_code":"30518","stop_name":"Northbound Fife at Admiral","routes":"332"}},{"type":"Feature","geometry":{"type":"Point","coordinates":[-97.1708745306,49.9327555194]},"properties":{"stop_id":"30519","stop_code":"30519","stop_name":"Westbound Mountain at Fife","routes":"38"}},{"type":"Feature","geometry":{"type":"Point","coordinates":[-97.1600817804,49.8857206712]},"properties":{"stop_id":"10198","stop_code":"10198","stop_name":"Eastbound Broadway at Maryland","routes":"D14, D15"}},{"type":"Feature","geometry":{"type":"Point","coordinates":[-97.1583378348,49.88581887]},"properties":{"stop_id":"10199","stop_code":"10199","stop_name":"Westbound Broadway at Sherbrook","routes":"D14, D15"}},{"type":"Feature","geometry":{"type":"Point","coordinates":[-97.1158724862,49.8032799484]},"properties":{"stop_id":"50770","stop_code":"50770","stop_name":"Southbound St Mary's at Normand Park","routes":"676"}},{"type":"Feature","geometry":{"type":"Point","coordinates":[-97.1007945147,49.8231286186]},"properties":{"stop_id":"50497","stop_code":"50497","stop_name":"Northbound Dakota at Novavista","routes":"F6"}},{"type":"Feature","geometry":{"type":"Point","coordinates":[-97.1881880634,49.9548853349]},"properties":{"stop_id":"30998","stop_code":"30998","stop_name":"Westbound Adsum at Scarfe","routes":"39, 332, D10"}},{"type":"Feature","geometry":{"type":"Point","coordinates":[-97.1950055137,49.9556304209]},"properties":{"stop_id":"30999","stop_code":"30999","stop_name":"Northbound Dr. Jose Rizal at Adsum","routes":"39, 334"}},{"type":"Feature","geometry":{"type":"Point","coordinates":[-97.0553483662,49.9203576287]},"properties":{"stop_id":"40201","stop_code":"40201","stop_name":"Northbound Molson at Golden Eagle","routes":"D10"}},{"type":"Feature","geometry":{"type":"Point","coordinates":[-97.0655737676,49.9022689666]},"properties":{"stop_id":"40200","stop_code":"40200","stop_name":"Eastbound Reenders at Lagimodiere East","routes":"D17"}},{"type":"Feature","geometry":{"type":"Point","coordinates":[-97.1455376882,49.9520604555]},"properties":{"stop_id":"30779","stop_code":"30779","stop_name":"Northbound Garden City Hub at Garden City Hub (FX2)","routes":"FX2"}},{"type":"Feature","geometry":{"type":"Point","coordinates":[-97.0631850557,49.9111431392]},"properties":{"stop_id":"40204","stop_code":"40204","stop_name":"Northbound Molson at Concordia","routes":"D10"}},{"type":"Feature","geometry":{"type":"Point","coordinates":[-97.106757453,49.9576664447]},"properties":{"stop_id":"30990","stop_code":"30990","stop_name":"Westbound Murray at Carsdale","routes":"330"}},{"type":"Feature","geometry":{"type":"Point","coordinates":[-97.119176169,49.9609900563]},"properties":{"stop_id":"30991","stop_code":"30991","stop_name":"Westbound North Point at Lynx","routes":"330"}},{"type":"Feature","geometry":{"type":"Point","coordinates":[-97.1248645403,49.9620807392]},"properties":{"stop_id":"30992","stop_code":"30992","stop_name":"Westbound North Point at Orion","routes":"330"}},{"type":"Feature","geometry":{"type":"Point","coordinates":[-97.0704547141,49.9010551412]},"properties":{"stop_id":"40208","stop_code":"40208","stop_name":"Northbound Panet at Talbot","routes":"38, D10, D17"}},{"type":"Feature","geometry":{"type":"Point","coordinates":[-97.2017444208,49.9491330001]},"properties":{"stop_id":"30770","stop_code":"30770","stop_name":"Westbound Garton at Rose Hill","routes":"332"}},{"type":"Feature","geometry":{"type":"Point","coordinates":[-97.2053489673,49.9485412791]},"properties":{"stop_id":"30771","stop_code":"30771","stop_name":"Westbound Garton at Belton","routes":"332"}},{"type":"Feature","geometry":{"type":"Point","coordinates":[-97.1662892839,49.9551613286]},"properties":{"stop_id":"30996","stop_code":"30996","stop_name":"Westbound Adsum at Blechner","routes":"D10"}},{"type":"Feature","geometry":{"type":"Point","coordinates":[-97.1843506385,49.9549781529]},"properties":{"stop_id":"30997","stop_code":"30997","stop_name":"Westbound Adsum at Mandalay","routes":"39, 332, D10"}},{"type":"Feature","geometry":{"type":"Point","coordinates":[-97.1845144039,49.8935092918]},"properties":{"stop_id":"11137","stop_code":"11137","stop_name":"Southbound Erin at Ellice","routes":"884"}},{"type":"Feature","geometry":{"type":"Point","coordinates":[-97.1842256867,49.8971207467]},"properties":{"stop_id":"11136","stop_code":"11136","stop_name":"Southbound Erin at Sargent","routes":"884"}},{"type":"Feature","geometry":{"type":"Point","coordinates":[-97.183957588,49.900552623]},"properties":{"stop_id":"11135","stop_code":"11135","stop_name":"Southbound Erin at Wellington","routes":"884"}},{"type":"Feature","geometry":{"type":"Point","coordinates":[-97.1836742508,49.9043890316]},"properties":{"stop_id":"11134","stop_code":"11134","stop_name":"Southbound Erin at Richard","routes":"884"}},{"type":"Feature","geometry":{"type":"Point","coordinates":[-97.1016199451,49.8819342228]},"properties":{"stop_id":"50260","stop_code":"50260","stop_name":"Eastbound Marion at Dufresne","routes":"D14, D15"}},{"type":"Feature","geometry":{"type":"Point","coordinates":[-97.1025867161,49.8821299763]},"properties":{"stop_id":"50261","stop_code":"50261","stop_name":"Westbound Marion at Dufresne","routes":"D14, D15"}},{"type":"Feature","geometry":{"type":"Point","coordinates":[-97.127697744,49.8810996727]},"properties":{"stop_id":"50262","stop_code":"50262","stop_name":"Northbound St Mary's at Marion","routes":"FX2"}},{"type":"Feature","geometry":{"type":"Point","coordinates":[-97.181735334,49.8974324664]},"properties":{"stop_id":"11130","stop_code":"11130","stop_name":"Northbound Wall at Sargent","routes":"884"}},{"type":"Feature","geometry":{"type":"Point","coordinates":[-97.146364872,49.9323297857]},"properties":{"stop_id":"30284","stop_code":"30284","stop_name":"Northbound Arlington at Atlantic","routes":"28"}},{"type":"Feature","geometry":{"type":"Point","coordinates":[-97.1475678617,49.9307569288]},"properties":{"stop_id":"30286","stop_code":"30286","stop_name":"Northbound Arlington at Cathedral","routes":"28"}},{"type":"Feature","geometry":{"type":"Point","coordinates":[-97.1489868895,49.9289986188]},"properties":{"stop_id":"30287","stop_code":"30287","stop_name":"Northbound Arlington at Church","routes":"28"}},{"type":"Feature","geometry":{"type":"Point","coordinates":[-97.1493155988,49.9258736245]},"properties":{"stop_id":"30281","stop_code":"30281","stop_name":"Eastbound Mountain at Parr","routes":"38"}},{"type":"Feature","geometry":{"type":"Point","coordinates":[-97.1468785122,49.8571396834]},"properties":{"stop_id":"11139","stop_code":"11139","stop_name":"Eastbound Rathgar at Lilac","routes":"895"}},{"type":"Feature","geometry":{"type":"Point","coordinates":[-97.184806193,49.8901857222]},"properties":{"stop_id":"11138","stop_code":"11138","stop_name":"Southbound Erin at St. Matthews","routes":"884"}},{"type":"Feature","geometry":{"type":"Point","coordinates":[-97.1125182214,49.8123373771]},"properties":{"stop_id":"50591","stop_code":"50591","stop_name":"Southbound St Mary's at Britannica","routes":"676"}},{"type":"Feature","geometry":{"type":"Point","coordinates":[-97.1328912309,49.9535572937]},"properties":{"stop_id":"30352","stop_code":"30352","stop_name":"Southbound Sinclair at Templeton","routes":"28"}},{"type":"Feature","geometry":{"type":"Point","coordinates":[-97.1466108906,49.9542454151]},"properties":{"stop_id":"30353","stop_code":"30353","stop_name":"Northbound McPhillips at Leila North","routes":"28, 330, 336"}},{"type":"Feature","geometry":{"type":"Point","coordinates":[-97.1329782774,49.9531089498]},"properties":{"stop_id":"30350","stop_code":"30350","stop_name":"Northbound Sinclair at Templeton","routes":"28"}},{"type":"Feature","geometry":{"type":"Point","coordinates":[-96.9787115009,49.8939842939]},"properties":{"stop_id":"40846","stop_code":"40846","stop_name":"Northbound Redonda at Pandora","routes":"444"}},{"type":"Feature","geometry":{"type":"Point","coordinates":[-97.1714275047,49.9567986886]},"properties":{"stop_id":"30604","stop_code":"30604","stop_name":"Eastbound Jefferson at Hiddleston","routes":"37"}},{"type":"Feature","geometry":{"type":"Point","coordinates":[-97.135496133,49.9496414869]},"properties":{"stop_id":"30357","stop_code":"30357","stop_name":"Westbound Leila at Sinclair","routes":"D10, FX2"}},{"type":"Feature","geometry":{"type":"Point","coordinates":[-97.1315444255,49.9483724703]},"properties":{"stop_id":"30355","stop_code":"30355","stop_name":"Westbound Leila at Diplomat","routes":"D10"}},{"type":"Feature","geometry":{"type":"Point","coordinates":[-97.1356971213,49.9498516066]},"properties":{"stop_id":"30358","stop_code":"30358","stop_name":"Southbound Sinclair at Leila","routes":"28"}},{"type":"Feature","geometry":{"type":"Point","coordinates":[-97.0506087427,49.9224996939]},"properties":{"stop_id":"40849","stop_code":"40849","stop_name":"Westbound Grassie at Lagimodiere","routes":"446"}},{"type":"Feature","geometry":{"type":"Point","coordinates":[-97.0494853374,49.9223728304]},"properties":{"stop_id":"40848","stop_code":"40848","stop_name":"Eastbound Grassie at Lagimodiere","routes":"446"}},{"type":"Feature","geometry":{"type":"Point","coordinates":[-97.0951154978,49.9050076337]},"properties":{"stop_id":"40339","stop_code":"40339","stop_name":"Eastbound Talbot at Grey","routes":"D17"}},{"type":"Feature","geometry":{"type":"Point","coordinates":[-97.094858948,49.9051563276]},"properties":{"stop_id":"40338","stop_code":"40338","stop_name":"Southbound Grey at Talbot","routes":"330"}},{"type":"Feature","geometry":{"type":"Point","coordinates":[-97.1248248876,49.9275664197]},"properties":{"stop_id":"31009","stop_code":"31009","stop_name":"Eastbound Inkster at Main","routes":"39"}},{"type":"Feature","geometry":{"type":"Point","coordinates":[-97.0469443657,49.8521411168]},"properties":{"stop_id":"50868","stop_code":"50868","stop_name":"Northbound Royal Mint at Blue Mountain South","routes":"558"}},{"type":"Feature","geometry":{"type":"Point","coordinates":[-97.0444760649,49.8536645881]},"properties":{"stop_id":"50869","stop_code":"50869","stop_name":"Northbound Royal Mint at Blue Mountain","routes":"558"}},{"type":"Feature","geometry":{"type":"Point","coordinates":[-97.2033606979,49.9570196137]},"properties":{"stop_id":"31004","stop_code":"31004","stop_name":"Eastbound Old Commonwealth at Wildbrook","routes":"334, 336"}},{"type":"Feature","geometry":{"type":"Point","coordinates":[-97.1654991856,49.955040877]},"properties":{"stop_id":"31007","stop_code":"31007","stop_name":"Eastbound Adsum at Blechner","routes":"D10"}},{"type":"Feature","geometry":{"type":"Point","coordinates":[-97.1879834493,49.9547652002]},"properties":{"stop_id":"31006","stop_code":"31006","stop_name":"Eastbound Adsum at Scarfe","routes":"39, 332, D10"}},{"type":"Feature","geometry":{"type":"Point","coordinates":[-97.0939207416,49.8172496858]},"properties":{"stop_id":"50862","stop_code":"50862","stop_name":"Westbound Southglen at Amersham","routes":"558"}},{"type":"Feature","geometry":{"type":"Point","coordinates":[-97.1949995124,49.9584007523]},"properties":{"stop_id":"31000","stop_code":"31000","stop_name":"Northbound Dr. Jose Rizal at Highwater","routes":"37, 334, 336"}},{"type":"Feature","geometry":{"type":"Point","coordinates":[-97.0838514012,49.8433942016]},"properties":{"stop_id":"50860","stop_code":"50860","stop_name":"Eastbound Beaverhill at Willowlake","routes":"558"}},{"type":"Feature","geometry":{"type":"Point","coordinates":[-97.1983683526,49.9607828782]},"properties":{"stop_id":"31002","stop_code":"31002","stop_name":"Westbound Jefferson at Luzon East","routes":"334"}},{"type":"Feature","geometry":{"type":"Point","coordinates":[-97.1051555609,49.9050464773]},"properties":{"stop_id":"40449","stop_code":"40449","stop_name":"Southbound Watt at Nairn","routes":"551, FX4"}},{"type":"Feature","geometry":{"type":"Point","coordinates":[-97.1240213099,49.8893965468]},"properties":{"stop_id":"50193","stop_code":"50193","stop_name":"Northbound Tache at De La Cathedrale","routes":"D16"}},{"type":"Feature","geometry":{"type":"Point","coordinates":[-97.0989808713,49.8193838343]},"properties":{"stop_id":"50190","stop_code":"50190","stop_name":"Northbound Dakota at Dakota Community Club","routes":"F6"}},{"type":"Feature","geometry":{"type":"Point","coordinates":[-97.0993968231,49.8190578468]},"properties":{"stop_id":"50191","stop_code":"50191","stop_name":"Southbound Dakota at Dakota Community Club","routes":"F6"}},{"type":"Feature","geometry":{"type":"Point","coordinates":[-97.1241837742,49.8891563135]},"properties":{"stop_id":"50195","stop_code":"50195","stop_name":"Southbound Tache at De La Cathedrale","routes":"D16"}},{"type":"Feature","geometry":{"type":"Point","coordinates":[-97.1207759289,49.9141611874]},"properties":{"stop_id":"40441","stop_code":"40441","stop_name":"Eastbound Hespeler at Beatrice","routes":"38"}},{"type":"Feature","geometry":{"type":"Point","coordinates":[-97.1242418519,49.9153057894]},"properties":{"stop_id":"40440","stop_code":"40440","stop_name":"Eastbound Hespeler at Glenwood","routes":"38"}},{"type":"Feature","geometry":{"type":"Point","coordinates":[-97.116987183,49.9116529827]},"properties":{"stop_id":"40443","stop_code":"40443","stop_name":"Southbound Henderson at Dearborn","routes":"F8"}},{"type":"Feature","geometry":{"type":"Point","coordinates":[-97.1236536328,49.8852348767]},"properties":{"stop_id":"50199","stop_code":"50199","stop_name":"Northbound Tache at Dollard (St. Boniface Hospital)","routes":"888, D16"}},{"type":"Feature","geometry":{"type":"Point","coordinates":[-97.1114337977,49.9061924931]},"properties":{"stop_id":"40445","stop_code":"40445","stop_name":"Eastbound Nairn at Stadacona","routes":"330, 886, 887, FX3"}},{"type":"Feature","geometry":{"type":"Point","coordinates":[-97.1055540799,49.9048281237]},"properties":{"stop_id":"40447","stop_code":"40447","stop_name":"Eastbound Nairn at Watt","routes":"886, 887, FX3"}},{"type":"Feature","geometry":{"type":"Point","coordinates":[-97.1079885831,49.9052547244]},"properties":{"stop_id":"40446","stop_code":"40446","stop_name":"Eastbound Nairn at Desalaberry","routes":"886, 887"}},{"type":"Feature","geometry":{"type":"Point","coordinates":[-97.125207296,49.8530307175]},"properties":{"stop_id":"50466","stop_code":"50466","stop_name":"Southbound Dunkirk at Kingston Row","routes":"557, F6"}},{"type":"Feature","geometry":{"type":"Point","coordinates":[-97.1428638868,49.8954302024]},"properties":{"stop_id":"11005","stop_code":"11005","stop_name":"Westbound Ellice at Smith","routes":"D12, D13"}},{"type":"Feature","geometry":{"type":"Point","coordinates":[-97.1253463106,49.8537525767]},"properties":{"stop_id":"50465","stop_code":"50465","stop_name":"Northbound Dunkirk at Kingston Row","routes":"557, F6"}},{"type":"Feature","geometry":{"type":"Point","coordinates":[-97.1169524089,49.8459974523]},"properties":{"stop_id":"50469","stop_code":"50469","stop_name":"Northbound Dunkirk at West Fernwood","routes":"F6"}},{"type":"Feature","geometry":{"type":"Point","coordinates":[-97.0807537673,49.9120923884]},"properties":{"stop_id":"40312","stop_code":"40312","stop_name":"Westbound Munroe at London","routes":"38"}},{"type":"Feature","geometry":{"type":"Point","coordinates":[-97.1144985303,49.9411700446]},"properties":{"stop_id":"31086","stop_code":"31086","stop_name":"Southbound Main at Partridge","routes":"31, FX2"}},{"type":"Feature","geometry":{"type":"Point","coordinates":[-97.1735668349,49.9466861853]},"properties":{"stop_id":"31083","stop_code":"31083","stop_name":"Northbound Sheppard at Mapleglen","routes":"38, 39"}},{"type":"Feature","geometry":{"type":"Point","coordinates":[-97.2264218839,49.8506681289]},"properties":{"stop_id":"61028","stop_code":"61028","stop_name":"Westbound West Taylor at Holland","routes":"664"}},{"type":"Feature","geometry":{"type":"Point","coordinates":[-97.2301691045,49.8512921699]},"properties":{"stop_id":"61029","stop_code":"61029","stop_name":"Westbound West Taylor at Shaftesbury","routes":"664"}},{"type":"Feature","geometry":{"type":"Point","coordinates":[-97.2186632926,49.8501801923]},"properties":{"stop_id":"61026","stop_code":"61026","stop_name":"Westbound Taylor at Coleraine","routes":"664"}},{"type":"Feature","geometry":{"type":"Point","coordinates":[-97.2214307527,49.8502047593]},"properties":{"stop_id":"61027","stop_code":"61027","stop_name":"Westbound Taylor at Park South","routes":"664"}},{"type":"Feature","geometry":{"type":"Point","coordinates":[-97.1597924941,49.7940562031]},"properties":{"stop_id":"61024","stop_code":"61024","stop_name":"Northbound Bairdmore at Firbridge","routes":"671"}},{"type":"Feature","geometry":{"type":"Point","coordinates":[-97.1649194472,49.7918618642]},"properties":{"stop_id":"61022","stop_code":"61022","stop_name":"Northbound Bairdmore at Calderwood East","routes":"671"}},{"type":"Feature","geometry":{"type":"Point","coordinates":[-97.1628787101,49.7925490893]},"properties":{"stop_id":"61023","stop_code":"61023","stop_name":"Northbound Bairdmore at Marrington","routes":"671"}},{"type":"Feature","geometry":{"type":"Point","coordinates":[-97.1701563697,49.7878430239]},"properties":{"stop_id":"61020","stop_code":"61020","stop_name":"Northbound Bairdmore at Sandusky","routes":"662"}},{"type":"Feature","geometry":{"type":"Point","coordinates":[-97.1679602952,49.790812648]},"properties":{"stop_id":"61021","stop_code":"61021","stop_name":"Northbound Bairdmore at Calderwood West","routes":"662, 671"}},{"type":"Feature","geometry":{"type":"Point","coordinates":[-97.0253895607,49.9133290349]},"properties":{"stop_id":"40642","stop_code":"40642","stop_name":"Southbound Plessis at North Meadow","routes":"440, 444"}},{"type":"Feature","geometry":{"type":"Point","coordinates":[-97.0894437209,49.8871129337]},"properties":{"stop_id":"50999","stop_code":"50999","stop_name":"Southbound Dawson at Van Bellegham","routes":"886, 887"}},{"type":"Feature","geometry":{"type":"Point","coordinates":[-96.968126243,49.8917300362]},"properties":{"stop_id":"47008","stop_code":"47008","stop_name":"Northbound Ravenhurst at Merkel Manza","routes":"D14"}},{"type":"Feature","geometry":{"type":"Point","coordinates":[-97.0784514497,49.9230551334]},"properties":{"stop_id":"47004","stop_code":"47004","stop_name":"Northbound Gateway at Antrim","routes":"FX4"}},{"type":"Feature","geometry":{"type":"Point","coordinates":[-97.070755932,49.9291067394]},"properties":{"stop_id":"47005","stop_code":"47005","stop_name":"Northbound Gateway at McLeod","routes":"FX4"}},{"type":"Feature","geometry":{"type":"Point","coordinates":[-97.0454890467,49.8351066679]},"properties":{"stop_id":"50990","stop_code":"50990","stop_name":"Northbound Burning Glass at Dr. David Friesen","routes":"556, 557"}},{"type":"Feature","geometry":{"type":"Point","coordinates":[-97.0751351724,49.8127918926]},"properties":{"stop_id":"50996","stop_code":"50996","stop_name":"Northbound St Anne's at Aldgate","routes":"F7"}},{"type":"Feature","geometry":{"type":"Point","coordinates":[-97.0711072877,49.9290316386]},"properties":{"stop_id":"47001","stop_code":"47001","stop_name":"Southbound Gateway at McLeod","routes":"43, FX4"}},{"type":"Feature","geometry":{"type":"Point","coordinates":[-97.0786731511,49.923085798]},"properties":{"stop_id":"47002","stop_code":"47002","stop_name":"Southbound Gateway at Antrim","routes":"FX4"}},{"type":"Feature","geometry":{"type":"Point","coordinates":[-97.0891798775,49.9145884772]},"properties":{"stop_id":"47003","stop_code":"47003","stop_name":"Northbound Gateway at Munroe","routes":"FX4"}},{"type":"Feature","geometry":{"type":"Point","coordinates":[-97.160740721,49.9643021224]},"properties":{"stop_id":"30976","stop_code":"30976","stop_name":"Westbound Templeton at Pipeline","routes":"336"}},{"type":"Feature","geometry":{"type":"Point","coordinates":[-97.1603189896,49.9640255772]},"properties":{"stop_id":"30977","stop_code":"30977","stop_name":"Eastbound Templeton at Pipeline","routes":"336"}},{"type":"Feature","geometry":{"type":"Point","coordinates":[-97.1505804458,49.9608931596]},"properties":{"stop_id":"30974","stop_code":"30974","stop_name":"Eastbound Templeton at Degrave","routes":"336"}},{"type":"Feature","geometry":{"type":"Point","coordinates":[-97.1438319169,49.9587163626]},"properties":{"stop_id":"30975","stop_code":"30975","stop_name":"Eastbound Templeton at McPhillips","routes":"336"}},{"type":"Feature","geometry":{"type":"Point","coordinates":[-97.1573108503,49.9631951989]},"properties":{"stop_id":"30972","stop_code":"30972","stop_name":"Westbound Templeton at Cartesian","routes":"336"}},{"type":"Feature","geometry":{"type":"Point","coordinates":[-97.1563382552,49.9627389698]},"properties":{"stop_id":"30973","stop_code":"30973","stop_name":"Eastbound Templeton at Cartesian","routes":"336"}},{"type":"Feature","geometry":{"type":"Point","coordinates":[-97.1439504104,49.9588981602]},"properties":{"stop_id":"30970","stop_code":"30970","stop_name":"Westbound Templeton at McPhillips","routes":"336"}},{"type":"Feature","geometry":{"type":"Point","coordinates":[-97.1515118322,49.9613307902]},"properties":{"stop_id":"30971","stop_code":"30971","stop_name":"Westbound Templeton at Daylan Marshall","routes":"336"}},{"type":"Feature","geometry":{"type":"Point","coordinates":[-97.1139239915,49.8069272238]},"properties":{"stop_id":"50686","stop_code":"50686","stop_name":"Northbound St Mary's at Warde North","routes":"676"}},{"type":"Feature","geometry":{"type":"Point","coordinates":[-97.1150555618,49.8264561478]},"properties":{"stop_id":"50687","stop_code":"50687","stop_name":"Westbound Riel at St. Mary's","routes":"556"}},{"type":"Feature","geometry":{"type":"Point","coordinates":[-97.1150755939,49.8016118565]},"properties":{"stop_id":"50684","stop_code":"50684","stop_name":"Westbound Burland at St. Mary's","routes":"676"}},{"type":"Feature","geometry":{"type":"Point","coordinates":[-97.2112423036,49.9162597792]},"properties":{"stop_id":"27002","stop_code":"27002","stop_name":"Southbound Sherwin at Notre Dame","routes":"74"}},{"type":"Feature","geometry":{"type":"Point","coordinates":[-97.0972143936,49.8314532799]},"properties":{"stop_id":"50683","stop_code":"50683","stop_name":"Northbound Ashworth at Meadowood","routes":"552"}},{"type":"Feature","geometry":{"type":"Point","coordinates":[-97.2112445948,49.9139391222]},"properties":{"stop_id":"27001","stop_code":"27001","stop_name":"Northbound Sherwin at Stevenson","routes":"74, 224"}},{"type":"Feature","geometry":{"type":"Point","coordinates":[-97.1613190979,49.9172677806]},"properties":{"stop_id":"30323","stop_code":"30323","stop_name":"Southbound Sinclair at Dufferin","routes":"28"}},{"type":"Feature","geometry":{"type":"Point","coordinates":[-97.0723594668,49.8686325771]},"properties":{"stop_id":"50048","stop_code":"50048","stop_name":"Southbound Speers at Bernier","routes":"F9"}},{"type":"Feature","geometry":{"type":"Point","coordinates":[-97.0722029544,49.8683691117]},"properties":{"stop_id":"50049","stop_code":"50049","stop_name":"Northbound Speers at Bernier","routes":"F9"}},{"type":"Feature","geometry":{"type":"Point","coordinates":[-97.1838657505,49.9515614828]},"properties":{"stop_id":"30630","stop_code":"30630","stop_name":"Southbound Mandalay at Margate","routes":"39"}},{"type":"Feature","geometry":{"type":"Point","coordinates":[-97.0813097063,49.8710480735]},"properties":{"stop_id":"50044","stop_code":"50044","stop_name":"Westbound Elizabeth at De Bourmont","routes":"551, D15"}},{"type":"Feature","geometry":{"type":"Point","coordinates":[-97.0931450336,49.8383935078]},"properties":{"stop_id":"50517","stop_code":"50517","stop_name":"Southbound St Anne's at Abinojii Mikanah","routes":"F7"}},{"type":"Feature","geometry":{"type":"Point","coordinates":[-97.0723688307,49.8704947219]},"properties":{"stop_id":"50046","stop_code":"50046","stop_name":"Southbound Speers at Elizabeth","routes":"F9"}},{"type":"Feature","geometry":{"type":"Point","coordinates":[-97.072238902,49.8713111131]},"properties":{"stop_id":"50047","stop_code":"50047","stop_name":"Northbound Speers at Elizabeth","routes":"551, F9"}},{"type":"Feature","geometry":{"type":"Point","coordinates":[-97.0873691166,49.8709144966]},"properties":{"stop_id":"50040","stop_code":"50040","stop_name":"Eastbound Elizabeth at Drake","routes":"551, D15"}},{"type":"Feature","geometry":{"type":"Point","coordinates":[-97.1825153195,49.9492915716]},"properties":{"stop_id":"30633","stop_code":"30633","stop_name":"Northbound Mandalay at Mapleton","routes":"39"}},{"type":"Feature","geometry":{"type":"Point","coordinates":[-97.0835503866,49.8710492181]},"properties":{"stop_id":"50042","stop_code":"50042","stop_name":"Westbound Elizabeth at Hansford","routes":"551, D15"}},{"type":"Feature","geometry":{"type":"Point","coordinates":[-97.0835414599,49.8709231388]},"properties":{"stop_id":"50043","stop_code":"50043","stop_name":"Eastbound Elizabeth at Hansford","routes":"551, D15"}},{"type":"Feature","geometry":{"type":"Point","coordinates":[-97.2248892393,49.9361146575]},"properties":{"stop_id":"30965","stop_code":"30965","stop_name":"Southbound Eagle at Oak Point","routes":"881"}},{"type":"Feature","geometry":{"type":"Point","coordinates":[-97.1769433306,49.7758157133]},"properties":{"stop_id":"61248","stop_code":"61248","stop_name":"Westbound Tim Sale at Waterstone","routes":"672"}},{"type":"Feature","geometry":{"type":"Point","coordinates":[-97.1826994774,49.9492135074]},"properties":{"stop_id":"30632","stop_code":"30632","stop_name":"Southbound Mandalay at Mapleton","routes":"39"}},{"type":"Feature","geometry":{"type":"Point","coordinates":[-97.1635793319,49.8672914299]},"properties":{"stop_id":"60319","stop_code":"60319","stop_name":"Eastbound Corydon at Harrow","routes":"D19"}},{"type":"Feature","geometry":{"type":"Point","coordinates":[-97.0616062991,49.8229644553]},"properties":{"stop_id":"51055","stop_code":"51055","stop_name":"Southbound Evelyne Reese at Warde","routes":"557"}},{"type":"Feature","geometry":{"type":"Point","coordinates":[-97.1767954734,49.9483021748]},"properties":{"stop_id":"30635","stop_code":"30635","stop_name":"Westbound Mapleton at Madrigal","routes":"39"}},{"type":"Feature","geometry":{"type":"Point","coordinates":[-97.1677583148,49.8660803605]},"properties":{"stop_id":"60315","stop_code":"60315","stop_name":"Westbound Corydon at Wilton","routes":"D19"}},{"type":"Feature","geometry":{"type":"Point","coordinates":[-97.1694143999,49.8653419853]},"properties":{"stop_id":"60314","stop_code":"60314","stop_name":"Eastbound Corydon at Rockwood","routes":"D19"}},{"type":"Feature","geometry":{"type":"Point","coordinates":[-97.1804302018,49.7765452444]},"properties":{"stop_id":"61246","stop_code":"61246","stop_name":"Northbound Tim Sale at Trailside","routes":"672"}},{"type":"Feature","geometry":{"type":"Point","coordinates":[-97.1764757331,49.7756914068]},"properties":{"stop_id":"61247","stop_code":"61247","stop_name":"Eastbound Tim Sale at Stan Bailie (South)","routes":"672"}},{"type":"Feature","geometry":{"type":"Point","coordinates":[-97.181722093,49.7787693676]},"properties":{"stop_id":"61244","stop_code":"61244","stop_name":"Northbound Tim Sale at Kirkbridge","routes":"672"}},{"type":"Feature","geometry":{"type":"Point","coordinates":[-97.1789338219,49.9488935036]},"properties":{"stop_id":"30634","stop_code":"30634","stop_name":"Westbound Mapleton at Neville","routes":"39"}},{"type":"Feature","geometry":{"type":"Point","coordinates":[-97.2284166459,49.934171805]},"properties":{"stop_id":"30966","stop_code":"30966","stop_name":"Southbound Eagle at Brookside","routes":"881"}},{"type":"Feature","geometry":{"type":"Point","coordinates":[-97.049626668,49.9378556963]},"properties":{"stop_id":"40362","stop_code":"40362","stop_name":"Eastbound Sun Valley at Sunny Hills","routes":"442"}},{"type":"Feature","geometry":{"type":"Point","coordinates":[-97.2790299786,49.8880086603]},"properties":{"stop_id":"20160","stop_code":"20160","stop_name":"Westbound Ness at Sturgeon","routes":"D15"}},{"type":"Feature","geometry":{"type":"Point","coordinates":[-97.125130709,49.9053177337]},"properties":{"stop_id":"30961","stop_code":"30961","stop_name":"Eastbound Sutherland at Disraeli","routes":"31, D17"}},{"type":"Feature","geometry":{"type":"Point","coordinates":[-97.0500073352,49.9384377911]},"properties":{"stop_id":"40363","stop_code":"40363","stop_name":"Westbound Sun Valley at Sunny Hills","routes":"442"}},{"type":"Feature","geometry":{"type":"Point","coordinates":[-97.1988879169,49.8091984895]},"properties":{"stop_id":"60860","stop_code":"60860","stop_name":"Westbound Columbia at Prospect","routes":"649, 650"}},{"type":"Feature","geometry":{"type":"Point","coordinates":[-97.2057650953,49.819055992]},"properties":{"stop_id":"60865","stop_code":"60865","stop_name":"Northbound Columbia at McGillivray","routes":"74, 650"}},{"type":"Feature","geometry":{"type":"Point","coordinates":[-97.2286839098,49.934103934]},"properties":{"stop_id":"30963","stop_code":"30963","stop_name":"Northbound Eagle at Brookside","routes":"881"}},{"type":"Feature","geometry":{"type":"Point","coordinates":[-97.188224642,49.8297297148]},"properties":{"stop_id":"60867","stop_code":"60867","stop_name":"Northbound Lindenwood at Waterbury South","routes":"642"}},{"type":"Feature","geometry":{"type":"Point","coordinates":[-97.1841738473,49.832814502]},"properties":{"stop_id":"60869","stop_code":"60869","stop_name":"Northbound Lindenwood at Waterbury North","routes":"642"}},{"type":"Feature","geometry":{"type":"Point","coordinates":[-97.1846954344,49.8311406065]},"properties":{"stop_id":"60868","stop_code":"60868","stop_name":"Northbound Lindenwood at Foxmeadow","routes":"642"}},{"type":"Feature","geometry":{"type":"Point","coordinates":[-97.1238246419,49.9504514176]},"properties":{"stop_id":"30962","stop_code":"30962","stop_name":"Westbound Templeton at Ferrier","routes":"F6"}},{"type":"Feature","geometry":{"type":"Point","coordinates":[-97.2090898808,49.9051717284]},"properties":{"stop_id":"21005","stop_code":"21005","stop_name":"Southbound Berry at Saskatchewan","routes":"224"}},{"type":"Feature","geometry":{"type":"Point","coordinates":[-97.1154546226,49.9391707339]},"properties":{"stop_id":"30033","stop_code":"30033","stop_name":"Northbound Main at Burrin","routes":"31"}},{"type":"Feature","geometry":{"type":"Point","coordinates":[-97.3139101188,49.8826661464]},"properties":{"stop_id":"20600","stop_code":"20600","stop_name":"Northbound Unicity West Access at Unicity (Shoppers Drugs)","routes":"22, 70, 220, 223, 885, BLUE, D15"}},{"type":"Feature","geometry":{"type":"Point","coordinates":[-97.1345609885,49.8185776845]},"properties":{"stop_id":"50691","stop_code":"50691","stop_name":"Southbound River at Harry Collins","routes":"556"}},{"type":"Feature","geometry":{"type":"Point","coordinates":[-97.1269674661,49.8481658871]},"properties":{"stop_id":"60268","stop_code":"60268","stop_name":"Northbound North at Wildwood C","routes":"694"}},{"type":"Feature","geometry":{"type":"Point","coordinates":[-97.0726246733,49.8416875697]},"properties":{"stop_id":"50633","stop_code":"50633","stop_name":"Southbound Lakewood at Abinojii Mikanah North","routes":"556, 557, 558, D15, F9"}},{"type":"Feature","geometry":{"type":"Point","coordinates":[-97.1494673169,49.8476463282]},"properties":{"stop_id":"60262","stop_code":"60262","stop_name":"Eastbound Point at Somerset","routes":"694"}},{"type":"Feature","geometry":{"type":"Point","coordinates":[-97.1494208036,49.8477715156]},"properties":{"stop_id":"60261","stop_code":"60261","stop_name":"Westbound Point at Somerset","routes":"694"}},{"type":"Feature","geometry":{"type":"Point","coordinates":[-97.1522153114,49.85073057]},"properties":{"stop_id":"60260","stop_code":"60260","stop_name":"Northbound Pembina at Merriam","routes":"557, 649, D11, F8"}},{"type":"Feature","geometry":{"type":"Point","coordinates":[-97.1418120397,49.846309332]},"properties":{"stop_id":"60267","stop_code":"60267","stop_name":"Eastbound Point at Riverwood","routes":"694"}},{"type":"Feature","geometry":{"type":"Point","coordinates":[-97.1450128287,49.846999331]},"properties":{"stop_id":"60266","stop_code":"60266","stop_name":"Westbound Point at Waterford","routes":"694"}},{"type":"Feature","geometry":{"type":"Point","coordinates":[-97.1447274258,49.8468238495]},"properties":{"stop_id":"60265","stop_code":"60265","stop_name":"Eastbound Point at Waterford","routes":"694"}},{"type":"Feature","geometry":{"type":"Point","coordinates":[-97.2516048712,49.9033748787]},"properties":{"stop_id":"20607","stop_code":"20607","stop_name":"Westbound Saskatchewan at Wihuri","routes":"883"}},{"type":"Feature","geometry":{"type":"Point","coordinates":[-97.1311365322,49.9041555394]},"properties":{"stop_id":"10353","stop_code":"10353","stop_name":"Westbound Higgins at Maple","routes":"43"}},{"type":"Feature","geometry":{"type":"Point","coordinates":[-97.1521105834,49.8939500728]},"properties":{"stop_id":"10835","stop_code":"10835","stop_name":"Northbound Balmoral at Ellice North","routes":"F6"}},{"type":"Feature","geometry":{"type":"Point","coordinates":[-97.1456218951,49.9008534307]},"properties":{"stop_id":"10725","stop_code":"10725","stop_name":"Eastbound William at Ellen","routes":"D16, D18"}},{"type":"Feature","geometry":{"type":"Point","coordinates":[-97.1522965679,49.8978298901]},"properties":{"stop_id":"10832","stop_code":"10832","stop_name":"Southbound Balmoral at Cumberland","routes":"F6"}},{"type":"Feature","geometry":{"type":"Point","coordinates":[-97.1520371381,49.8980596193]},"properties":{"stop_id":"10839","stop_code":"10839","stop_name":"Northbound Balmoral at Cumberland","routes":"F6"}},{"type":"Feature","geometry":{"type":"Point","coordinates":[-97.2995375422,49.8828517407]},"properties":{"stop_id":"20237","stop_code":"20237","stop_name":"Westbound Portage at Rouge","routes":"22, BLUE"}},{"type":"Feature","geometry":{"type":"Point","coordinates":[-97.1438561288,49.7925602963]},"properties":{"stop_id":"60047","stop_code":"60047","stop_name":"Northbound Dalhousie at St. Dunstan's","routes":"662"}},{"type":"Feature","geometry":{"type":"Point","coordinates":[-97.1437159574,49.7918654199]},"properties":{"stop_id":"60046","stop_code":"60046","stop_name":"Southbound Dalhousie at Radcliffe","routes":"662"}},{"type":"Feature","geometry":{"type":"Point","coordinates":[-97.1447181291,49.7900015066]},"properties":{"stop_id":"60044","stop_code":"60044","stop_name":"Southbound Dalhousie at Selwyn","routes":"662"}},{"type":"Feature","geometry":{"type":"Point","coordinates":[-97.1451460779,49.78898292]},"properties":{"stop_id":"60043","stop_code":"60043","stop_name":"Northbound Dalhousie at St. Edmund's","routes":"662"}},{"type":"Feature","geometry":{"type":"Point","coordinates":[-97.1460623901,49.7879091926]},"properties":{"stop_id":"60042","stop_code":"60042","stop_name":"Southbound Dalhousie at Greyfriars","routes":"662"}},{"type":"Feature","geometry":{"type":"Point","coordinates":[-97.1463137216,49.7871486309]},"properties":{"stop_id":"60041","stop_code":"60041","stop_name":"Northbound Dalhousie at Rochester","routes":"662"}},{"type":"Feature","geometry":{"type":"Point","coordinates":[-97.1473173957,49.7859683513]},"properties":{"stop_id":"60040","stop_code":"60040","stop_name":"Southbound Dalhousie at Nuffield","routes":"662"}},{"type":"Feature","geometry":{"type":"Point","coordinates":[-97.1415499933,49.8995468243]},"properties":{"stop_id":"10721","stop_code":"10721","stop_name":"Eastbound William at Princess (RRC Polytech)","routes":"D16, D18"}},{"type":"Feature","geometry":{"type":"Point","coordinates":[-97.2817468112,49.8985370679]},"properties":{"stop_id":"20311","stop_code":"20311","stop_name":"Westbound Quail Ridge at Quail East","routes":"220"}},{"type":"Feature","geometry":{"type":"Point","coordinates":[-97.1637553371,49.9305110432]},"properties":{"stop_id":"30474","stop_code":"30474","stop_name":"Eastbound Mountain at Radford","routes":"38"}},{"type":"Feature","geometry":{"type":"Point","coordinates":[-97.2067339731,49.857893616]},"properties":{"stop_id":"61041","stop_code":"61041","stop_name":"Southbound Kenaston at Grant","routes":"74"}},{"type":"Feature","geometry":{"type":"Point","coordinates":[-97.2971351787,49.8886181471]},"properties":{"stop_id":"20167","stop_code":"20167","stop_name":"Westbound Ness at Muriel","routes":"D15"}},{"type":"Feature","geometry":{"type":"Point","coordinates":[-97.2883541531,49.8948030979]},"properties":{"stop_id":"20314","stop_code":"20314","stop_name":"Westbound Hamilton at Valley View","routes":"220"}},{"type":"Feature","geometry":{"type":"Point","coordinates":[-97.1505321459,49.890075]},"properties":{"stop_id":"17018","stop_code":"17018","stop_name":"Southbound Memorial at Portage","routes":"D19, F6"}},{"type":"Feature","geometry":{"type":"Point","coordinates":[-97.1827402669,49.8843965149]},"properties":{"stop_id":"17019","stop_code":"17019","stop_name":"Northbound Wall at Portage","routes":"884, D14"}},{"type":"Feature","geometry":{"type":"Point","coordinates":[-97.1503508505,49.8951812718]},"properties":{"stop_id":"10696","stop_code":"10696","stop_name":"Southbound Kennedy at Qu'Appelle","routes":"D13"}},{"type":"Feature","geometry":{"type":"Point","coordinates":[-97.1619913422,49.7712074717]},"properties":{"stop_id":"60021","stop_code":"60021","stop_name":"Westbound Grandmont at Berard","routes":"91"}},{"type":"Feature","geometry":{"type":"Point","coordinates":[-97.0663449952,49.9070132604]},"properties":{"stop_id":"41070","stop_code":"41070","stop_name":"Southbound Panet at Munroe","routes":"38, D10"}},{"type":"Feature","geometry":{"type":"Point","coordinates":[-97.1444457791,49.7673112971]},"properties":{"stop_id":"60751","stop_code":"60751","stop_name":"Southbound St Pierre at St. Gabriel","routes":"91"}},{"type":"Feature","geometry":{"type":"Point","coordinates":[-97.1702897792,49.9143426047]},"properties":{"stop_id":"10303","stop_code":"10303","stop_name":"Northbound McPhillips at Logan","routes":"28, 833, F5"}},{"type":"Feature","geometry":{"type":"Point","coordinates":[-97.1574722628,49.7717112733]},"properties":{"stop_id":"60022","stop_code":"60022","stop_name":"Westbound Grandmont at Pembina","routes":"91"}},{"type":"Feature","geometry":{"type":"Point","coordinates":[-97.138335988,49.90345299]},"properties":{"stop_id":"10348","stop_code":"10348","stop_name":"Westbound Logan at Princess","routes":"43"}},{"type":"Feature","geometry":{"type":"Point","coordinates":[-97.3144615047,49.8608345338]},"properties":{"stop_id":"60689","stop_code":"60689","stop_name":"Northbound Dale at Brownell","routes":"223, 885"}},{"type":"Feature","geometry":{"type":"Point","coordinates":[-97.14442334,49.9052327839]},"properties":{"stop_id":"10343","stop_code":"10343","stop_name":"Eastbound Logan at Laura","routes":"43"}},{"type":"Feature","geometry":{"type":"Point","coordinates":[-97.147454616,49.9064506785]},"properties":{"stop_id":"10342","stop_code":"10342","stop_name":"Westbound Logan at Isabel","routes":"43"}},{"type":"Feature","geometry":{"type":"Point","coordinates":[-97.1470229836,49.906083971]},"properties":{"stop_id":"10341","stop_code":"10341","stop_name":"Eastbound Logan at Isabel","routes":"43"}},{"type":"Feature","geometry":{"type":"Point","coordinates":[-97.150057819,49.9072119036]},"properties":{"stop_id":"10340","stop_code":"10340","stop_name":"Westbound Logan at Gunnell","routes":"43"}},{"type":"Feature","geometry":{"type":"Point","coordinates":[-97.1398834153,49.9037746986]},"properties":{"stop_id":"10347","stop_code":"10347","stop_name":"Eastbound Logan at Stanley","routes":"43"}},{"type":"Feature","geometry":{"type":"Point","coordinates":[-97.1418990101,49.9045986266]},"properties":{"stop_id":"10346","stop_code":"10346","stop_name":"Westbound Logan at Fountain","routes":"43"}},{"type":"Feature","geometry":{"type":"Point","coordinates":[-97.1421261967,49.9044853376]},"properties":{"stop_id":"10345","stop_code":"10345","stop_name":"Eastbound Logan at Fountain","routes":"43"}},{"type":"Feature","geometry":{"type":"Point","coordinates":[-97.1441136775,49.9053177703]},"properties":{"stop_id":"10344","stop_code":"10344","stop_name":"Westbound Logan at Laura","routes":"43"}},{"type":"Feature","geometry":{"type":"Point","coordinates":[-97.0592573226,49.942703944]},"properties":{"stop_id":"40649","stop_code":"40649","stop_name":"Eastbound Gilmore at Serenity","routes":"442"}},{"type":"Feature","geometry":{"type":"Point","coordinates":[-97.2057216591,49.8694455095]},"properties":{"stop_id":"60442","stop_code":"60442","stop_name":"Eastbound Tuxedo at Kenaston","routes":"70"}},{"type":"Feature","geometry":{"type":"Point","coordinates":[-97.2056720201,49.86928283]},"properties":{"stop_id":"60441","stop_code":"60441","stop_name":"Southbound Kenaston at Tuxedo","routes":"74, 680"}},{"type":"Feature","geometry":{"type":"Point","coordinates":[-97.2053335419,49.869403513]},"properties":{"stop_id":"60440","stop_code":"60440","stop_name":"Northbound Kenaston at Tuxedo","routes":"74, 680"}},{"type":"Feature","geometry":{"type":"Point","coordinates":[-97.2050673216,49.8720798951]},"properties":{"stop_id":"60445","stop_code":"60445","stop_name":"Northbound Kenaston at Willow","routes":"70, 74, 680"}},{"type":"Feature","geometry":{"type":"Point","coordinates":[-97.20546121,49.871591277]},"properties":{"stop_id":"60444","stop_code":"60444","stop_name":"Southbound Kenaston at Willow","routes":"70, 74, 680"}},{"type":"Feature","geometry":{"type":"Point","coordinates":[-97.1524947035,49.8933715278]},"properties":{"stop_id":"17016","stop_code":"17016","stop_name":"Southbound Balmoral at Ellice","routes":"F6"}},{"type":"Feature","geometry":{"type":"Point","coordinates":[-97.2031304802,49.8747663364]},"properties":{"stop_id":"60449","stop_code":"60449","stop_name":"Northbound Kenaston at Academy","routes":"70, 74, 680"}},{"type":"Feature","geometry":{"type":"Point","coordinates":[-97.2659216509,49.8680152237]},"properties":{"stop_id":"60448","stop_code":"60448","stop_name":"Southbound William Clement at Roblin North","routes":"FX3"}},{"type":"Feature","geometry":{"type":"Point","coordinates":[-97.1703333246,49.9087754057]},"properties":{"stop_id":"10749","stop_code":"10749","stop_name":"Eastbound William at McPhillips","routes":"833"}},{"type":"Feature","geometry":{"type":"Point","coordinates":[-97.1659086716,49.9075540412]},"properties":{"stop_id":"10746","stop_code":"10746","stop_name":"Westbound William at Arlington","routes":"833"}},{"type":"Feature","geometry":{"type":"Point","coordinates":[-97.1618078048,49.9062476971]},"properties":{"stop_id":"10744","stop_code":"10744","stop_name":"Westbound William at Tecumseh","routes":"D16, D18"}},{"type":"Feature","geometry":{"type":"Point","coordinates":[-97.1626819805,49.906333533]},"properties":{"stop_id":"10743","stop_code":"10743","stop_name":"Eastbound William at Tecumseh","routes":"224, 833"}},{"type":"Feature","geometry":{"type":"Point","coordinates":[-97.1696234363,49.8741694157]},"properties":{"stop_id":"60328","stop_code":"60328","stop_name":"Westbound Academy at Harrow","routes":"D16"}},{"type":"Feature","geometry":{"type":"Point","coordinates":[-97.1588019537,49.9050845554]},"properties":{"stop_id":"10741","stop_code":"10741","stop_name":"Eastbound William at Health Sciences Centre","routes":"889, D16, D18"}},{"type":"Feature","geometry":{"type":"Point","coordinates":[-97.1597442208,49.905576271]},"properties":{"stop_id":"10740","stop_code":"10740","stop_name":"Westbound William at Health Sciences Centre","routes":"889, D16, D18"}},{"type":"Feature","geometry":{"type":"Point","coordinates":[-97.1605325608,49.8929058535]},"properties":{"stop_id":"10526","stop_code":"10526","stop_name":"Eastbound Ellice at McGee","routes":"D12"}},{"type":"Feature","geometry":{"type":"Point","coordinates":[-97.280332681,49.8999282744]},"properties":{"stop_id":"20452","stop_code":"20452","stop_name":"Eastbound Quail Ridge at Apple East","routes":"220"}},{"type":"Feature","geometry":{"type":"Point","coordinates":[-97.1640727869,49.8931779312]},"properties":{"stop_id":"10523","stop_code":"10523","stop_name":"Westbound Ellice at Toronto","routes":"D12"}},{"type":"Feature","geometry":{"type":"Point","coordinates":[-97.1643154892,49.8930198698]},"properties":{"stop_id":"10522","stop_code":"10522","stop_name":"Eastbound Ellice at Toronto","routes":"D12"}},{"type":"Feature","geometry":{"type":"Point","coordinates":[-97.211968134,49.9173503807]},"properties":{"stop_id":"20456","stop_code":"20456","stop_name":"Westbound RRC Polytech at RRC Polytech (224, 881)","routes":"224, 881"}},{"type":"Feature","geometry":{"type":"Point","coordinates":[-97.2632340418,49.8742714016]},"properties":{"stop_id":"20457","stop_code":"20457","stop_name":"Southbound Moray at Portage","routes":"885, FX3"}},{"type":"Feature","geometry":{"type":"Point","coordinates":[-97.2629040548,49.8741585116]},"properties":{"stop_id":"20458","stop_code":"20458","stop_name":"Northbound Moray at Portage","routes":"885"}},{"type":"Feature","geometry":{"type":"Point","coordinates":[-97.1580709198,49.8928307333]},"properties":{"stop_id":"10529","stop_code":"10529","stop_name":"Eastbound Ellice at Sherbrook","routes":"D12"}},{"type":"Feature","geometry":{"type":"Point","coordinates":[-97.1585514535,49.8930092831]},"properties":{"stop_id":"10528","stop_code":"10528","stop_name":"Westbound Ellice at Sherbrook","routes":"D12"}},{"type":"Feature","geometry":{"type":"Point","coordinates":[-97.2917180465,49.8653854301]},"properties":{"stop_id":"20513","stop_code":"20513","stop_name":"Eastbound Assiniboine at Westwood","routes":"885"}},{"type":"Feature","geometry":{"type":"Point","coordinates":[-97.1334801016,49.92498079]},"properties":{"stop_id":"30158","stop_code":"30158","stop_name":"Southbound Salter at Machray","routes":"D11"}},{"type":"Feature","geometry":{"type":"Point","coordinates":[-97.0723483215,49.8814953954]},"properties":{"stop_id":"50016","stop_code":"50016","stop_name":"Southbound Lagimodiere at Marion","routes":"551, F9"}},{"type":"Feature","geometry":{"type":"Point","coordinates":[-97.2037325702,49.9571423151]},"properties":{"stop_id":"31073","stop_code":"31073","stop_name":"Westbound Old Commonwealth at Wildbrook","routes":"336"}},{"type":"Feature","geometry":{"type":"Point","coordinates":[-97.2953781779,49.8653764139]},"properties":{"stop_id":"20512","stop_code":"20512","stop_name":"Eastbound Assiniboine at Carroll","routes":"885"}},{"type":"Feature","geometry":{"type":"Point","coordinates":[-97.1382169898,49.9188415203]},"properties":{"stop_id":"30168","stop_code":"30168","stop_name":"Southbound Salter at Aberdeen","routes":"D11"}},{"type":"Feature","geometry":{"type":"Point","coordinates":[-97.1361307803,49.9216413761]},"properties":{"stop_id":"30165","stop_code":"30165","stop_name":"Eastbound Mountain at Salter","routes":"38"}},{"type":"Feature","geometry":{"type":"Point","coordinates":[-97.1355484764,49.9219288353]},"properties":{"stop_id":"30164","stop_code":"30164","stop_name":"Northbound Salter at Mountain","routes":"D11"}},{"type":"Feature","geometry":{"type":"Point","coordinates":[-97.1371026783,49.9199209852]},"properties":{"stop_id":"30167","stop_code":"30167","stop_name":"Northbound Salter at Boyd","routes":"D11"}},{"type":"Feature","geometry":{"type":"Point","coordinates":[-97.2409466459,49.8766873697]},"properties":{"stop_id":"20216","stop_code":"20216","stop_name":"Westbound Portage at Conway","routes":"22"}},{"type":"Feature","geometry":{"type":"Point","coordinates":[-97.1344775823,49.9233237986]},"properties":{"stop_id":"30161","stop_code":"30161","stop_name":"Northbound Salter at Anderson","routes":"D11"}},{"type":"Feature","geometry":{"type":"Point","coordinates":[-97.1345799512,49.9235593175]},"properties":{"stop_id":"30160","stop_code":"30160","stop_name":"Southbound Salter at Anderson","routes":"D11"}},{"type":"Feature","geometry":{"type":"Point","coordinates":[-97.1355184975,49.921622523]},"properties":{"stop_id":"30163","stop_code":"30163","stop_name":"Westbound Mountain at Salter","routes":"38"}},{"type":"Feature","geometry":{"type":"Point","coordinates":[-97.1359292648,49.9218090367]},"properties":{"stop_id":"30162","stop_code":"30162","stop_name":"Southbound Salter at Mountain","routes":"D11"}},{"type":"Feature","geometry":{"type":"Point","coordinates":[-97.1890152631,49.8830016784]},"properties":{"stop_id":"10233","stop_code":"10233","stop_name":"Northbound Valour at Portage","routes":"224"}},{"type":"Feature","geometry":{"type":"Point","coordinates":[-97.0927170658,49.9633187562]},"properties":{"stop_id":"30798","stop_code":"30798","stop_name":"Eastbound Fernbank at Red Maple","routes":"31"}},{"type":"Feature","geometry":{"type":"Point","coordinates":[-97.1891394952,49.8841459861]},"properties":{"stop_id":"10236","stop_code":"10236","stop_name":"Southbound Valour at Riddle","routes":"224"}},{"type":"Feature","geometry":{"type":"Point","coordinates":[-97.1889517778,49.8839541547]},"properties":{"stop_id":"10235","stop_code":"10235","stop_name":"Northbound Valour at Riddle","routes":"224"}},{"type":"Feature","geometry":{"type":"Point","coordinates":[-97.18921845,49.8827799819]},"properties":{"stop_id":"10234","stop_code":"10234","stop_name":"Southbound Valour at Portage","routes":"224"}},{"type":"Feature","geometry":{"type":"Point","coordinates":[-97.2790021983,49.8813520072]},"properties":{"stop_id":"20296","stop_code":"20296","stop_name":"Southbound Sturgeon at Portage North","routes":"FX3"}},{"type":"Feature","geometry":{"type":"Point","coordinates":[-97.1887104766,49.8870536518]},"properties":{"stop_id":"10239","stop_code":"10239","stop_name":"Northbound Valour at Wolever","routes":"224"}},{"type":"Feature","geometry":{"type":"Point","coordinates":[-97.2787458849,49.8842535569]},"properties":{"stop_id":"20295","stop_code":"20295","stop_name":"Southbound Sturgeon at Caron","routes":"883"}},{"type":"Feature","geometry":{"type":"Point","coordinates":[-97.2756761995,49.8817162883]},"properties":{"stop_id":"20293","stop_code":"20293","stop_name":"Westbound Pearl McGonigal at Grace Hospital (220, 883, 885)","routes":"220, 883, 885"}},{"type":"Feature","geometry":{"type":"Point","coordinates":[-97.2069086375,49.8791065336]},"properties":{"stop_id":"20290","stop_code":"20290","stop_name":"Eastbound Portage at Garden","routes":"22, 224"}},{"type":"Feature","geometry":{"type":"Point","coordinates":[-97.2036862601,49.879668237]},"properties":{"stop_id":"20291","stop_code":"20291","stop_name":"Eastbound Portage at Kintyre","routes":"22, 224"}},{"type":"Feature","geometry":{"type":"Point","coordinates":[-97.1798553675,49.9392384545]},"properties":{"stop_id":"30560","stop_code":"30560","stop_name":"Eastbound Church at Sheppard","routes":"332"}},{"type":"Feature","geometry":{"type":"Point","coordinates":[-97.1823983709,49.9401778881]},"properties":{"stop_id":"30563","stop_code":"30563","stop_name":"Westbound Church at Hutchings","routes":"332"}},{"type":"Feature","geometry":{"type":"Point","coordinates":[-97.212227014,49.9175072916]},"properties":{"stop_id":"20320_merged_67003","stop_code":"20320","stop_name":"Westbound RRC Polytech at RRC Polytech (D18)","routes":"D18"}},{"type":"Feature","geometry":{"type":"Point","coordinates":[-97.1848911625,49.9409725594]},"properties":{"stop_id":"30565","stop_code":"30565","stop_name":"Westbound Church at CPR Arborg","routes":"332"}},{"type":"Feature","geometry":{"type":"Point","coordinates":[-97.1833404785,49.9403275947]},"properties":{"stop_id":"30564","stop_code":"30564","stop_name":"Eastbound Church at Hutchings","routes":"332"}},{"type":"Feature","geometry":{"type":"Point","coordinates":[-97.1694043864,49.9421319956]},"properties":{"stop_id":"30567","stop_code":"30567","stop_name":"Westbound Inkster at Bunting","routes":"334"}},{"type":"Feature","geometry":{"type":"Point","coordinates":[-97.1848707368,49.940774351]},"properties":{"stop_id":"30566","stop_code":"30566","stop_name":"Eastbound Church at CPR Arborg","routes":"332"}},{"type":"Feature","geometry":{"type":"Point","coordinates":[-97.200890969,49.9114220406]},"properties":{"stop_id":"20054","stop_code":"20054","stop_name":"Eastbound Dublin at Border","routes":"74"}},{"type":"Feature","geometry":{"type":"Point","coordinates":[-97.1694135867,49.9418892779]},"properties":{"stop_id":"30568","stop_code":"30568","stop_name":"Eastbound Inkster at Bunting","routes":"334"}},{"type":"Feature","geometry":{"type":"Point","coordinates":[-97.2042154131,49.911545607]},"properties":{"stop_id":"20056","stop_code":"20056","stop_name":"Eastbound Dublin at King Edward East","routes":"74"}},{"type":"Feature","geometry":{"type":"Point","coordinates":[-97.2057390534,49.9117761107]},"properties":{"stop_id":"20057","stop_code":"20057","stop_name":"Westbound Dublin at King Edward","routes":"74"}},{"type":"Feature","geometry":{"type":"Point","coordinates":[-97.2054817086,49.9445945783]},"properties":{"stop_id":"30646","stop_code":"30646","stop_name":"Westbound Kinver at Cropo West","routes":"332"}},{"type":"Feature","geometry":{"type":"Point","coordinates":[-97.1996609034,49.9115378456]},"properties":{"stop_id":"20053","stop_code":"20053","stop_name":"Westbound Dublin at St. James","routes":"74"}},{"type":"Feature","geometry":{"type":"Point","coordinates":[-96.9988809089,49.885735437]},"properties":{"stop_id":"40144","stop_code":"40144","stop_name":"Northbound McFadden at Dugald","routes":"886, 887"}},{"type":"Feature","geometry":{"type":"Point","coordinates":[-96.9988931307,49.8837567128]},"properties":{"stop_id":"40145","stop_code":"40145","stop_name":"Northbound McFadden at Copeland","routes":"886, 887"}},{"type":"Feature","geometry":{"type":"Point","coordinates":[-96.9991896719,49.8819718026]},"properties":{"stop_id":"40146","stop_code":"40146","stop_name":"Eastbound Taggart at McFadden","routes":"886, 887"}},{"type":"Feature","geometry":{"type":"Point","coordinates":[-97.0003119958,49.8820991435]},"properties":{"stop_id":"40147","stop_code":"40147","stop_name":"Southbound Webster at Taggart","routes":"886, 887"}},{"type":"Feature","geometry":{"type":"Point","coordinates":[-97.0099643549,49.8860344979]},"properties":{"stop_id":"40140","stop_code":"40140","stop_name":"Westbound Dugald at Foch","routes":"886, 887"}},{"type":"Feature","geometry":{"type":"Point","coordinates":[-97.0101518663,49.8858758094]},"properties":{"stop_id":"40141","stop_code":"40141","stop_name":"Eastbound Dugald at Foch","routes":"886, 887"}},{"type":"Feature","geometry":{"type":"Point","coordinates":[-97.0003196892,49.8839342896]},"properties":{"stop_id":"40148","stop_code":"40148","stop_name":"Southbound Webster at Copeland","routes":"886, 887"}},{"type":"Feature","geometry":{"type":"Point","coordinates":[-97.0003223845,49.885553465]},"properties":{"stop_id":"40149","stop_code":"40149","stop_name":"Southbound Webster at Dugald","routes":"886, 887"}},{"type":"Feature","geometry":{"type":"Point","coordinates":[-97.2150088061,49.9364844953]},"properties":{"stop_id":"30709","stop_code":"30709","stop_name":"Westbound Egesz at Cardero","routes":"336"}},{"type":"Feature","geometry":{"type":"Point","coordinates":[-97.2188706467,49.9398450795]},"properties":{"stop_id":"30708","stop_code":"30708","stop_name":"Westbound Egesz at Haddon","routes":"336"}},{"type":"Feature","geometry":{"type":"Point","coordinates":[-97.0661804882,49.9069475468]},"properties":{"stop_id":"40219","stop_code":"40219","stop_name":"Northbound Panet at Munroe","routes":"D10"}},{"type":"Feature","geometry":{"type":"Point","coordinates":[-97.2085545747,49.9387864736]},"properties":{"stop_id":"30701","stop_code":"30701","stop_name":"Westbound Burrows at Sumter","routes":"833"}},{"type":"Feature","geometry":{"type":"Point","coordinates":[-97.0586240963,49.9171923778]},"properties":{"stop_id":"40215","stop_code":"40215","stop_name":"Southbound Molson at Antrim","routes":"D10"}},{"type":"Feature","geometry":{"type":"Point","coordinates":[-97.0610497352,49.9143726014]},"properties":{"stop_id":"40216","stop_code":"40216","stop_name":"Southbound Molson at Snowdon","routes":"D10"}},{"type":"Feature","geometry":{"type":"Point","coordinates":[-97.0628192836,49.9119285845]},"properties":{"stop_id":"40217","stop_code":"40217","stop_name":"Southbound Molson at Concordia","routes":"D10"}},{"type":"Feature","geometry":{"type":"Point","coordinates":[-97.070612944,49.8984851872]},"properties":{"stop_id":"40210","stop_code":"40210","stop_name":"Eastbound Regent at Panet East","routes":"38, D10"}},{"type":"Feature","geometry":{"type":"Point","coordinates":[-97.0695965806,49.9023181339]},"properties":{"stop_id":"40211","stop_code":"40211","stop_name":"Northbound Panet at Clyde","routes":"38"}},{"type":"Feature","geometry":{"type":"Point","coordinates":[-97.0695868924,49.9025608392]},"properties":{"stop_id":"40212","stop_code":"40212","stop_name":"Southbound Panet at Clyde","routes":"38"}},{"type":"Feature","geometry":{"type":"Point","coordinates":[-97.0553239544,49.9206180753]},"properties":{"stop_id":"40213","stop_code":"40213","stop_name":"Southbound Molson at Tu Pelo","routes":"D10"}},{"type":"Feature","geometry":{"type":"Point","coordinates":[-97.1300312816,49.9006836049]},"properties":{"stop_id":"11120","stop_code":"11120","stop_name":"Southbound Waterfront at George","routes":"31"}},{"type":"Feature","geometry":{"type":"Point","coordinates":[-97.1333996942,49.8982013699]},"properties":{"stop_id":"11121","stop_code":"11121","stop_name":"Southbound Waterfront at James","routes":"31"}},{"type":"Feature","geometry":{"type":"Point","coordinates":[-97.1332390125,49.8955092669]},"properties":{"stop_id":"11122","stop_code":"11122","stop_name":"Southbound Waterfront at Lombard","routes":"31"}},{"type":"Feature","geometry":{"type":"Point","coordinates":[-97.1968660622,49.8878735774]},"properties":{"stop_id":"11123","stop_code":"11123","stop_name":"Westbound Maroons at Empress","routes":"74"}},{"type":"Feature","geometry":{"type":"Point","coordinates":[-97.1275123616,49.8740175653]},"properties":{"stop_id":"50215","stop_code":"50215","stop_name":"Southbound Ferndale at Coniston","routes":"888"}},{"type":"Feature","geometry":{"type":"Point","coordinates":[-97.127531144,49.8753311478]},"properties":{"stop_id":"50214","stop_code":"50214","stop_name":"Eastbound Highfield at Ferndale","routes":"888"}},{"type":"Feature","geometry":{"type":"Point","coordinates":[-97.1247965223,49.8737037461]},"properties":{"stop_id":"50217","stop_code":"50217","stop_name":"Eastbound Coniston at Monck","routes":"888"}},{"type":"Feature","geometry":{"type":"Point","coordinates":[-97.1825175442,49.8873613674]},"properties":{"stop_id":"11127","stop_code":"11127","stop_name":"Northbound Wall at Wolever","routes":"884"}},{"type":"Feature","geometry":{"type":"Point","coordinates":[-97.1230883131,49.8750433084]},"properties":{"stop_id":"50219","stop_code":"50219","stop_name":"Northbound Tache at Highfield","routes":"888"}},{"type":"Feature","geometry":{"type":"Point","coordinates":[-97.1820099858,49.8938297911]},"properties":{"stop_id":"11129","stop_code":"11129","stop_name":"Northbound Wall at Ellice","routes":"884"}},{"type":"Feature","geometry":{"type":"Point","coordinates":[-97.3154958783,49.8554976061]},"properties":{"stop_id":"62113","stop_code":"62113","stop_name":"Southbound Cullen at Betsworth","routes":"885"}},{"type":"Feature","geometry":{"type":"Point","coordinates":[-97.1983110309,49.770069737]},"properties":{"stop_id":"62112","stop_code":"62112","stop_name":"Eastbound Ken Oblik at Florence","routes":"678"}},{"type":"Feature","geometry":{"type":"Point","coordinates":[-97.2023562265,49.7699707517]},"properties":{"stop_id":"62111","stop_code":"62111","stop_name":"Eastbound Ken Oblik at Youngstown","routes":"678"}},{"type":"Feature","geometry":{"type":"Point","coordinates":[-97.2023478005,49.7720754839]},"properties":{"stop_id":"62117","stop_code":"62117","stop_name":"Northbound Waverley at Youngstown","routes":"678"}},{"type":"Feature","geometry":{"type":"Point","coordinates":[-97.1984430694,49.7747492675]},"properties":{"stop_id":"62116","stop_code":"62116","stop_name":"Northbound Waverley at Firestone","routes":"678"}},{"type":"Feature","geometry":{"type":"Point","coordinates":[-97.3142514263,49.8504783077]},"properties":{"stop_id":"62115","stop_code":"62115","stop_name":"Eastbound Rannock at Cullen","routes":"885"}},{"type":"Feature","geometry":{"type":"Point","coordinates":[-97.3154994989,49.8533928444]},"properties":{"stop_id":"62114","stop_code":"62114","stop_name":"Southbound Cullen at Lismer","routes":"885"}},{"type":"Feature","geometry":{"type":"Point","coordinates":[-97.1894757181,49.945829617]},"properties":{"stop_id":"30640","stop_code":"30640","stop_name":"Eastbound Inkster at Plymouth","routes":"334"}},{"type":"Feature","geometry":{"type":"Point","coordinates":[-97.2022291016,49.7722805277]},"properties":{"stop_id":"62119","stop_code":"62119","stop_name":"Southbound Waverley at Youngstown","routes":"678"}},{"type":"Feature","geometry":{"type":"Point","coordinates":[-97.1991726995,49.774175943]},"properties":{"stop_id":"62118","stop_code":"62118","stop_name":"Southbound Waverley at Firestone","routes":"678"}},{"type":"Feature","geometry":{"type":"Point","coordinates":[-97.160133121,49.8803424654]},"properties":{"stop_id":"11045","stop_code":"11045","stop_name":"Westbound Wolseley at Misericordia Health Centre","routes":"28"}},{"type":"Feature","geometry":{"type":"Point","coordinates":[-97.0465507101,49.948435971]},"properties":{"stop_id":"40856","stop_code":"40856","stop_name":"Southbound Gateway at Headmaster","routes":"FX4"}},{"type":"Feature","geometry":{"type":"Point","coordinates":[-97.0890444629,49.9039181182]},"properties":{"stop_id":"40321","stop_code":"40321","stop_name":"Eastbound Talbot at Cameron","routes":"D17"}},{"type":"Feature","geometry":{"type":"Point","coordinates":[-97.0485095551,49.9468768833]},"properties":{"stop_id":"40854","stop_code":"40854","stop_name":"Southbound Gateway at Bonner","routes":"FX4"}},{"type":"Feature","geometry":{"type":"Point","coordinates":[-97.0811328992,49.9179814324]},"properties":{"stop_id":"40323","stop_code":"40323","stop_name":"Westbound Concordia at Grey","routes":"442"}},{"type":"Feature","geometry":{"type":"Point","coordinates":[-97.0851676535,49.9131909166]},"properties":{"stop_id":"40324","stop_code":"40324","stop_name":"Northbound Grey at Munroe","routes":"330"}},{"type":"Feature","geometry":{"type":"Point","coordinates":[-97.0870831649,49.9119542834]},"properties":{"stop_id":"40325","stop_code":"40325","stop_name":"Northbound Grey at Hoskin","routes":"330"}},{"type":"Feature","geometry":{"type":"Point","coordinates":[-97.0888697458,49.9108054407]},"properties":{"stop_id":"40326","stop_code":"40326","stop_name":"Northbound Grey at Wynten","routes":"330"}},{"type":"Feature","geometry":{"type":"Point","coordinates":[-97.0485325678,49.9466523955]},"properties":{"stop_id":"40851","stop_code":"40851","stop_name":"Northbound Gateway at Bonner","routes":"FX4"}},{"type":"Feature","geometry":{"type":"Point","coordinates":[-97.0907881114,49.9087862247]},"properties":{"stop_id":"40328","stop_code":"40328","stop_name":"Northbound Grey at Martin","routes":"330"}},{"type":"Feature","geometry":{"type":"Point","coordinates":[-97.0569051502,49.9419269002]},"properties":{"stop_id":"40647","stop_code":"40647","stop_name":"Westbound Gilmore at Malcana","routes":"442"}},{"type":"Feature","geometry":{"type":"Point","coordinates":[-97.1453224881,49.952218918]},"properties":{"stop_id":"30364","stop_code":"30364","stop_name":"Southbound Garden City Hub at Garden City Hub (28, 330, 336)","routes":"28, 330, 336"}},{"type":"Feature","geometry":{"type":"Point","coordinates":[-97.1459469244,49.9530204711]},"properties":{"stop_id":"30363","stop_code":"30363","stop_name":"Westbound Leila at Garden City","routes":"D10"}},{"type":"Feature","geometry":{"type":"Point","coordinates":[-97.1409757969,49.9514206324]},"properties":{"stop_id":"30361","stop_code":"30361","stop_name":"Westbound Leila at Garden Park","routes":"D10, FX2"}},{"type":"Feature","geometry":{"type":"Point","coordinates":[-97.1300273847,49.9079874949]},"properties":{"stop_id":"30360","stop_code":"30360","stop_name":"Eastbound Euclid at Maple","routes":"31, D17"}},{"type":"Feature","geometry":{"type":"Point","coordinates":[-97.1023176234,49.9525026198]},"properties":{"stop_id":"30015","stop_code":"30015","stop_name":"Southbound Main at Chief Peguis","routes":"31"}},{"type":"Feature","geometry":{"type":"Point","coordinates":[-97.0993839241,49.9540736007]},"properties":{"stop_id":"30014","stop_code":"30014","stop_name":"Northbound Main at Murray","routes":"31"}},{"type":"Feature","geometry":{"type":"Point","coordinates":[-97.1020725015,49.9523546829]},"properties":{"stop_id":"30016","stop_code":"30016","stop_name":"Northbound Main at Foley","routes":"31"}},{"type":"Feature","geometry":{"type":"Point","coordinates":[-97.2201777735,49.9421948507]},"properties":{"stop_id":"30808","stop_code":"30808","stop_name":"Eastbound Lucas at Tallman","routes":"336"}},{"type":"Feature","geometry":{"type":"Point","coordinates":[-97.0994404912,49.9544073432]},"properties":{"stop_id":"30013","stop_code":"30013","stop_name":"Southbound Main at Murray","routes":"31"}},{"type":"Feature","geometry":{"type":"Point","coordinates":[-97.0998824408,49.9545135406]},"properties":{"stop_id":"31019","stop_code":"31019","stop_name":"Westbound Murray at Main","routes":"330"}},{"type":"Feature","geometry":{"type":"Point","coordinates":[-97.159820427,49.9390657371]},"properties":{"stop_id":"31016","stop_code":"31016","stop_name":"Westbound Inkster at McPhillips","routes":"39"}},{"type":"Feature","geometry":{"type":"Point","coordinates":[-97.1949210985,49.9388716064]},"properties":{"stop_id":"31017","stop_code":"31017","stop_name":"Northbound Keewatin at Burrows","routes":"74, 884"}},{"type":"Feature","geometry":{"type":"Point","coordinates":[-97.1377948046,49.9319674013]},"properties":{"stop_id":"31014","stop_code":"31014","stop_name":"Westbound Inkster at McGregor","routes":"39"}},{"type":"Feature","geometry":{"type":"Point","coordinates":[-97.1598707751,49.9388416637]},"properties":{"stop_id":"31015","stop_code":"31015","stop_name":"Eastbound Inkster at McPhillips","routes":"39"}},{"type":"Feature","geometry":{"type":"Point","coordinates":[-97.1101387789,49.9464419874]},"properties":{"stop_id":"30019","stop_code":"30019","stop_name":"Northbound Main at Margaret","routes":"31, D10"}},{"type":"Feature","geometry":{"type":"Point","coordinates":[-97.1300872124,49.9294865014]},"properties":{"stop_id":"31013","stop_code":"31013","stop_name":"Westbound Inkster at Salter","routes":"39"}},{"type":"Feature","geometry":{"type":"Point","coordinates":[-97.1303580607,49.9293289656]},"properties":{"stop_id":"31010","stop_code":"31010","stop_name":"Eastbound Inkster at Salter","routes":"39"}},{"type":"Feature","geometry":{"type":"Point","coordinates":[-97.1379691974,49.9317813114]},"properties":{"stop_id":"31011","stop_code":"31011","stop_name":"Eastbound Inkster at McGregor","routes":"39"}},{"type":"Feature","geometry":{"type":"Point","coordinates":[-97.1369762897,49.9470477789]},"properties":{"stop_id":"30385","stop_code":"30385","stop_name":"Northbound Sinclair at Kingsbury","routes":"28"}},{"type":"Feature","geometry":{"type":"Point","coordinates":[-97.1313883856,49.9480821139]},"properties":{"stop_id":"30384","stop_code":"30384","stop_name":"Eastbound Leila at Diplomat","routes":"D10"}},{"type":"Feature","geometry":{"type":"Point","coordinates":[-97.1040720286,49.9063959824]},"properties":{"stop_id":"40458","stop_code":"40458","stop_name":"Eastbound Talbot at Watt","routes":"330, D17"}},{"type":"Feature","geometry":{"type":"Point","coordinates":[-97.1492930996,49.9511940534]},"properties":{"stop_id":"30386","stop_code":"30386","stop_name":"Northbound McPhillips at Kingsbury","routes":"F5"}},{"type":"Feature","geometry":{"type":"Point","coordinates":[-97.1360422368,49.9495783187]},"properties":{"stop_id":"30381","stop_code":"30381","stop_name":"Eastbound Leila at Sinclair","routes":"D10, FX2"}},{"type":"Feature","geometry":{"type":"Point","coordinates":[-97.1358715405,49.9493057226]},"properties":{"stop_id":"30382","stop_code":"30382","stop_name":"Northbound Sinclair at Leila","routes":"28"}},{"type":"Feature","geometry":{"type":"Point","coordinates":[-97.3003695113,49.8888905393]},"properties":{"stop_id":"21019","stop_code":"21019","stop_name":"Northbound Cavalier at Ness","routes":"223, D15"}},{"type":"Feature","geometry":{"type":"Point","coordinates":[-97.1036598963,49.9080263284]},"properties":{"stop_id":"40453","stop_code":"40453","stop_name":"Northbound Watt at Tweed","routes":"551"}},{"type":"Feature","geometry":{"type":"Point","coordinates":[-97.1048911117,49.9050421484]},"properties":{"stop_id":"40450","stop_code":"40450","stop_name":"Northbound Watt at Nairn","routes":"551, 886, 887, FX4"}},{"type":"Feature","geometry":{"type":"Point","coordinates":[-97.1608621279,49.9527006119]},"properties":{"stop_id":"30388","stop_code":"30388","stop_name":"Northbound Pipeline at Doubleday","routes":"38"}},{"type":"Feature","geometry":{"type":"Point","coordinates":[-97.1038024317,49.9082985142]},"properties":{"stop_id":"40454","stop_code":"40454","stop_name":"Southbound Watt at Tweed","routes":"551"}},{"type":"Feature","geometry":{"type":"Point","coordinates":[-97.1032186715,49.9093323748]},"properties":{"stop_id":"40455","stop_code":"40455","stop_name":"Northbound Watt at Thames","routes":"551"}},{"type":"Feature","geometry":{"type":"Point","coordinates":[-97.1292724687,49.8363836043]},"properties":{"stop_id":"50606","stop_code":"50606","stop_name":"Southbound River at St. Vital","routes":"676"}},{"type":"Feature","geometry":{"type":"Point","coordinates":[-97.2283725861,49.9422125579]},"properties":{"stop_id":"30805","stop_code":"30805","stop_name":"Eastbound Lucas at Brookside","routes":"336"}},{"type":"Feature","geometry":{"type":"Point","coordinates":[-97.0641173199,49.8460881068]},"properties":{"stop_id":"50329","stop_code":"50329","stop_name":"Northbound Beaverhill at Shamrock","routes":"557"}},{"type":"Feature","geometry":{"type":"Point","coordinates":[-97.0647915123,49.8480153517]},"properties":{"stop_id":"50328","stop_code":"50328","stop_name":"Northbound Beaverhill at Seabrook","routes":"557"}},{"type":"Feature","geometry":{"type":"Point","coordinates":[-97.1344727853,49.8187021943]},"properties":{"stop_id":"50458","stop_code":"50458","stop_name":"Northbound River at Harry Collins","routes":"556"}},{"type":"Feature","geometry":{"type":"Point","coordinates":[-97.1322933888,49.8175336494]},"properties":{"stop_id":"50457","stop_code":"50457","stop_name":"Northbound River at Woodlawn","routes":"556"}},{"type":"Feature","geometry":{"type":"Point","coordinates":[-97.0635411727,49.8511067565]},"properties":{"stop_id":"50324","stop_code":"50324","stop_name":"Northbound Beaverhill at Radburn","routes":"557"}},{"type":"Feature","geometry":{"type":"Point","coordinates":[-97.0648995941,49.8477473046]},"properties":{"stop_id":"50327","stop_code":"50327","stop_name":"Southbound Beaverhill at Shoreview","routes":"557"}},{"type":"Feature","geometry":{"type":"Point","coordinates":[-97.064930949,49.8490521259]},"properties":{"stop_id":"50326","stop_code":"50326","stop_name":"Southbound Beaverhill at Edgewater","routes":"557"}},{"type":"Feature","geometry":{"type":"Point","coordinates":[-97.0654971717,49.8536850986]},"properties":{"stop_id":"50321","stop_code":"50321","stop_name":"Eastbound Vermillion at Beaverhill","routes":"551, 557"}},{"type":"Feature","geometry":{"type":"Point","coordinates":[-97.1237637311,49.8206069171]},"properties":{"stop_id":"50452","stop_code":"50452","stop_name":"Southbound Minnetonka at Woodlawn","routes":"556"}},{"type":"Feature","geometry":{"type":"Point","coordinates":[-97.1251795272,49.8228246789]},"properties":{"stop_id":"50451","stop_code":"50451","stop_name":"Eastbound Riel at Minnetonka","routes":"556"}},{"type":"Feature","geometry":{"type":"Point","coordinates":[-97.0641742675,49.852322699]},"properties":{"stop_id":"50322","stop_code":"50322","stop_name":"Southbound Beaverhill at Grover Hills","routes":"557"}},{"type":"Feature","geometry":{"type":"Point","coordinates":[-97.1290198806,49.8368022909]},"properties":{"stop_id":"50605","stop_code":"50605","stop_name":"Eastbound St Vital at River","routes":"676"}},{"type":"Feature","geometry":{"type":"Point","coordinates":[-97.1197909576,49.8291237888]},"properties":{"stop_id":"50602","stop_code":"50602","stop_name":"Westbound Abinojii Mikanah at Glen Meadow","routes":"F9"}},{"type":"Feature","geometry":{"type":"Point","coordinates":[-97.1878139982,49.8150433123]},"properties":{"stop_id":"60958","stop_code":"60958","stop_name":"Northbound Dovercourt at Henlow","routes":"690"}},{"type":"Feature","geometry":{"type":"Point","coordinates":[-97.1697645661,49.7860737778]},"properties":{"stop_id":"61019","stop_code":"61019","stop_name":"Northbound Bairdmore at Hawstead","routes":"662"}},{"type":"Feature","geometry":{"type":"Point","coordinates":[-97.1704100479,49.7836912777]},"properties":{"stop_id":"61018","stop_code":"61018","stop_name":"Northbound Bairdmore at Bernfield North","routes":"662"}},{"type":"Feature","geometry":{"type":"Point","coordinates":[-97.1703301011,49.7883944753]},"properties":{"stop_id":"61013","stop_code":"61013","stop_name":"Southbound Bairdmore at Sandusky","routes":"662, 671"}},{"type":"Feature","geometry":{"type":"Point","coordinates":[-97.168475777,49.7907758337]},"properties":{"stop_id":"61012","stop_code":"61012","stop_name":"Southbound Bairdmore at Calderwood West","routes":"662, 671"}},{"type":"Feature","geometry":{"type":"Point","coordinates":[-97.165645955,49.7917564482]},"properties":{"stop_id":"61011","stop_code":"61011","stop_name":"Southbound Bairdmore at Calderwood East","routes":"671"}},{"type":"Feature","geometry":{"type":"Point","coordinates":[-97.1600796916,49.7941777076]},"properties":{"stop_id":"61010","stop_code":"61010","stop_name":"Southbound Bairdmore at Barnes","routes":"671"}},{"type":"Feature","geometry":{"type":"Point","coordinates":[-97.1693017758,49.7802915681]},"properties":{"stop_id":"61017","stop_code":"61017","stop_name":"Northbound Bairdmore at Kirkbridge","routes":"662"}},{"type":"Feature","geometry":{"type":"Point","coordinates":[-97.1695350785,49.780367221]},"properties":{"stop_id":"61016","stop_code":"61016","stop_name":"Southbound Bairdmore at Kirkbridge","routes":"662"}},{"type":"Feature","geometry":{"type":"Point","coordinates":[-97.1705803822,49.7839638258]},"properties":{"stop_id":"61015","stop_code":"61015","stop_name":"Southbound Bairdmore at Bernfield North","routes":"662"}},{"type":"Feature","geometry":{"type":"Point","coordinates":[-97.1698979987,49.7858510099]},"properties":{"stop_id":"61014","stop_code":"61014","stop_name":"Southbound Bairdmore at Hawstead","routes":"662"}},{"type":"Feature","geometry":{"type":"Point","coordinates":[-97.1633210753,49.9650176887]},"properties":{"stop_id":"30943","stop_code":"30943","stop_name":"Eastbound Templeton at Innsbruck","routes":"336"}},{"type":"Feature","geometry":{"type":"Point","coordinates":[-97.1644049316,49.9654846166]},"properties":{"stop_id":"30942","stop_code":"30942","stop_name":"Westbound Templeton at Innsbruck","routes":"336"}},{"type":"Feature","geometry":{"type":"Point","coordinates":[-97.065187896,49.8569001886]},"properties":{"stop_id":"51030","stop_code":"51030","stop_name":"Northbound Westmount at Fermor","routes":"551"}},{"type":"Feature","geometry":{"type":"Point","coordinates":[-97.0609669835,49.861893803]},"properties":{"stop_id":"51031","stop_code":"51031","stop_name":"Eastbound Cottonwood at Lochmoor","routes":"551"}},{"type":"Feature","geometry":{"type":"Point","coordinates":[-97.1724555586,49.9679416046]},"properties":{"stop_id":"30947","stop_code":"30947","stop_name":"Eastbound Templeton at Barneveld","routes":"336"}},{"type":"Feature","geometry":{"type":"Point","coordinates":[-97.0343533219,49.8377515041]},"properties":{"stop_id":"51037","stop_code":"51037","stop_name":"Eastbound Edward Turner at Snowberry","routes":"556"}},{"type":"Feature","geometry":{"type":"Point","coordinates":[-97.1672199354,49.966266778]},"properties":{"stop_id":"30945","stop_code":"30945","stop_name":"Eastbound Templeton at Novara","routes":"336"}},{"type":"Feature","geometry":{"type":"Point","coordinates":[-97.040879812,49.838006121]},"properties":{"stop_id":"51035","stop_code":"51035","stop_name":"Northbound Des Hivernants at Edward Turner","routes":"556"}},{"type":"Feature","geometry":{"type":"Point","coordinates":[-97.2154067805,49.8071426862]},"properties":{"stop_id":"60951","stop_code":"60951","stop_name":"Northbound Scurfield at Izatt School","routes":"649, 650"}},{"type":"Feature","geometry":{"type":"Point","coordinates":[-97.0317921861,49.8357470114]},"properties":{"stop_id":"51038","stop_code":"51038","stop_name":"Southbound Edward Turner at Water Lily","routes":"556"}},{"type":"Feature","geometry":{"type":"Point","coordinates":[-97.0325720867,49.8336643946]},"properties":{"stop_id":"51039","stop_code":"51039","stop_name":"Southbound Edward Turner at Sage Creek","routes":"556"}},{"type":"Feature","geometry":{"type":"Point","coordinates":[-97.0874197787,49.8710412652]},"properties":{"stop_id":"50039","stop_code":"50039","stop_name":"Westbound Elizabeth at Drake","routes":"551, D15"}},{"type":"Feature","geometry":{"type":"Point","coordinates":[-97.1091707543,49.803710324]},"properties":{"stop_id":"50707","stop_code":"50707","stop_name":"Westbound Burland at Knotsberry","routes":"676"}},{"type":"Feature","geometry":{"type":"Point","coordinates":[-97.0979307855,49.8468647291]},"properties":{"stop_id":"50529","stop_code":"50529","stop_name":"Southbound St Anne's at Berrydale","routes":"F7"}},{"type":"Feature","geometry":{"type":"Point","coordinates":[-97.0976399105,49.8468329623]},"properties":{"stop_id":"50528","stop_code":"50528","stop_name":"Northbound St Anne's at Berrydale","routes":"F7"}},{"type":"Feature","geometry":{"type":"Point","coordinates":[-97.1059794348,49.8576829309]},"properties":{"stop_id":"50542","stop_code":"50542","stop_name":"Southbound St Anne's at Regal","routes":"F7"}},{"type":"Feature","geometry":{"type":"Point","coordinates":[-97.1069739405,49.8051586035]},"properties":{"stop_id":"50706","stop_code":"50706","stop_name":"Westbound Burland at Healy","routes":"676"}},{"type":"Feature","geometry":{"type":"Point","coordinates":[-97.095440471,49.8433336598]},"properties":{"stop_id":"50523","stop_code":"50523","stop_name":"Northbound St Anne's at Worthington","routes":"F7"}},{"type":"Feature","geometry":{"type":"Point","coordinates":[-97.0953005153,49.8426477263]},"properties":{"stop_id":"50522","stop_code":"50522","stop_name":"Southbound St Anne's at Worthington","routes":"F7"}},{"type":"Feature","geometry":{"type":"Point","coordinates":[-97.0943748538,49.8414271383]},"properties":{"stop_id":"50521","stop_code":"50521","stop_name":"Northbound St Anne's at Beliveau","routes":"F7"}},{"type":"Feature","geometry":{"type":"Point","coordinates":[-97.0942245528,49.8406510814]},"properties":{"stop_id":"50520","stop_code":"50520","stop_name":"Southbound St Anne's at Beliveau","routes":"556, F7"}},{"type":"Feature","geometry":{"type":"Point","coordinates":[-97.092980456,49.8818011969]},"properties":{"stop_id":"50034","stop_code":"50034","stop_name":"Eastbound Marion at Dupuy","routes":"551, D14"}},{"type":"Feature","geometry":{"type":"Point","coordinates":[-97.1756377933,49.8538096548]},"properties":{"stop_id":"60308","stop_code":"60308","stop_name":"Northbound Cambridge at Carter","routes":"28, 680"}},{"type":"Feature","geometry":{"type":"Point","coordinates":[-97.1755664716,49.8630914131]},"properties":{"stop_id":"60309","stop_code":"60309","stop_name":"Westbound Corydon at Cambridge West","routes":"680, D19"}},{"type":"Feature","geometry":{"type":"Point","coordinates":[-97.1093083662,49.8033887467]},"properties":{"stop_id":"50704","stop_code":"50704","stop_name":"Eastbound Burland at Knotsberry","routes":"552, 676"}},{"type":"Feature","geometry":{"type":"Point","coordinates":[-97.1507528434,49.871548762]},"properties":{"stop_id":"10145","stop_code":"10145","stop_name":"Eastbound Corydon at Hugo","routes":"D19"}},{"type":"Feature","geometry":{"type":"Point","coordinates":[-97.1708787049,49.8575214585]},"properties":{"stop_id":"60300","stop_code":"60300","stop_name":"Westbound Grant at Nathaniel","routes":"28, FX3"}},{"type":"Feature","geometry":{"type":"Point","coordinates":[-97.175413789,49.8564326772]},"properties":{"stop_id":"60301","stop_code":"60301","stop_name":"Northbound Cambridge at Grant North","routes":"680"}},{"type":"Feature","geometry":{"type":"Point","coordinates":[-97.1754697024,49.8556869699]},"properties":{"stop_id":"60302","stop_code":"60302","stop_name":"Northbound Cambridge at Grant South","routes":"28, 680"}},{"type":"Feature","geometry":{"type":"Point","coordinates":[-97.1760917205,49.8561645157]},"properties":{"stop_id":"60303","stop_code":"60303","stop_name":"Westbound Grant at Cambridge","routes":"FX3"}},{"type":"Feature","geometry":{"type":"Point","coordinates":[-97.1751738385,49.8594782137]},"properties":{"stop_id":"60304","stop_code":"60304","stop_name":"Northbound Cambridge at Fleet","routes":"680"}},{"type":"Feature","geometry":{"type":"Point","coordinates":[-97.1753237754,49.8599303294]},"properties":{"stop_id":"60305","stop_code":"60305","stop_name":"Southbound Cambridge at Fleet","routes":"680"}},{"type":"Feature","geometry":{"type":"Point","coordinates":[-97.1752398197,49.8628973682]},"properties":{"stop_id":"60306","stop_code":"60306","stop_name":"Eastbound Corydon at Cambridge West","routes":"680, D19"}},{"type":"Feature","geometry":{"type":"Point","coordinates":[-97.1237539941,49.8208586231]},"properties":{"stop_id":"50702","stop_code":"50702","stop_name":"Northbound Minnetonka at Riverbend","routes":"556"}},{"type":"Feature","geometry":{"type":"Point","coordinates":[-97.1224956976,49.8181666558]},"properties":{"stop_id":"50701","stop_code":"50701","stop_name":"Northbound River at Minnetonka","routes":"556"}},{"type":"Feature","geometry":{"type":"Point","coordinates":[-97.2008815233,49.9337563042]},"properties":{"stop_id":"30730","stop_code":"30730","stop_name":"Westbound Manitoba at Ellington","routes":"336"}},{"type":"Feature","geometry":{"type":"Point","coordinates":[-97.1836634269,49.8345605307]},"properties":{"stop_id":"60870","stop_code":"60870","stop_name":"Northbound Lindenwood at Thorncliff","routes":"642"}},{"type":"Feature","geometry":{"type":"Point","coordinates":[-97.182994685,49.8364479924]},"properties":{"stop_id":"60871","stop_code":"60871","stop_name":"Northbound Lindenwood at Shorecrest","routes":"642"}},{"type":"Feature","geometry":{"type":"Point","coordinates":[-97.1851316211,49.8421484105]},"properties":{"stop_id":"60874","stop_code":"60874","stop_name":"Northbound Avon at Lindenwood West","routes":"641"}},{"type":"Feature","geometry":{"type":"Point","coordinates":[-97.2623072331,49.8857440319]},"properties":{"stop_id":"20178","stop_code":"20178","stop_name":"Eastbound Ness at Moray","routes":"220, D15"}},{"type":"Feature","geometry":{"type":"Point","coordinates":[-97.1612751231,49.868235309]},"properties":{"stop_id":"10127","stop_code":"10127","stop_name":"Westbound Corydon at Stafford","routes":"D19"}},{"type":"Feature","geometry":{"type":"Point","coordinates":[-97.1973552619,49.834360832]},"properties":{"stop_id":"60878","stop_code":"60878","stop_name":"Southbound Lindenwood at Marksbridge","routes":"641"}},{"type":"Feature","geometry":{"type":"Point","coordinates":[-97.1844748002,49.8325763568]},"properties":{"stop_id":"60879","stop_code":"60879","stop_name":"Southbound Lindenwood at Waterbury North","routes":"642"}},{"type":"Feature","geometry":{"type":"Point","coordinates":[-97.161550302,49.8679518387]},"properties":{"stop_id":"10126","stop_code":"10126","stop_name":"Eastbound Corydon at Stafford","routes":"D19"}},{"type":"Feature","geometry":{"type":"Point","coordinates":[-97.099662092,49.8839349816]},"properties":{"stop_id":"50145","stop_code":"50145","stop_name":"Northbound Archibald at Cherrier","routes":"551"}},{"type":"Feature","geometry":{"type":"Point","coordinates":[-97.0989752396,49.8826374075]},"properties":{"stop_id":"50144","stop_code":"50144","stop_name":"Northbound Archibald at Marion","routes":"551"}},{"type":"Feature","geometry":{"type":"Point","coordinates":[-97.1003350677,49.8852323234]},"properties":{"stop_id":"50147","stop_code":"50147","stop_name":"Northbound Archibald at Kavanagh","routes":"551"}},{"type":"Feature","geometry":{"type":"Point","coordinates":[-97.0998489519,49.8837851331]},"properties":{"stop_id":"50146","stop_code":"50146","stop_name":"Southbound Archibald at Cherrier","routes":"551"}},{"type":"Feature","geometry":{"type":"Point","coordinates":[-97.0985034531,49.8811814508]},"properties":{"stop_id":"50141","stop_code":"50141","stop_name":"Southbound Archibald at Prosper","routes":"D15"}},{"type":"Feature","geometry":{"type":"Point","coordinates":[-97.0407567659,49.8527471327]},"properties":{"stop_id":"50140","stop_code":"50140","stop_name":"Eastbound Blue Mountain at Copperstone","routes":"558"}},{"type":"Feature","geometry":{"type":"Point","coordinates":[-97.0980610272,49.8818128321]},"properties":{"stop_id":"50142","stop_code":"50142","stop_name":"Eastbound Marion at Archibald","routes":"551, D14"}},{"type":"Feature","geometry":{"type":"Point","coordinates":[-97.1956839296,49.9337473978]},"properties":{"stop_id":"30734","stop_code":"30734","stop_name":"Westbound Manitoba at Keewatin West","routes":"336"}},{"type":"Feature","geometry":{"type":"Point","coordinates":[-97.3083234931,49.8724384072]},"properties":{"stop_id":"20505","stop_code":"20505","stop_name":"Southbound Bedson at Dickens","routes":"885"}},{"type":"Feature","geometry":{"type":"Point","coordinates":[-97.1026469763,49.8873391081]},"properties":{"stop_id":"50149","stop_code":"50149","stop_name":"Southbound Archibald at Kavanagh North","routes":"551"}},{"type":"Feature","geometry":{"type":"Point","coordinates":[-97.1004958698,49.8850370708]},"properties":{"stop_id":"50148","stop_code":"50148","stop_name":"Southbound Archibald at Kavanagh","routes":"551"}},{"type":"Feature","geometry":{"type":"Point","coordinates":[-97.1271356826,49.8481326291]},"properties":{"stop_id":"60275","stop_code":"60275","stop_name":"Southbound North at Wildwood C","routes":"694"}},{"type":"Feature","geometry":{"type":"Point","coordinates":[-97.1486661087,49.8722529987]},"properties":{"stop_id":"10147","stop_code":"10147","stop_name":"Eastbound Corydon at Daly","routes":"D19"}},{"type":"Feature","geometry":{"type":"Point","coordinates":[-97.1239834643,49.8461926016]},"properties":{"stop_id":"60277","stop_code":"60277","stop_name":"Southbound North at Wildwood A","routes":"694"}},{"type":"Feature","geometry":{"type":"Point","coordinates":[-97.1355255303,49.84736859]},"properties":{"stop_id":"60271","stop_code":"60271","stop_name":"Eastbound Oakenwald at Wildwood St","routes":"694"}},{"type":"Feature","geometry":{"type":"Point","coordinates":[-97.1317335473,49.8486656956]},"properties":{"stop_id":"60273","stop_code":"60273","stop_name":"Eastbound Oakenwald at Wildwood E","routes":"694"}},{"type":"Feature","geometry":{"type":"Point","coordinates":[-97.1316727383,49.8487996403]},"properties":{"stop_id":"60278","stop_code":"60278","stop_name":"Westbound Oakenwald at Wildwood E","routes":"694"}},{"type":"Feature","geometry":{"type":"Point","coordinates":[-97.0675196531,49.9051529069]},"properties":{"stop_id":"40206","stop_code":"40206","stop_name":"Northbound Panet at Keenleyside","routes":"38, D10"}},{"type":"Feature","geometry":{"type":"Point","coordinates":[-97.2577905388,49.8975134792]},"properties":{"stop_id":"21012","stop_code":"21012","stop_name":"Southbound Saulteaux at Moray East","routes":"883"}},{"type":"Feature","geometry":{"type":"Point","coordinates":[-97.1949485754,49.9444758623]},"properties":{"stop_id":"30653","stop_code":"30653","stop_name":"Northbound Keewatin at Kinver","routes":"74, 884"}},{"type":"Feature","geometry":{"type":"Point","coordinates":[-97.1694103802,49.8429892167]},"properties":{"stop_id":"61277","stop_code":"61277","stop_name":"Northbound Seel Station at Seel Station","routes":"28, 694"}},{"type":"Feature","geometry":{"type":"Point","coordinates":[-97.0586779491,49.822483587]},"properties":{"stop_id":"51066","stop_code":"51066","stop_name":"Westbound Jack Reimer at Eau-Claire","routes":"557"}},{"type":"Feature","geometry":{"type":"Point","coordinates":[-97.1848142705,49.8023311911]},"properties":{"stop_id":"61275","stop_code":"61275","stop_name":"Westbound North Town at North Town","routes":"676, 678"}},{"type":"Feature","geometry":{"type":"Point","coordinates":[-97.1848071054,49.8021511764]},"properties":{"stop_id":"61274","stop_code":"61274","stop_name":"Eastbound North Town at Bridgeland","routes":"676, 678"}},{"type":"Feature","geometry":{"type":"Point","coordinates":[-97.1906660979,49.7996973256]},"properties":{"stop_id":"61273","stop_code":"61273","stop_name":"Eastbound North Town at Hill Grove","routes":"676"}},{"type":"Feature","geometry":{"type":"Point","coordinates":[-97.1618134734,49.8452524986]},"properties":{"stop_id":"61272","stop_code":"61272","stop_name":"Southbound Beaumont at Windermere","routes":"D11"}},{"type":"Feature","geometry":{"type":"Point","coordinates":[-97.1632595857,49.847101457]},"properties":{"stop_id":"61271","stop_code":"61271","stop_name":"Southbound Beaumont at Rosemount","routes":"D11"}},{"type":"Feature","geometry":{"type":"Point","coordinates":[-97.1632246254,49.8472897986]},"properties":{"stop_id":"61270","stop_code":"61270","stop_name":"Northbound Beaumont at Rosemount","routes":"D11"}},{"type":"Feature","geometry":{"type":"Point","coordinates":[-97.1860404055,49.8832609328]},"properties":{"stop_id":"10557","stop_code":"10557","stop_name":"Westbound Portage at Erin","routes":"D15"}},{"type":"Feature","geometry":{"type":"Point","coordinates":[-97.1690923772,49.8425704132]},"properties":{"stop_id":"61279","stop_code":"61279","stop_name":"Northbound Seel Station at Seel Station","routes":"649, 650"}},{"type":"Feature","geometry":{"type":"Point","coordinates":[-97.1692778217,49.8428162137]},"properties":{"stop_id":"61278","stop_code":"61278","stop_name":"Northbound Seel Station at Seel Station","routes":"642, 690, 691"}},{"type":"Feature","geometry":{"type":"Point","coordinates":[-97.1457404502,49.7948842774]},"properties":{"stop_id":"60051","stop_code":"60051","stop_name":"Northbound Dalhousie at Purdue","routes":"662, 672"}},{"type":"Feature","geometry":{"type":"Point","coordinates":[-97.1464791853,49.7955527611]},"properties":{"stop_id":"60052","stop_code":"60052","stop_name":"Southbound Dalhousie at Purdue","routes":"662, 672"}},{"type":"Feature","geometry":{"type":"Point","coordinates":[-97.1460271857,49.7931977832]},"properties":{"stop_id":"60053","stop_code":"60053","stop_name":"Westbound Killarney at Briar Cliff","routes":"672"}},{"type":"Feature","geometry":{"type":"Point","coordinates":[-97.1910633574,49.8468197531]},"properties":{"stop_id":"60054","stop_code":"60054","stop_name":"Eastbound Wilkes at Brockville","routes":"677"}},{"type":"Feature","geometry":{"type":"Point","coordinates":[-97.1483357948,49.7924161959]},"properties":{"stop_id":"60056","stop_code":"60056","stop_name":"Westbound Killarney at Acadia","routes":"672"}},{"type":"Feature","geometry":{"type":"Point","coordinates":[-97.1521506843,49.7911189212]},"properties":{"stop_id":"60057","stop_code":"60057","stop_name":"Westbound Killarney at Caledon","routes":"672"}},{"type":"Feature","geometry":{"type":"Point","coordinates":[-97.1566118316,49.7735235865]},"properties":{"stop_id":"60058","stop_code":"60058","stop_name":"Southbound Pembina at Cloutier South","routes":"91"}},{"type":"Feature","geometry":{"type":"Point","coordinates":[-97.1562113273,49.7734632327]},"properties":{"stop_id":"60059","stop_code":"60059","stop_name":"Northbound Pembina at Cloutier South","routes":"91"}},{"type":"Feature","geometry":{"type":"Point","coordinates":[-97.1952807823,49.9426730638]},"properties":{"stop_id":"30652","stop_code":"30652","stop_name":"Southbound Keewatin at Kinver","routes":"74, 884"}},{"type":"Feature","geometry":{"type":"Point","coordinates":[-97.1955354298,49.9336191551]},"properties":{"stop_id":"30733","stop_code":"30733","stop_name":"Eastbound Manitoba at Keewatin West","routes":"336"}},{"type":"Feature","geometry":{"type":"Point","coordinates":[-97.2454174888,49.876224511]},"properties":{"stop_id":"20218","stop_code":"20218","stop_name":"Westbound Portage at Mount Royal","routes":"22, BLUE"}},{"type":"Feature","geometry":{"type":"Point","coordinates":[-97.1104610589,49.8344588432]},"properties":{"stop_id":"50484","stop_code":"50484","stop_name":"Southbound Dakota at Beliveau","routes":"556, 676, F6"}},{"type":"Feature","geometry":{"type":"Point","coordinates":[-97.1091486057,49.8328092854]},"properties":{"stop_id":"50485","stop_code":"50485","stop_name":"Southbound Dakota at Abinojii Mikanah","routes":"556, 676, F6"}},{"type":"Feature","geometry":{"type":"Point","coordinates":[-97.1086004146,49.8326024333]},"properties":{"stop_id":"50486","stop_code":"50486","stop_name":"Northbound Dakota at Abinojii Mikanah","routes":"556, 676, F6"}},{"type":"Feature","geometry":{"type":"Point","coordinates":[-97.1200585964,49.9021591807]},"properties":{"stop_id":"10355","stop_code":"10355","stop_name":"Eastbound Higgins at Acores","routes":"43"}},{"type":"Feature","geometry":{"type":"Point","coordinates":[-97.119622605,49.902269035]},"properties":{"stop_id":"10356","stop_code":"10356","stop_name":"Westbound Higgins at Acores","routes":"43"}},{"type":"Feature","geometry":{"type":"Point","coordinates":[-97.1219760487,49.902631059]},"properties":{"stop_id":"10357","stop_code":"10357","stop_name":"Westbound Higgins at Annabella","routes":"43"}},{"type":"Feature","geometry":{"type":"Point","coordinates":[-97.3124692376,49.8840663493]},"properties":{"stop_id":"20605","stop_code":"20605","stop_name":"Southbound Unicity Main Access at Unicity Hub (220, 223, 885)","routes":"220, 223, 885"}},{"type":"Feature","geometry":{"type":"Point","coordinates":[-97.1154006467,49.9023263108]},"properties":{"stop_id":"10351","stop_code":"10351","stop_name":"Eastbound Higgins at Point Douglas","routes":"43"}},{"type":"Feature","geometry":{"type":"Point","coordinates":[-97.115792093,49.9022877076]},"properties":{"stop_id":"10352","stop_code":"10352","stop_name":"Westbound Higgins at Boyle","routes":"43"}},{"type":"Feature","geometry":{"type":"Point","coordinates":[-97.248808047,49.9036924114]},"properties":{"stop_id":"20606","stop_code":"20606","stop_name":"Westbound Saskatchewan at Saskatchewan Loop","routes":"883"}},{"type":"Feature","geometry":{"type":"Point","coordinates":[-97.2002845739,49.8996472168]},"properties":{"stop_id":"20609","stop_code":"20609","stop_name":"Southbound St James at Superstore","routes":"74, D13"}},{"type":"Feature","geometry":{"type":"Point","coordinates":[-97.1221904009,49.9024906157]},"properties":{"stop_id":"10358","stop_code":"10358","stop_name":"Eastbound Higgins at Annabella","routes":"43"}},{"type":"Feature","geometry":{"type":"Point","coordinates":[-97.1257000713,49.9035639292]},"properties":{"stop_id":"10359","stop_code":"10359","stop_name":"Westbound Higgins at Waterfront","routes":"31, 43, FX3"}},{"type":"Feature","geometry":{"type":"Point","coordinates":[-97.1120930243,49.8357627885]},"properties":{"stop_id":"50481","stop_code":"50481","stop_name":"Northbound Dakota at St. Mary's","routes":"676, F6"}},{"type":"Feature","geometry":{"type":"Point","coordinates":[-97.1124189914,49.8356061939]},"properties":{"stop_id":"50482","stop_code":"50482","stop_name":"Southbound Dakota at St. Mary's","routes":"676, F6"}},{"type":"Feature","geometry":{"type":"Point","coordinates":[-97.3168686824,49.8584319295]},"properties":{"stop_id":"60698","stop_code":"60698","stop_name":"Northbound Dale at Cullen","routes":"223, 885"}},{"type":"Feature","geometry":{"type":"Point","coordinates":[-97.3177850998,49.8580854517]},"properties":{"stop_id":"60697","stop_code":"60697","stop_name":"Southbound Dale at Kersey","routes":"223"}},{"type":"Feature","geometry":{"type":"Point","coordinates":[-97.314685585,49.8607928213]},"properties":{"stop_id":"60694","stop_code":"60694","stop_name":"Southbound Dale at Westgrove North","routes":"223, 885"}},{"type":"Feature","geometry":{"type":"Point","coordinates":[-97.1107269951,49.835128825]},"properties":{"stop_id":"50483","stop_code":"50483","stop_name":"Northbound Dakota at Beliveau","routes":"556, 676, F6"}},{"type":"Feature","geometry":{"type":"Point","coordinates":[-97.177060875,49.841131059]},"properties":{"stop_id":"60693","stop_code":"60693","stop_name":"Southbound Otter at Willson","routes":"650"}},{"type":"Feature","geometry":{"type":"Point","coordinates":[-97.2046301257,49.8639776124]},"properties":{"stop_id":"60691","stop_code":"60691","stop_name":"Eastbound Corydon at Carpathia","routes":"680, D19"}},{"type":"Feature","geometry":{"type":"Point","coordinates":[-97.1439904024,49.8718722879]},"properties":{"stop_id":"10070","stop_code":"10070","stop_name":"Southbound Pembina at Warsaw","routes":"F8"}},{"type":"Feature","geometry":{"type":"Point","coordinates":[-97.2116183585,49.8665414235]},"properties":{"stop_id":"60458","stop_code":"60458","stop_name":"Westbound Corydon at Edgeland","routes":"70, D19"}},{"type":"Feature","geometry":{"type":"Point","coordinates":[-97.1878501798,49.8148190016]},"properties":{"stop_id":"60459","stop_code":"60459","stop_name":"Southbound Dovercourt at Henlow","routes":"642, 690"}},{"type":"Feature","geometry":{"type":"Point","coordinates":[-97.1877059077,49.9409896575]},"properties":{"stop_id":"30657","stop_code":"30657","stop_name":"Eastbound Church at Plymouth East","routes":"332"}},{"type":"Feature","geometry":{"type":"Point","coordinates":[-97.1609879628,49.7881743943]},"properties":{"stop_id":"60454","stop_code":"60454","stop_name":"Westbound Kirkbridge at Marrington","routes":"662, 672"}},{"type":"Feature","geometry":{"type":"Point","coordinates":[-97.207636979,49.8646988349]},"properties":{"stop_id":"60455","stop_code":"60455","stop_name":"Westbound Corydon at Kenaston","routes":"D19"}},{"type":"Feature","geometry":{"type":"Point","coordinates":[-97.1890068657,49.8162313486]},"properties":{"stop_id":"60456","stop_code":"60456","stop_name":"Southbound Dovercourt at Scurfield South","routes":"642, 690"}},{"type":"Feature","geometry":{"type":"Point","coordinates":[-97.2036614122,49.8747116113]},"properties":{"stop_id":"60450","stop_code":"60450","stop_name":"Southbound Kenaston at Academy","routes":"70, 74, 680"}},{"type":"Feature","geometry":{"type":"Point","coordinates":[-97.2082010478,49.8697627583]},"properties":{"stop_id":"60451","stop_code":"60451","stop_name":"Westbound Tuxedo at Doncaster","routes":"70"}},{"type":"Feature","geometry":{"type":"Point","coordinates":[-97.1606174866,49.7880515678]},"properties":{"stop_id":"60452","stop_code":"60452","stop_name":"Eastbound Kirkbridge at Hillmartin","routes":"662, 672"}},{"type":"Feature","geometry":{"type":"Point","coordinates":[-97.2078894583,49.86953306]},"properties":{"stop_id":"60453","stop_code":"60453","stop_name":"Eastbound Tuxedo at Doncaster","routes":"70"}},{"type":"Feature","geometry":{"type":"Point","coordinates":[-97.1473421475,49.9053874689]},"properties":{"stop_id":"10758","stop_code":"10758","stop_name":"Southbound Isabel at Alexander","routes":"D11, F6"}},{"type":"Feature","geometry":{"type":"Point","coordinates":[-97.1468592619,49.9056316006]},"properties":{"stop_id":"10759","stop_code":"10759","stop_name":"Northbound Isabel at Logan","routes":"D11, F6"}},{"type":"Feature","geometry":{"type":"Point","coordinates":[-97.1518003971,49.8991532308]},"properties":{"stop_id":"10750","stop_code":"10750","stop_name":"Southbound Isabel at Notre Dame","routes":"F6"}},{"type":"Feature","geometry":{"type":"Point","coordinates":[-97.151228596,49.8995398811]},"properties":{"stop_id":"10751","stop_code":"10751","stop_name":"Northbound Isabel at Notre Dame","routes":"F6"}},{"type":"Feature","geometry":{"type":"Point","coordinates":[-97.1493237405,49.9020100572]},"properties":{"stop_id":"10754","stop_code":"10754","stop_name":"Northbound Isabel at William","routes":"F6"}},{"type":"Feature","geometry":{"type":"Point","coordinates":[-97.1494264838,49.9022365746]},"properties":{"stop_id":"10755","stop_code":"10755","stop_name":"Southbound Isabel at William","routes":"F6"}},{"type":"Feature","geometry":{"type":"Point","coordinates":[-97.1486083447,49.9035997293]},"properties":{"stop_id":"10756","stop_code":"10756","stop_name":"Southbound Isabel at Ross","routes":"D11, F6"}},{"type":"Feature","geometry":{"type":"Point","coordinates":[-97.1480191038,49.9040760349]},"properties":{"stop_id":"10757","stop_code":"10757","stop_name":"Northbound Isabel at Ross","routes":"D11, F6"}},{"type":"Feature","geometry":{"type":"Point","coordinates":[-97.1556374611,49.8927470145]},"properties":{"stop_id":"10530","stop_code":"10530","stop_name":"Eastbound Ellice at Langside","routes":"D12"}},{"type":"Feature","geometry":{"type":"Point","coordinates":[-97.1558396788,49.8929211412]},"properties":{"stop_id":"10531","stop_code":"10531","stop_name":"Westbound Ellice at Langside","routes":"D12"}},{"type":"Feature","geometry":{"type":"Point","coordinates":[-97.1537673311,49.892861125]},"properties":{"stop_id":"10533","stop_code":"10533","stop_name":"Westbound Ellice at Spence","routes":"D12"}},{"type":"Feature","geometry":{"type":"Point","coordinates":[-97.1520643564,49.8933376741]},"properties":{"stop_id":"10535","stop_code":"10535","stop_name":"Westbound Ellice at Balmoral","routes":"D12"}},{"type":"Feature","geometry":{"type":"Point","coordinates":[-97.1498911187,49.8948231201]},"properties":{"stop_id":"10536","stop_code":"10536","stop_name":"Northbound Kennedy at Qu'Appelle","routes":"D13"}},{"type":"Feature","geometry":{"type":"Point","coordinates":[-97.1629565455,49.8705017707]},"properties":{"stop_id":"11149","stop_code":"11149","stop_name":"Eastbound Grosvenor at Stafford","routes":"D16"}},{"type":"Feature","geometry":{"type":"Point","coordinates":[-97.1700464017,49.9362234769]},"properties":{"stop_id":"30533","stop_code":"30533","stop_name":"Westbound Church at Fife","routes":"332"}},{"type":"Feature","geometry":{"type":"Point","coordinates":[-97.2109987792,49.884063081]},"properties":{"stop_id":"20119","stop_code":"20119","stop_name":"Southbound Berry at Ness","routes":"224"}},{"type":"Feature","geometry":{"type":"Point","coordinates":[-97.2104974642,49.8874554331]},"properties":{"stop_id":"20118","stop_code":"20118","stop_name":"Northbound Berry at Silver","routes":"224"}},{"type":"Feature","geometry":{"type":"Point","coordinates":[-97.3080263195,49.875366406]},"properties":{"stop_id":"20504","stop_code":"20504","stop_name":"Southbound Bedson at Sansome","routes":"885"}},{"type":"Feature","geometry":{"type":"Point","coordinates":[-97.2133276545,49.8877240187]},"properties":{"stop_id":"20115","stop_code":"20115","stop_name":"Eastbound Silver at Parkview","routes":"224"}},{"type":"Feature","geometry":{"type":"Point","coordinates":[-97.2153942473,49.8879357919]},"properties":{"stop_id":"20114","stop_code":"20114","stop_name":"Westbound Silver at Roseberry","routes":"224"}},{"type":"Feature","geometry":{"type":"Point","coordinates":[-97.210991726,49.8876429713]},"properties":{"stop_id":"20117","stop_code":"20117","stop_name":"Eastbound Silver at Berry","routes":"224"}},{"type":"Feature","geometry":{"type":"Point","coordinates":[-97.2177298685,49.8880257403]},"properties":{"stop_id":"20111","stop_code":"20111","stop_name":"Westbound Silver at Ferry","routes":"224"}},{"type":"Feature","geometry":{"type":"Point","coordinates":[-97.2184732861,49.8984623366]},"properties":{"stop_id":"20110","stop_code":"20110","stop_name":"Westbound Sargent at Flight","routes":"224"}},{"type":"Feature","geometry":{"type":"Point","coordinates":[-97.2175122062,49.8878874649]},"properties":{"stop_id":"20112","stop_code":"20112","stop_name":"Eastbound Silver at Ferry","routes":"224"}},{"type":"Feature","geometry":{"type":"Point","coordinates":[-97.0708350173,49.8356309894]},"properties":{"stop_id":"50787","stop_code":"50787","stop_name":"Southbound Island Shore at Huppe","routes":"557"}},{"type":"Feature","geometry":{"type":"Point","coordinates":[-97.1420166647,49.9145849629]},"properties":{"stop_id":"30176","stop_code":"30176","stop_name":"Eastbound Selkirk at Salter","routes":"D17"}},{"type":"Feature","geometry":{"type":"Point","coordinates":[-97.1414120718,49.9143683742]},"properties":{"stop_id":"30177","stop_code":"30177","stop_name":"Northbound Salter at Selkirk","routes":"D11"}},{"type":"Feature","geometry":{"type":"Point","coordinates":[-97.1330755887,49.8293568733]},"properties":{"stop_id":"50395","stop_code":"50395","stop_name":"Northbound River at Kilmarnock","routes":"676"}},{"type":"Feature","geometry":{"type":"Point","coordinates":[-97.1414713102,49.9146391749]},"properties":{"stop_id":"30174","stop_code":"30174","stop_name":"Southbound Salter at Selkirk","routes":"D11"}},{"type":"Feature","geometry":{"type":"Point","coordinates":[-97.1418444245,49.9147171236]},"properties":{"stop_id":"30175","stop_code":"30175","stop_name":"Westbound Selkirk at Salter","routes":"D17"}},{"type":"Feature","geometry":{"type":"Point","coordinates":[-96.997851519,49.8951355593]},"properties":{"stop_id":"40049","stop_code":"40049","stop_name":"Westbound Regent at Wabasha","routes":"FX3"}},{"type":"Feature","geometry":{"type":"Point","coordinates":[-96.9981071907,49.89501405]},"properties":{"stop_id":"40048","stop_code":"40048","stop_name":"Eastbound Regent at Wabasha","routes":"FX3"}},{"type":"Feature","geometry":{"type":"Point","coordinates":[-97.1428606303,49.9121968406]},"properties":{"stop_id":"30178","stop_code":"30178","stop_name":"Northbound Salter at Dufferin","routes":"D11"}},{"type":"Feature","geometry":{"type":"Point","coordinates":[-97.142931378,49.9125307902]},"properties":{"stop_id":"30179","stop_code":"30179","stop_name":"Southbound Salter at Dufferin","routes":"D11"}},{"type":"Feature","geometry":{"type":"Point","coordinates":[-96.9982348451,49.9053876554]},"properties":{"stop_id":"40045","stop_code":"40045","stop_name":"Eastbound McMeans at Wabasha","routes":"48"}},{"type":"Feature","geometry":{"type":"Point","coordinates":[-96.9977139388,49.9055225672]},"properties":{"stop_id":"40044","stop_code":"40044","stop_name":"Westbound McMeans at Wabasha","routes":"48"}},{"type":"Feature","geometry":{"type":"Point","coordinates":[-96.9975926032,49.9007170647]},"properties":{"stop_id":"40047","stop_code":"40047","stop_name":"Eastbound Kildare at Wabasha","routes":"D14"}},{"type":"Feature","geometry":{"type":"Point","coordinates":[-96.9986882674,49.9008259673]},"properties":{"stop_id":"40046","stop_code":"40046","stop_name":"Westbound Kildare at Wabasha","routes":"D14"}},{"type":"Feature","geometry":{"type":"Point","coordinates":[-96.9938160874,49.9007775961]},"properties":{"stop_id":"40041","stop_code":"40041","stop_name":"Eastbound Kildare at Leola","routes":"D14"}},{"type":"Feature","geometry":{"type":"Point","coordinates":[-96.9939921514,49.9008975848]},"properties":{"stop_id":"40040","stop_code":"40040","stop_name":"Westbound Kildare at Leola","routes":"D14"}},{"type":"Feature","geometry":{"type":"Point","coordinates":[-97.139287328,49.9174555083]},"properties":{"stop_id":"30170","stop_code":"30170","stop_name":"Southbound Salter at Burrows","routes":"D11"}},{"type":"Feature","geometry":{"type":"Point","coordinates":[-97.1393161304,49.9170691867]},"properties":{"stop_id":"30171","stop_code":"30171","stop_name":"Northbound Salter at Burrows","routes":"D11"}},{"type":"Feature","geometry":{"type":"Point","coordinates":[-96.9929264934,49.8950322625]},"properties":{"stop_id":"40043","stop_code":"40043","stop_name":"Eastbound Regent at Leola","routes":"FX3"}},{"type":"Feature","geometry":{"type":"Point","coordinates":[-97.2024064865,49.916365811]},"properties":{"stop_id":"20032","stop_code":"20032","stop_name":"Eastbound Notre Dame at Tentler","routes":"74, D16, D18"}},{"type":"Feature","geometry":{"type":"Point","coordinates":[-97.1697224631,49.8796489488]},"properties":{"stop_id":"10226","stop_code":"10226","stop_name":"Northbound Arlington at Wolseley","routes":"28"}},{"type":"Feature","geometry":{"type":"Point","coordinates":[-96.9938960403,49.8951570145]},"properties":{"stop_id":"40042","stop_code":"40042","stop_name":"Westbound Regent at Leola","routes":"FX3"}},{"type":"Feature","geometry":{"type":"Point","coordinates":[-97.0392903823,49.8827840779]},"properties":{"stop_id":"50005","stop_code":"50005","stop_name":"Northbound Durand at De Baets","routes":"887"}},{"type":"Feature","geometry":{"type":"Point","coordinates":[-97.199571872,49.9165466444]},"properties":{"stop_id":"20029","stop_code":"20029","stop_name":"Westbound Notre Dame at St. James","routes":"74, D16, D18"}},{"type":"Feature","geometry":{"type":"Point","coordinates":[-97.206600128,49.9178520373]},"properties":{"stop_id":"20028","stop_code":"20028","stop_name":"Northbound King Edward at Legion","routes":"43, 881, D17"}},{"type":"Feature","geometry":{"type":"Point","coordinates":[-97.1720903729,49.9429749719]},"properties":{"stop_id":"30570","stop_code":"30570","stop_name":"Westbound Inkster at Milner","routes":"334"}},{"type":"Feature","geometry":{"type":"Point","coordinates":[-97.1753683157,49.9440161069]},"properties":{"stop_id":"30571","stop_code":"30571","stop_name":"Westbound Inkster at Sheppard","routes":"334"}},{"type":"Feature","geometry":{"type":"Point","coordinates":[-97.1828548904,49.9458248649]},"properties":{"stop_id":"30576","stop_code":"30576","stop_name":"Eastbound Inkster at Mandalay","routes":"334"}},{"type":"Feature","geometry":{"type":"Point","coordinates":[-97.0426774874,49.9029814618]},"properties":{"stop_id":"40912","stop_code":"40912","stop_name":"Eastbound Transcona at Chelston","routes":"48"}},{"type":"Feature","geometry":{"type":"Point","coordinates":[-97.1789569406,49.9449540947]},"properties":{"stop_id":"30574","stop_code":"30574","stop_name":"Eastbound Inkster at Hutchings","routes":"334"}},{"type":"Feature","geometry":{"type":"Point","coordinates":[-97.1823177394,49.9460233183]},"properties":{"stop_id":"30575","stop_code":"30575","stop_name":"Westbound Inkster at Mandalay","routes":"334"}},{"type":"Feature","geometry":{"type":"Point","coordinates":[-97.2065789691,49.9248047879]},"properties":{"stop_id":"20020","stop_code":"20020","stop_name":"Northbound King Edward at Logan","routes":"43, D17"}},{"type":"Feature","geometry":{"type":"Point","coordinates":[-97.2069311033,49.9216979974]},"properties":{"stop_id":"20023","stop_code":"20023","stop_name":"Southbound King Edward at Elgin","routes":"43, 881, D17"}},{"type":"Feature","geometry":{"type":"Point","coordinates":[-97.1858717854,49.9460340713]},"properties":{"stop_id":"30579","stop_code":"30579","stop_name":"Westbound Inkster at Wyatt","routes":"334"}},{"type":"Feature","geometry":{"type":"Point","coordinates":[-97.2066005976,49.921593935]},"properties":{"stop_id":"20024","stop_code":"20024","stop_name":"Northbound King Edward at Elgin","routes":"43, 881, D17"}},{"type":"Feature","geometry":{"type":"Point","coordinates":[-97.2069309418,49.9179471097]},"properties":{"stop_id":"20027","stop_code":"20027","stop_name":"Southbound King Edward at Legion","routes":"43, 881, D17"}},{"type":"Feature","geometry":{"type":"Point","coordinates":[-97.0911429104,49.9530565368]},"properties":{"stop_id":"30932","stop_code":"30932","stop_name":"Southbound Rivergrove at Grifindale","routes":"31"}},{"type":"Feature","geometry":{"type":"Point","coordinates":[-97.153835017,49.8899927952]},"properties":{"stop_id":"10546","stop_code":"10546","stop_name":"Westbound Portage at Spence (U of W)","routes":"BLUE, F7, FX4"}},{"type":"Feature","geometry":{"type":"Point","coordinates":[-97.024530488,49.8859422351]},"properties":{"stop_id":"40137","stop_code":"40137","stop_name":"Eastbound Dugald at Plessis East","routes":"886, 887"}},{"type":"Feature","geometry":{"type":"Point","coordinates":[-97.024622736,49.8860697416]},"properties":{"stop_id":"40136","stop_code":"40136","stop_name":"Westbound Dugald at Plessis East","routes":"886, 887"}},{"type":"Feature","geometry":{"type":"Point","coordinates":[-97.2119624807,49.9175032072]},"properties":{"stop_id":"20432","stop_code":"20432","stop_name":"Westbound RRC Polytech at RRC Polytech (D17)","routes":"D17"}},{"type":"Feature","geometry":{"type":"Point","coordinates":[-97.0882094623,49.9567230703]},"properties":{"stop_id":"30930","stop_code":"30930","stop_name":"Eastbound Red River at Knotwood","routes":"31"}},{"type":"Feature","geometry":{"type":"Point","coordinates":[-97.3018038238,49.8940386716]},"properties":{"stop_id":"20345","stop_code":"20345","stop_name":"Southbound Cavalier at Hollingsworth","routes":"220, 223"}},{"type":"Feature","geometry":{"type":"Point","coordinates":[-97.0651610138,49.918848968]},"properties":{"stop_id":"40269","stop_code":"40269","stop_name":"Southbound Louelda at Antrim","routes":"330"}},{"type":"Feature","geometry":{"type":"Point","coordinates":[-97.1470294682,49.8924656322]},"properties":{"stop_id":"10543","stop_code":"10543","stop_name":"Westbound Portage at Edmonton (Portage Place)","routes":"BLUE, F7, FX4"}},{"type":"Feature","geometry":{"type":"Point","coordinates":[-97.0795164577,49.9022132862]},"properties":{"stop_id":"40261","stop_code":"40261","stop_name":"Eastbound Talbot at Keenleyside","routes":"D17"}},{"type":"Feature","geometry":{"type":"Point","coordinates":[-97.0788891055,49.9022298614]},"properties":{"stop_id":"40260","stop_code":"40260","stop_name":"Westbound Talbot at Keenleyside","routes":"D17"}},{"type":"Feature","geometry":{"type":"Point","coordinates":[-97.2151998388,49.9362175926]},"properties":{"stop_id":"30710","stop_code":"30710","stop_name":"Eastbound Egesz at Alwood","routes":"336, 833"}},{"type":"Feature","geometry":{"type":"Point","coordinates":[-97.2152954088,49.9351396776]},"properties":{"stop_id":"30711","stop_code":"30711","stop_name":"Westbound Manitoba at Egesz","routes":"336"}},{"type":"Feature","geometry":{"type":"Point","coordinates":[-97.2095295365,49.9335395326]},"properties":{"stop_id":"30716","stop_code":"30716","stop_name":"Westbound Manitoba at Bentley","routes":"336"}},{"type":"Feature","geometry":{"type":"Point","coordinates":[-97.0593603828,49.9255701246]},"properties":{"stop_id":"40264","stop_code":"40264","stop_name":"Westbound McLeod at Louelda","routes":"330, 446, D10"}},{"type":"Feature","geometry":{"type":"Point","coordinates":[-97.062245064,49.9220833902]},"properties":{"stop_id":"40267","stop_code":"40267","stop_name":"Southbound Louelda at Tu Pelo","routes":"330"}},{"type":"Feature","geometry":{"type":"Point","coordinates":[-97.0770405048,49.9410037653]},"properties":{"stop_id":"40594","stop_code":"40594","stop_name":"Northbound Rothesay at Sutton","routes":"442"}},{"type":"Feature","geometry":{"type":"Point","coordinates":[-97.1233443817,49.8817217935]},"properties":{"stop_id":"50202","stop_code":"50202","stop_name":"Northbound Tache at Marion","routes":"888, D16"}},{"type":"Feature","geometry":{"type":"Point","coordinates":[-97.1235342975,49.881491001]},"properties":{"stop_id":"50203","stop_code":"50203","stop_name":"Southbound Tache at Marion","routes":"888"}},{"type":"Feature","geometry":{"type":"Point","coordinates":[-97.1265402843,49.8815127073]},"properties":{"stop_id":"50206","stop_code":"50206","stop_name":"Westbound Goulet at St. Mary's","routes":"D14, D15, D16"}},{"type":"Feature","geometry":{"type":"Point","coordinates":[-97.1287143481,49.8814489288]},"properties":{"stop_id":"50207","stop_code":"50207","stop_name":"Southbound St Mary's at Marion","routes":"FX2"}},{"type":"Feature","geometry":{"type":"Point","coordinates":[-97.1233112004,49.879346561]},"properties":{"stop_id":"50204","stop_code":"50204","stop_name":"Southbound Tache at Eugenie","routes":"888"}},{"type":"Feature","geometry":{"type":"Point","coordinates":[-97.1231247782,49.8794874592]},"properties":{"stop_id":"50205","stop_code":"50205","stop_name":"Northbound Tache at Eugenie","routes":"888"}},{"type":"Feature","geometry":{"type":"Point","coordinates":[-97.3115681905,49.8959264632]},"properties":{"stop_id":"20335","stop_code":"20335","stop_name":"Eastbound Lumsden at Galbraith","routes":"220, 223"}},{"type":"Feature","geometry":{"type":"Point","coordinates":[-97.3130792233,49.8961193878]},"properties":{"stop_id":"20334","stop_code":"20334","stop_name":"Westbound Lumsden at Sabine","routes":"220, 223"}},{"type":"Feature","geometry":{"type":"Point","coordinates":[-97.309324047,49.895992664]},"properties":{"stop_id":"20337","stop_code":"20337","stop_name":"Westbound Lumsden at Lake Ridge West","routes":"220, 223"}},{"type":"Feature","geometry":{"type":"Point","coordinates":[-97.3121722587,49.89138386]},"properties":{"stop_id":"20331","stop_code":"20331","stop_name":"Westbound Hamilton at Redfern","routes":"D15"}},{"type":"Feature","geometry":{"type":"Point","coordinates":[-97.31285916,49.891249952]},"properties":{"stop_id":"20332","stop_code":"20332","stop_name":"Eastbound Hamilton at Knox","routes":"D15"}},{"type":"Feature","geometry":{"type":"Point","coordinates":[-97.1943959281,49.7917049625]},"properties":{"stop_id":"62104","stop_code":"62104","stop_name":"Westbound South Town at Kenaston","routes":"678"}},{"type":"Feature","geometry":{"type":"Point","coordinates":[-97.1995764934,49.7943852791]},"properties":{"stop_id":"62105","stop_code":"62105","stop_name":"Westbound Bison at Park West","routes":"678"}},{"type":"Feature","geometry":{"type":"Point","coordinates":[-97.1800498107,49.7967063607]},"properties":{"stop_id":"62100","stop_code":"62100","stop_name":"Northbound Frontier at Joe Keeper","routes":"678"}},{"type":"Feature","geometry":{"type":"Point","coordinates":[-97.1819109528,49.7989574152]},"properties":{"stop_id":"62101","stop_code":"62101","stop_name":"Northbound Frontier at Cadboro","routes":"678"}},{"type":"Feature","geometry":{"type":"Point","coordinates":[-97.1801771608,49.7966453979]},"properties":{"stop_id":"62102","stop_code":"62102","stop_name":"Southbound Frontier at Joe Keeper","routes":"678"}},{"type":"Feature","geometry":{"type":"Point","coordinates":[-97.187390448,49.7928907234]},"properties":{"stop_id":"62103","stop_code":"62103","stop_name":"Westbound Joe Keeper at Ruth","routes":"678"}},{"type":"Feature","geometry":{"type":"Point","coordinates":[-97.1409297615,49.951168035]},"properties":{"stop_id":"30378","stop_code":"30378","stop_name":"Eastbound Leila at Garden Park","routes":"D10, FX2"}},{"type":"Feature","geometry":{"type":"Point","coordinates":[-97.1456006686,49.9518725703]},"properties":{"stop_id":"30379","stop_code":"30379","stop_name":"Southbound Garden City Hub at Garden City Hub (F5)","routes":"F5"}},{"type":"Feature","geometry":{"type":"Point","coordinates":[-97.0398325554,49.9460107038]},"properties":{"stop_id":"40861","stop_code":"40861","stop_name":"Eastbound Headmaster at Mitchelson","routes":"442"}},{"type":"Feature","geometry":{"type":"Point","coordinates":[-97.0392790199,49.9459113806]},"properties":{"stop_id":"40860","stop_code":"40860","stop_name":"Westbound Headmaster at Sunkist","routes":"442"}},{"type":"Feature","geometry":{"type":"Point","coordinates":[-97.0859499122,49.9461975856]},"properties":{"stop_id":"40865","stop_code":"40865","stop_name":"Eastbound Whellams at Henderson","routes":"446"}},{"type":"Feature","geometry":{"type":"Point","coordinates":[-96.9799360434,49.9003382692]},"properties":{"stop_id":"40688","stop_code":"40688","stop_name":"Southbound Redonda at Kildare","routes":"48, 444"}},{"type":"Feature","geometry":{"type":"Point","coordinates":[-97.0676824658,49.9157158288]},"properties":{"stop_id":"40687","stop_code":"40687","stop_name":"Southbound Louelda at Kimberly","routes":"330"}},{"type":"Feature","geometry":{"type":"Point","coordinates":[-97.0496069243,49.9131459379]},"properties":{"stop_id":"40869","stop_code":"40869","stop_name":"Westbound Concordia at Reg Wyatt West","routes":"442"}},{"type":"Feature","geometry":{"type":"Point","coordinates":[-97.1239817321,49.9503550181]},"properties":{"stop_id":"30373","stop_code":"30373","stop_name":"Eastbound Templeton at McGregor","routes":"F6"}},{"type":"Feature","geometry":{"type":"Point","coordinates":[-97.0820277457,49.9491370133]},"properties":{"stop_id":"40682","stop_code":"40682","stop_name":"Northbound Henderson at Douglas","routes":"F8"}},{"type":"Feature","geometry":{"type":"Point","coordinates":[-97.1456531852,49.9526829554]},"properties":{"stop_id":"30376","stop_code":"30376","stop_name":"Eastbound Leila at Garden City","routes":"D10"}},{"type":"Feature","geometry":{"type":"Point","coordinates":[-97.1452473007,49.9523616328]},"properties":{"stop_id":"30377","stop_code":"30377","stop_name":"Northbound Garden City Hub at Garden Hub (334)","routes":"334"}},{"type":"Feature","geometry":{"type":"Point","coordinates":[-97.1106420119,49.907564808]},"properties":{"stop_id":"40467","stop_code":"40467","stop_name":"Eastbound Talbot at Stadacona","routes":"D17"}},{"type":"Feature","geometry":{"type":"Point","coordinates":[-97.175322106,49.943763521]},"properties":{"stop_id":"30572","stop_code":"30572","stop_name":"Eastbound Inkster at Sheppard","routes":"334"}},{"type":"Feature","geometry":{"type":"Point","coordinates":[-97.209632418,49.9311394826]},"properties":{"stop_id":"31029","stop_code":"31029","stop_name":"Eastbound Selkirk at Bentley","routes":"D17"}},{"type":"Feature","geometry":{"type":"Point","coordinates":[-97.1302671914,49.9291565936]},"properties":{"stop_id":"31028","stop_code":"31028","stop_name":"Southbound Salter at Inkster","routes":"D11"}},{"type":"Feature","geometry":{"type":"Point","coordinates":[-97.1107616645,49.9077106812]},"properties":{"stop_id":"40463","stop_code":"40463","stop_name":"Westbound Talbot at Stadacona","routes":"330, 886, 887, D17"}},{"type":"Feature","geometry":{"type":"Point","coordinates":[-97.0592678922,49.9296073502]},"properties":{"stop_id":"40462","stop_code":"40462","stop_name":"Northbound Brunswick at Red Oak","routes":"43"}},{"type":"Feature","geometry":{"type":"Point","coordinates":[-97.107543478,49.9070194705]},"properties":{"stop_id":"40461","stop_code":"40461","stop_name":"Eastbound Talbot at Allan","routes":"330"}},{"type":"Feature","geometry":{"type":"Point","coordinates":[-97.1799671266,49.945518665]},"properties":{"stop_id":"30573","stop_code":"30573","stop_name":"Westbound Inkster at Hutchings","routes":"334"}},{"type":"Feature","geometry":{"type":"Point","coordinates":[-97.1296812817,49.929533915]},"properties":{"stop_id":"31023","stop_code":"31023","stop_name":"Northbound Salter at Inkster","routes":"D11"}},{"type":"Feature","geometry":{"type":"Point","coordinates":[-97.195663061,49.9563152831]},"properties":{"stop_id":"31022","stop_code":"31022","stop_name":"Eastbound Waterford Green at Dr. Jose Rizal","routes":"74, 884, D10"}},{"type":"Feature","geometry":{"type":"Point","coordinates":[-97.1719611678,49.9327636837]},"properties":{"stop_id":"31021","stop_code":"31021","stop_name":"Southbound Fife at Mountain","routes":"332"}},{"type":"Feature","geometry":{"type":"Point","coordinates":[-97.1714455089,49.9331333296]},"properties":{"stop_id":"31020","stop_code":"31020","stop_name":"Northbound Fife at Mountain","routes":"332"}},{"type":"Feature","geometry":{"type":"Point","coordinates":[-97.1201144803,49.9440587914]},"properties":{"stop_id":"31027","stop_code":"31027","stop_name":"Southbound Salter at Leila","routes":"D11"}},{"type":"Feature","geometry":{"type":"Point","coordinates":[-97.1197709184,49.9467966785]},"properties":{"stop_id":"31026","stop_code":"31026","stop_name":"Southbound Salter at Cork","routes":"D11"}},{"type":"Feature","geometry":{"type":"Point","coordinates":[-97.1193564296,49.9470597966]},"properties":{"stop_id":"31025","stop_code":"31025","stop_name":"Northbound Salter at Cork","routes":"D11"}},{"type":"Feature","geometry":{"type":"Point","coordinates":[-97.1202877345,49.9449790908]},"properties":{"stop_id":"31024","stop_code":"31024","stop_name":"Northbound Salter at Leila","routes":"D11"}},{"type":"Feature","geometry":{"type":"Point","coordinates":[-97.1556025734,49.9455019763]},"properties":{"stop_id":"30396","stop_code":"30396","stop_name":"Westbound Jefferson at McPhillips West","routes":"37, 334"}},{"type":"Feature","geometry":{"type":"Point","coordinates":[-97.1753407986,49.9443754702]},"properties":{"stop_id":"31049","stop_code":"31049","stop_name":"Northbound Sheppard at Inkster","routes":"38"}},{"type":"Feature","geometry":{"type":"Point","coordinates":[-97.0434811486,49.9423124915]},"properties":{"stop_id":"40667","stop_code":"40667","stop_name":"Westbound Ragsdill at Mitchelson","routes":"442"}},{"type":"Feature","geometry":{"type":"Point","coordinates":[-97.1529449823,49.9475644338]},"properties":{"stop_id":"30395","stop_code":"30395","stop_name":"Southbound McPhillips at Stardust","routes":"F5"}},{"type":"Feature","geometry":{"type":"Point","coordinates":[-97.1590039814,49.9465905174]},"properties":{"stop_id":"30392","stop_code":"30392","stop_name":"Westbound Jefferson at Watson","routes":"37, 334"}},{"type":"Feature","geometry":{"type":"Point","coordinates":[-97.1503798307,49.9504828257]},"properties":{"stop_id":"30393","stop_code":"30393","stop_name":"Southbound McPhillips at Kingsbury","routes":"F5"}},{"type":"Feature","geometry":{"type":"Point","coordinates":[-97.1608620766,49.9494084689]},"properties":{"stop_id":"30390","stop_code":"30390","stop_name":"Northbound Pipeline at Blechner","routes":"38"}},{"type":"Feature","geometry":{"type":"Point","coordinates":[-97.0675466041,49.9030844904]},"properties":{"stop_id":"40662","stop_code":"40662","stop_name":"Westbound Reenders at Lagimodiere West","routes":"D17"}},{"type":"Feature","geometry":{"type":"Point","coordinates":[-97.0293129784,49.9001191252]},"properties":{"stop_id":"40913","stop_code":"40913","stop_name":"Eastbound Transcona at Bienvenu","routes":"48"}},{"type":"Feature","geometry":{"type":"Point","coordinates":[-97.0789876014,49.9148245736]},"properties":{"stop_id":"40669","stop_code":"40669","stop_name":"Southbound London at Fleming","routes":"330"}},{"type":"Feature","geometry":{"type":"Point","coordinates":[-97.0636302454,49.911852202]},"properties":{"stop_id":"40668","stop_code":"40668","stop_name":"Eastbound Concordia at Molson","routes":"442"}},{"type":"Feature","geometry":{"type":"Point","coordinates":[-97.1528054975,49.9472024115]},"properties":{"stop_id":"30398","stop_code":"30398","stop_name":"Northbound McPhillips at Stardust","routes":"F5"}},{"type":"Feature","geometry":{"type":"Point","coordinates":[-97.1545314604,49.9450801397]},"properties":{"stop_id":"30399","stop_code":"30399","stop_name":"Westbound Jefferson at McPhillips East","routes":"37"}},{"type":"Feature","geometry":{"type":"Point","coordinates":[-97.1224317351,49.8237695894]},"properties":{"stop_id":"50448","stop_code":"50448","stop_name":"Eastbound Riel at Metz","routes":"556"}},{"type":"Feature","geometry":{"type":"Point","coordinates":[-97.1231872938,49.8236469199]},"properties":{"stop_id":"50449","stop_code":"50449","stop_name":"Westbound Riel at Metz","routes":"556"}},{"type":"Feature","geometry":{"type":"Point","coordinates":[-97.0466194661,49.9043433466]},"properties":{"stop_id":"40911","stop_code":"40911","stop_name":"Eastbound Transcona at Peguis","routes":"48"}},{"type":"Feature","geometry":{"type":"Point","coordinates":[-97.054051146,49.8445789808]},"properties":{"stop_id":"50338","stop_code":"50338","stop_name":"Westbound Capston at Cliffwood","routes":"556"}},{"type":"Feature","geometry":{"type":"Point","coordinates":[-97.0575304723,49.8448803111]},"properties":{"stop_id":"50336","stop_code":"50336","stop_name":"Northbound Newcroft at Shamrock","routes":"556"}},{"type":"Feature","geometry":{"type":"Point","coordinates":[-97.1369641895,49.8931496163]},"properties":{"stop_id":"11060","stop_code":"11060","stop_name":"Northbound Main at Graham (Portage and Main)","routes":"FX2, FX3"}},{"type":"Feature","geometry":{"type":"Point","coordinates":[-97.0607337286,49.8458245611]},"properties":{"stop_id":"50334","stop_code":"50334","stop_name":"Westbound Shamrock at Cliffwood","routes":"556"}},{"type":"Feature","geometry":{"type":"Point","coordinates":[-97.0432078943,49.903296263]},"properties":{"stop_id":"40910","stop_code":"40910","stop_name":"Westbound Transcona at Veteran's Way","routes":"48"}},{"type":"Feature","geometry":{"type":"Point","coordinates":[-97.0637150138,49.8457125742]},"properties":{"stop_id":"50332","stop_code":"50332","stop_name":"Eastbound Shamrock at Beaverhill","routes":"556"}},{"type":"Feature","geometry":{"type":"Point","coordinates":[-97.059584625,49.8456883601]},"properties":{"stop_id":"50333","stop_code":"50333","stop_name":"Eastbound Shamrock at Cliffwood","routes":"556"}},{"type":"Feature","geometry":{"type":"Point","coordinates":[-97.0643407118,49.8464156695]},"properties":{"stop_id":"50330","stop_code":"50330","stop_name":"Southbound Beaverhill at Courtwood","routes":"557"}},{"type":"Feature","geometry":{"type":"Point","coordinates":[-97.0637794902,49.8458395853]},"properties":{"stop_id":"50331","stop_code":"50331","stop_name":"Westbound Shamrock at Beaverhill","routes":"556"}},{"type":"Feature","geometry":{"type":"Point","coordinates":[-97.1402259858,49.7984567936]},"properties":{"stop_id":"60079","stop_code":"60079","stop_name":"Eastbound Silverstone at Tunis","routes":"662, 671, 672"}},{"type":"Feature","geometry":{"type":"Point","coordinates":[-97.0636729742,49.939296801]},"properties":{"stop_id":"40572","stop_code":"40572","stop_name":"Eastbound Donwood at Edelweiss East","routes":"446"}},{"type":"Feature","geometry":{"type":"Point","coordinates":[-97.2005542288,49.9410460903]},"properties":{"stop_id":"30662","stop_code":"30662","stop_name":"Southbound Dexter at Raber","routes":"332"}},{"type":"Feature","geometry":{"type":"Point","coordinates":[-97.2040525402,49.8799257796]},"properties":{"stop_id":"20200","stop_code":"20200","stop_name":"Westbound Portage at Century","routes":"22, 70, 74, 224, 680, D16"}},{"type":"Feature","geometry":{"type":"Point","coordinates":[-97.1009859595,49.851610357]},"properties":{"stop_id":"50534","stop_code":"50534","stop_name":"Northbound St Anne's at Fernwood","routes":"F7"}},{"type":"Feature","geometry":{"type":"Point","coordinates":[-97.101648538,49.8520979688]},"properties":{"stop_id":"50535","stop_code":"50535","stop_name":"Southbound St Anne's at Fernwood","routes":"F7"}},{"type":"Feature","geometry":{"type":"Point","coordinates":[-97.1992150027,49.8812448546]},"properties":{"stop_id":"10827","stop_code":"10827","stop_name":"Southbound Polo Park at Polo Park Hub (22)","routes":"22"}},{"type":"Feature","geometry":{"type":"Point","coordinates":[-97.0995963152,49.8497975167]},"properties":{"stop_id":"50532","stop_code":"50532","stop_name":"Northbound St Anne's at Clayton","routes":"F7"}},{"type":"Feature","geometry":{"type":"Point","coordinates":[-97.099967099,49.8499205416]},"properties":{"stop_id":"50533","stop_code":"50533","stop_name":"Southbound St Anne's at Barton","routes":"F7"}},{"type":"Feature","geometry":{"type":"Point","coordinates":[-97.1798612407,49.9642263975]},"properties":{"stop_id":"30954","stop_code":"30954","stop_name":"Northbound Strasbourg at Basel","routes":"336"}},{"type":"Feature","geometry":{"type":"Point","coordinates":[-97.1801283984,49.9641676313]},"properties":{"stop_id":"30955","stop_code":"30955","stop_name":"Southbound Strasbourg at Leila","routes":"336"}},{"type":"Feature","geometry":{"type":"Point","coordinates":[-97.1842179471,49.9651762792]},"properties":{"stop_id":"30956","stop_code":"30956","stop_name":"Westbound Leila at Sava","routes":"336"}},{"type":"Feature","geometry":{"type":"Point","coordinates":[-97.1840153301,49.9650021998]},"properties":{"stop_id":"30957","stop_code":"30957","stop_name":"Eastbound Leila at Dunham","routes":"336"}},{"type":"Feature","geometry":{"type":"Point","coordinates":[-97.1789583545,49.9674593596]},"properties":{"stop_id":"30950","stop_code":"30950","stop_name":"Southbound Strasbourg at Thorn","routes":"336"}},{"type":"Feature","geometry":{"type":"Point","coordinates":[-97.1787799137,49.9677533851]},"properties":{"stop_id":"30951","stop_code":"30951","stop_name":"Northbound Strasbourg at Thorn","routes":"336"}},{"type":"Feature","geometry":{"type":"Point","coordinates":[-97.1789827016,49.9657057395]},"properties":{"stop_id":"30952","stop_code":"30952","stop_name":"Southbound Strasbourg at Morava","routes":"336"}},{"type":"Feature","geometry":{"type":"Point","coordinates":[-97.1787410319,49.9658278681]},"properties":{"stop_id":"30953","stop_code":"30953","stop_name":"Northbound Strasbourg at Tessler","routes":"336"}},{"type":"Feature","geometry":{"type":"Point","coordinates":[-97.0847093566,49.8836165589]},"properties":{"stop_id":"50029","stop_code":"50029","stop_name":"Southbound Dawson at Panet North","routes":"886, 887"}},{"type":"Feature","geometry":{"type":"Point","coordinates":[-97.0658561571,49.9126180144]},"properties":{"stop_id":"40236","stop_code":"40236","stop_name":"Eastbound Concordia at Concordia Hospital","routes":"442"}},{"type":"Feature","geometry":{"type":"Point","coordinates":[-97.0736744432,49.8733589157]},"properties":{"stop_id":"50020","stop_code":"50020","stop_name":"Northbound Speers at Maginot","routes":"551, F9"}},{"type":"Feature","geometry":{"type":"Point","coordinates":[-97.0728790778,49.8737594497]},"properties":{"stop_id":"50021","stop_code":"50021","stop_name":"Westbound Maginot at Speers","routes":"551, F9"}},{"type":"Feature","geometry":{"type":"Point","coordinates":[-97.0825949749,49.8818185144]},"properties":{"stop_id":"50026","stop_code":"50026","stop_name":"Eastbound Marion at Dawson","routes":"551, D14"}},{"type":"Feature","geometry":{"type":"Point","coordinates":[-97.0828393285,49.8819754786]},"properties":{"stop_id":"50027","stop_code":"50027","stop_name":"Westbound Marion at Dawson","routes":"551, D14"}},{"type":"Feature","geometry":{"type":"Point","coordinates":[-97.2784544982,49.8846180165]},"properties":{"stop_id":"20294","stop_code":"20294","stop_name":"Northbound Sturgeon at Caron","routes":"883"}},{"type":"Feature","geometry":{"type":"Point","coordinates":[-97.2098075913,49.8323233435]},"properties":{"stop_id":"61261","stop_code":"61261","stop_name":"Southbound Kenaston at Commerce","routes":"74"}},{"type":"Feature","geometry":{"type":"Point","coordinates":[-97.1756118443,49.8563458487]},"properties":{"stop_id":"60990","stop_code":"60990","stop_name":"Southbound Cambridge at Grant North","routes":"680"}},{"type":"Feature","geometry":{"type":"Point","coordinates":[-97.177203507,49.8277216511]},"properties":{"stop_id":"60993","stop_code":"60993","stop_name":"Westbound Clarence at Waverley East","routes":"690"}},{"type":"Feature","geometry":{"type":"Point","coordinates":[-97.1765768014,49.8277477584]},"properties":{"stop_id":"60992","stop_code":"60992","stop_name":"Eastbound Clarence at Waverley East","routes":"690"}},{"type":"Feature","geometry":{"type":"Point","coordinates":[-97.2172396957,49.8453909134]},"properties":{"stop_id":"60995","stop_code":"60995","stop_name":"Northbound Outlet Collection at Outlet Collection","routes":"664"}},{"type":"Feature","geometry":{"type":"Point","coordinates":[-97.1656425392,49.8271431889]},"properties":{"stop_id":"60994","stop_code":"60994","stop_name":"Westbound Chevrier at Hamelin East","routes":"649, 691, 694"}},{"type":"Feature","geometry":{"type":"Point","coordinates":[-97.1583107095,49.9289494024]},"properties":{"stop_id":"30470","stop_code":"30470","stop_name":"Westbound Mountain at Airlies","routes":"38"}},{"type":"Feature","geometry":{"type":"Point","coordinates":[-97.2097640417,49.8504476686]},"properties":{"stop_id":"60849","stop_code":"60849","stop_name":"Eastbound Taylor at Kenaston West","routes":"664"}},{"type":"Feature","geometry":{"type":"Point","coordinates":[-97.2129323887,49.8505416043]},"properties":{"stop_id":"60848","stop_code":"60848","stop_name":"Eastbound Taylor at Morpeth","routes":"664"}},{"type":"Feature","geometry":{"type":"Point","coordinates":[-97.215822347,49.8506401571]},"properties":{"stop_id":"60847","stop_code":"60847","stop_name":"Southbound Portsmouth at Taylor","routes":"664"}},{"type":"Feature","geometry":{"type":"Point","coordinates":[-97.1677408025,49.9316085937]},"properties":{"stop_id":"30477","stop_code":"30477","stop_name":"Eastbound Mountain at McPhillips West","routes":"38, 336"}},{"type":"Feature","geometry":{"type":"Point","coordinates":[-97.2146067309,49.8522944863]},"properties":{"stop_id":"60845","stop_code":"60845","stop_name":"Southbound Swindon at Swindon South","routes":"664"}},{"type":"Feature","geometry":{"type":"Point","coordinates":[-97.2144851828,49.8540826196]},"properties":{"stop_id":"60844","stop_code":"60844","stop_name":"Southbound Swindon at Swindon North","routes":"664"}},{"type":"Feature","geometry":{"type":"Point","coordinates":[-97.2164344786,49.8544185025]},"properties":{"stop_id":"60843","stop_code":"60843","stop_name":"Eastbound Swindon at Ramsgate","routes":"664"}},{"type":"Feature","geometry":{"type":"Point","coordinates":[-97.2175080687,49.8528429227]},"properties":{"stop_id":"60842","stop_code":"60842","stop_name":"Northbound Portsmouth at Coleraine","routes":"664"}},{"type":"Feature","geometry":{"type":"Point","coordinates":[-97.2167353737,49.8519135295]},"properties":{"stop_id":"60841","stop_code":"60841","stop_name":"Northbound Portsmouth at Swindon","routes":"664"}},{"type":"Feature","geometry":{"type":"Point","coordinates":[-97.2157018482,49.8508901602]},"properties":{"stop_id":"60840","stop_code":"60840","stop_name":"Northbound Portsmouth at Taylor","routes":"664"}},{"type":"Feature","geometry":{"type":"Point","coordinates":[-97.1043981471,49.8934574536]},"properties":{"stop_id":"50156","stop_code":"50156","stop_name":"Southbound Archibald at Plinguet","routes":"551, 886, 887"}},{"type":"Feature","geometry":{"type":"Point","coordinates":[-97.105587156,49.8958066368]},"properties":{"stop_id":"50157","stop_code":"50157","stop_name":"Southbound Archibald at Provencher","routes":"551, 886, 887"}},{"type":"Feature","geometry":{"type":"Point","coordinates":[-97.1029975643,49.8901153332]},"properties":{"stop_id":"50154","stop_code":"50154","stop_name":"Southbound Archibald at Messier North","routes":"551"}},{"type":"Feature","geometry":{"type":"Point","coordinates":[-97.1036559049,49.8925008156]},"properties":{"stop_id":"50155","stop_code":"50155","stop_name":"Northbound Archibald at Plinguet","routes":"551"}},{"type":"Feature","geometry":{"type":"Point","coordinates":[-97.1920412651,49.8418607718]},"properties":{"stop_id":"61001","stop_code":"61001","stop_name":"Southbound Lindenwood at Wellesley","routes":"641"}},{"type":"Feature","geometry":{"type":"Point","coordinates":[-97.1919906919,49.841725056]},"properties":{"stop_id":"61002","stop_code":"61002","stop_name":"Northbound Lindenwood at Wellesley","routes":"641"}},{"type":"Feature","geometry":{"type":"Point","coordinates":[-97.052325997,49.9089280532]},"properties":{"stop_id":"41038","stop_code":"41038","stop_name":"Westbound Prairie Crocus at Angela Everts","routes":"442"}},{"type":"Feature","geometry":{"type":"Point","coordinates":[-97.2022601918,49.824722462]},"properties":{"stop_id":"61009","stop_code":"61009","stop_name":"Southbound Lindenwood East Access at Safeway","routes":"74, 641"}},{"type":"Feature","geometry":{"type":"Point","coordinates":[-97.1740700081,49.8285897509]},"properties":{"stop_id":"60201","stop_code":"60201","stop_name":"Eastbound Clarence at MCI","routes":"690"}},{"type":"Feature","geometry":{"type":"Point","coordinates":[-97.0643641664,49.9540421945]},"properties":{"stop_id":"40610","stop_code":"40610","stop_name":"Northbound Rothesay at Bonner","routes":"442"}},{"type":"Feature","geometry":{"type":"Point","coordinates":[-97.168914813,49.8303342985]},"properties":{"stop_id":"60203","stop_code":"60203","stop_name":"Eastbound Clarence at Hamelin","routes":"690"}},{"type":"Feature","geometry":{"type":"Point","coordinates":[-97.1719149649,49.8293203103]},"properties":{"stop_id":"60202","stop_code":"60202","stop_name":"Eastbound Clarence at Hamelin West","routes":"690"}},{"type":"Feature","geometry":{"type":"Point","coordinates":[-97.1798798779,49.8301384768]},"properties":{"stop_id":"60205","stop_code":"60205","stop_name":"Northbound Waverley at McGillivray","routes":"679"}},{"type":"Feature","geometry":{"type":"Point","coordinates":[-97.1802312992,49.8296672642]},"properties":{"stop_id":"60204","stop_code":"60204","stop_name":"Southbound Waverley at McGillivray","routes":"679"}},{"type":"Feature","geometry":{"type":"Point","coordinates":[-97.1808245753,49.8338682963]},"properties":{"stop_id":"60207","stop_code":"60207","stop_name":"Southbound Waverley at Hennessey","routes":"679"}},{"type":"Feature","geometry":{"type":"Point","coordinates":[-97.1717908999,49.8344545419]},"properties":{"stop_id":"60206","stop_code":"60206","stop_name":"Northbound Hamelin at Sony","routes":"690"}},{"type":"Feature","geometry":{"type":"Point","coordinates":[-97.1800418085,49.8336041272]},"properties":{"stop_id":"60209","stop_code":"60209","stop_name":"Westbound Buffalo at Waverley","routes":"650"}},{"type":"Feature","geometry":{"type":"Point","coordinates":[-97.1806003796,49.8331721514]},"properties":{"stop_id":"60208","stop_code":"60208","stop_name":"Northbound Waverley at Buffalo","routes":"650, 679"}},{"type":"Feature","geometry":{"type":"Point","coordinates":[-97.0836086307,49.9395115517]},"properties":{"stop_id":"40555","stop_code":"40555","stop_name":"Westbound Edison at Roch","routes":"330, 442"}},{"type":"Feature","geometry":{"type":"Point","coordinates":[-97.0852690487,49.9134444549]},"properties":{"stop_id":"40344","stop_code":"40344","stop_name":"Eastbound Munroe at Grey","routes":"38"}},{"type":"Feature","geometry":{"type":"Point","coordinates":[-97.0611814147,49.9551852815]},"properties":{"stop_id":"40613","stop_code":"40613","stop_name":"Eastbound Headmaster at Bunn's","routes":"442"}},{"type":"Feature","geometry":{"type":"Point","coordinates":[-97.0816348016,49.9179717603]},"properties":{"stop_id":"40342","stop_code":"40342","stop_name":"Eastbound Concordia at Grey","routes":"442"}},{"type":"Feature","geometry":{"type":"Point","coordinates":[-97.0853047579,49.9135979613]},"properties":{"stop_id":"40343","stop_code":"40343","stop_name":"Westbound Munroe at Grey","routes":"38"}},{"type":"Feature","geometry":{"type":"Point","coordinates":[-97.0982502065,49.9056888263]},"properties":{"stop_id":"40340","stop_code":"40340","stop_name":"Westbound Talbot at Eaton","routes":"330, D17"}},{"type":"Feature","geometry":{"type":"Point","coordinates":[-97.0986149155,49.9056228568]},"properties":{"stop_id":"40341","stop_code":"40341","stop_name":"Eastbound Talbot at Eaton","routes":"330, D17"}},{"type":"Feature","geometry":{"type":"Point","coordinates":[-97.2152055529,49.9349314101]},"properties":{"stop_id":"30712","stop_code":"30712","stop_name":"Eastbound Manitoba at Egesz","routes":"336, 833"}},{"type":"Feature","geometry":{"type":"Point","coordinates":[-97.2005410779,49.8878857823]},"properties":{"stop_id":"10811","stop_code":"10811","stop_name":"Eastbound Maroons at St. James","routes":"74"}},{"type":"Feature","geometry":{"type":"Point","coordinates":[-97.1524834006,49.8568335055]},"properties":{"stop_id":"10817","stop_code":"10817","stop_name":"Southbound Stafford at Pembina","routes":"889, D11"}},{"type":"Feature","geometry":{"type":"Point","coordinates":[-97.1658417013,49.801654201]},"properties":{"stop_id":"61265","stop_code":"61265","stop_name":"Eastbound Bison at Barnes","routes":"74"}},{"type":"Feature","geometry":{"type":"Point","coordinates":[-97.1611999746,49.8801075564]},"properties":{"stop_id":"10815","stop_code":"10815","stop_name":"Southbound Maryland at Misericordia Health Centre","routes":"28, 889, D11"}},{"type":"Feature","geometry":{"type":"Point","coordinates":[-97.1614015944,49.8014667935]},"properties":{"stop_id":"61267","stop_code":"61267","stop_name":"Eastbound Bison at Pembina","routes":"74"}},{"type":"Feature","geometry":{"type":"Point","coordinates":[-97.1653815726,49.8024294822]},"properties":{"stop_id":"61268","stop_code":"61268","stop_name":"Northbound Markham at Bison","routes":"662"}},{"type":"Feature","geometry":{"type":"Point","coordinates":[-97.1996559699,49.9041888936]},"properties":{"stop_id":"10818","stop_code":"10818","stop_name":"Northbound St James at Costco","routes":"74"}},{"type":"Feature","geometry":{"type":"Point","coordinates":[-97.0864576228,49.9442900427]},"properties":{"stop_id":"40591","stop_code":"40591","stop_name":"Eastbound Sutton at Henderson","routes":"446"}},{"type":"Feature","geometry":{"type":"Point","coordinates":[-97.1288213585,49.9197154836]},"properties":{"stop_id":"30076","stop_code":"30076","stop_name":"Northbound Main at Mountain","routes":"31, FX2"}},{"type":"Feature","geometry":{"type":"Point","coordinates":[-97.0702331674,49.8374739568]},"properties":{"stop_id":"50786","stop_code":"50786","stop_name":"Southbound Island Shore at Charbonneau","routes":"557"}},{"type":"Feature","geometry":{"type":"Point","coordinates":[-97.102812804,49.8902112508]},"properties":{"stop_id":"50153","stop_code":"50153","stop_name":"Northbound Archibald at Messier North","routes":"551"}},{"type":"Feature","geometry":{"type":"Point","coordinates":[-97.0596271031,49.9255206251]},"properties":{"stop_id":"40265","stop_code":"40265","stop_name":"Eastbound McLeod at Louelda","routes":"330, 446, D10"}},{"type":"Feature","geometry":{"type":"Point","coordinates":[-97.1505445059,49.8912085696]},"properties":{"stop_id":"10545","stop_code":"10545","stop_name":"Westbound Portage at Colony","routes":"BLUE, F7, FX4"}},{"type":"Feature","geometry":{"type":"Point","coordinates":[-97.2041273946,49.8092169569]},"properties":{"stop_id":"60900","stop_code":"60900","stop_name":"Westbound Columbia at Westmoreland","routes":"649, 650"}},{"type":"Feature","geometry":{"type":"Point","coordinates":[-97.1464533904,49.9325650717]},"properties":{"stop_id":"30300","stop_code":"30300","stop_name":"Southbound Arlington at Atlantic","routes":"28"}},{"type":"Feature","geometry":{"type":"Point","coordinates":[-97.2126691509,49.9338039089]},"properties":{"stop_id":"30714","stop_code":"30714","stop_name":"Westbound Manitoba at Walsall","routes":"336"}},{"type":"Feature","geometry":{"type":"Point","coordinates":[-97.2175105284,49.857313481]},"properties":{"stop_id":"60514","stop_code":"60514","stop_name":"Eastbound Grant at Portsmouth","routes":"FX3"}},{"type":"Feature","geometry":{"type":"Point","coordinates":[-97.2238755959,49.857132476]},"properties":{"stop_id":"60517","stop_code":"60517","stop_name":"Eastbound Grant at Kelvin","routes":"FX3"}},{"type":"Feature","geometry":{"type":"Point","coordinates":[-97.2098963126,49.933419274]},"properties":{"stop_id":"30715","stop_code":"30715","stop_name":"Eastbound Manitoba at Bentley","routes":"336, 833"}},{"type":"Feature","geometry":{"type":"Point","coordinates":[-97.1949463602,49.840044141]},"properties":{"stop_id":"60511","stop_code":"60511","stop_name":"Northbound Lindenwood at Tweedsmuir","routes":"641"}},{"type":"Feature","geometry":{"type":"Point","coordinates":[-97.2170986648,49.8575410082]},"properties":{"stop_id":"60513","stop_code":"60513","stop_name":"Westbound Grant at Portsmouth","routes":"FX3"}},{"type":"Feature","geometry":{"type":"Point","coordinates":[-97.0926552767,49.8381155819]},"properties":{"stop_id":"50516","stop_code":"50516","stop_name":"Northbound St Anne's at Abinojii Mikanah","routes":"F7"}},{"type":"Feature","geometry":{"type":"Point","coordinates":[-97.2223195317,49.8786785728]},"properties":{"stop_id":"20209","stop_code":"20209","stop_name":"Westbound Portage at Amherst","routes":"22"}},{"type":"Feature","geometry":{"type":"Point","coordinates":[-97.1946048836,49.8283002625]},"properties":{"stop_id":"60905","stop_code":"60905","stop_name":"Northbound Lindenwood at Wethersfield","routes":"642"}},{"type":"Feature","geometry":{"type":"Point","coordinates":[-97.1605084972,49.8066967589]},"properties":{"stop_id":"60191","stop_code":"60191","stop_name":"Eastbound Markham at Chancellor East","routes":"662"}},{"type":"Feature","geometry":{"type":"Point","coordinates":[-97.1579178221,49.8075730465]},"properties":{"stop_id":"60190","stop_code":"60190","stop_name":"Eastbound Markham at Gull Lake","routes":"662"}},{"type":"Feature","geometry":{"type":"Point","coordinates":[-97.1927695619,49.8499317061]},"properties":{"stop_id":"60192","stop_code":"60192","stop_name":"Westbound Taylor at Campbell","routes":"664"}},{"type":"Feature","geometry":{"type":"Point","coordinates":[-97.1784490624,49.815292058]},"properties":{"stop_id":"60195","stop_code":"60195","stop_name":"Northbound Waverley at Abinojii Mikanah","routes":"679"}},{"type":"Feature","geometry":{"type":"Point","coordinates":[-97.1790888828,49.8156529369]},"properties":{"stop_id":"60194","stop_code":"60194","stop_name":"Southbound Waverley at Abinojii Mikanah","routes":"679"}},{"type":"Feature","geometry":{"type":"Point","coordinates":[-97.1795200565,49.8226848885]},"properties":{"stop_id":"60197","stop_code":"60197","stop_name":"Southbound Waverley at Chevrier","routes":"679"}},{"type":"Feature","geometry":{"type":"Point","coordinates":[-97.1791163601,49.8223277286]},"properties":{"stop_id":"60196","stop_code":"60196","stop_name":"Northbound Waverley at Chevrier","routes":"679, 690"}},{"type":"Feature","geometry":{"type":"Point","coordinates":[-97.1794017788,49.8269466981]},"properties":{"stop_id":"60199","stop_code":"60199","stop_name":"Northbound Waverley at Clarence","routes":"679, 690"}},{"type":"Feature","geometry":{"type":"Point","coordinates":[-97.1797956062,49.8268269621]},"properties":{"stop_id":"60198","stop_code":"60198","stop_name":"Southbound Waverley at Clarence","routes":"679"}},{"type":"Feature","geometry":{"type":"Point","coordinates":[-97.1851186157,49.9323230079]},"properties":{"stop_id":"30667","stop_code":"30667","stop_name":"Eastbound Burrows at Gilbert","routes":"336, 833, D17"}},{"type":"Feature","geometry":{"type":"Point","coordinates":[-97.2196031138,49.8787357741]},"properties":{"stop_id":"20208","stop_code":"20208","stop_name":"Westbound Portage at Inglewood","routes":"22, BLUE"}},{"type":"Feature","geometry":{"type":"Point","coordinates":[-97.1732659418,49.9144705524]},"properties":{"stop_id":"10321","stop_code":"10321","stop_name":"Eastbound Logan at Yeomans","routes":"43"}},{"type":"Feature","geometry":{"type":"Point","coordinates":[-97.1755576069,49.9153881913]},"properties":{"stop_id":"10320","stop_code":"10320","stop_name":"Westbound Logan at Winks","routes":"43"}},{"type":"Feature","geometry":{"type":"Point","coordinates":[-97.1708079637,49.9139010439]},"properties":{"stop_id":"10323","stop_code":"10323","stop_name":"Westbound Logan at McPhillips","routes":"43"}},{"type":"Feature","geometry":{"type":"Point","coordinates":[-97.2604955641,49.9024473803]},"properties":{"stop_id":"20611","stop_code":"20611","stop_name":"Northbound Moray at Saskatchewan","routes":"883"}},{"type":"Feature","geometry":{"type":"Point","coordinates":[-97.166907797,49.9124271515]},"properties":{"stop_id":"10325","stop_code":"10325","stop_name":"Eastbound Logan at Maude","routes":"28, 43"}},{"type":"Feature","geometry":{"type":"Point","coordinates":[-97.1700579378,49.9134754238]},"properties":{"stop_id":"10324","stop_code":"10324","stop_name":"Eastbound Logan at McPhillips","routes":"28, 43"}},{"type":"Feature","geometry":{"type":"Point","coordinates":[-97.2002833777,49.9011763417]},"properties":{"stop_id":"10327","stop_code":"10327","stop_name":"Eastbound Wellington at St James","routes":"D13"}},{"type":"Feature","geometry":{"type":"Point","coordinates":[-97.1673274204,49.9127486183]},"properties":{"stop_id":"10326","stop_code":"10326","stop_name":"Westbound Logan at Maude","routes":"28, 43"}},{"type":"Feature","geometry":{"type":"Point","coordinates":[-97.1623729043,49.9111679279]},"properties":{"stop_id":"10329","stop_code":"10329","stop_name":"Westbound Logan at Arlington","routes":"43"}},{"type":"Feature","geometry":{"type":"Point","coordinates":[-97.2490391687,49.8853822304]},"properties":{"stop_id":"20140","stop_code":"20140","stop_name":"Westbound Ness at Strathmillan","routes":"D15"}},{"type":"Feature","geometry":{"type":"Point","coordinates":[-97.1298565152,49.9196062787]},"properties":{"stop_id":"30079","stop_code":"30079","stop_name":"Eastbound Mountain at Main","routes":"38"}},{"type":"Feature","geometry":{"type":"Point","coordinates":[-97.2543911439,49.8855979693]},"properties":{"stop_id":"20141","stop_code":"20141","stop_name":"Westbound Ness at Whytewold","routes":"220, D15"}},{"type":"Feature","geometry":{"type":"Point","coordinates":[-97.2606234798,49.8961798473]},"properties":{"stop_id":"20146","stop_code":"20146","stop_name":"Northbound Saulteaux at Saulteaux A","routes":"883"}},{"type":"Feature","geometry":{"type":"Point","coordinates":[-97.1748640277,49.8071219809]},"properties":{"stop_id":"61155","stop_code":"61155","stop_name":"Westbound Arbour Meadow at Bridgeland","routes":"74, 676, 678"}},{"type":"Feature","geometry":{"type":"Point","coordinates":[-97.1947266101,49.828392112]},"properties":{"stop_id":"60906","stop_code":"60906","stop_name":"Southbound Lindenwood at Wethersfield","routes":"642"}},{"type":"Feature","geometry":{"type":"Point","coordinates":[-97.2064957229,49.8605704389]},"properties":{"stop_id":"60429","stop_code":"60429","stop_name":"Southbound Kenaston at Carpathia South","routes":"74"}},{"type":"Feature","geometry":{"type":"Point","coordinates":[-97.2098836958,49.8980240224]},"properties":{"stop_id":"20144","stop_code":"20144","stop_name":"Eastbound Sargent at Berry","routes":"224"}},{"type":"Feature","geometry":{"type":"Point","coordinates":[-97.1336676545,49.9208461193]},"properties":{"stop_id":"30116","stop_code":"30116","stop_name":"Eastbound Mountain at Aikins","routes":"38"}},{"type":"Feature","geometry":{"type":"Point","coordinates":[-97.2067757433,49.8541343454]},"properties":{"stop_id":"60421","stop_code":"60421","stop_name":"Northbound Kenaston at Boulton North","routes":"74"}},{"type":"Feature","geometry":{"type":"Point","coordinates":[-97.2070995403,49.8540314211]},"properties":{"stop_id":"60420","stop_code":"60420","stop_name":"Southbound Kenaston at Boulton North","routes":"74"}},{"type":"Feature","geometry":{"type":"Point","coordinates":[-97.2068803029,49.8561958247]},"properties":{"stop_id":"60423","stop_code":"60423","stop_name":"Southbound Kenaston at Grant South","routes":"74"}},{"type":"Feature","geometry":{"type":"Point","coordinates":[-97.2065266096,49.8567300461]},"properties":{"stop_id":"60422","stop_code":"60422","stop_name":"Northbound Kenaston at Grant South","routes":"74"}},{"type":"Feature","geometry":{"type":"Point","coordinates":[-97.1584826297,49.7890250636]},"properties":{"stop_id":"60425","stop_code":"60425","stop_name":"Westbound Kirkbridge at Pembina West","routes":"662, 672"}},{"type":"Feature","geometry":{"type":"Point","coordinates":[-97.2075823483,49.8571511749]},"properties":{"stop_id":"60424","stop_code":"60424","stop_name":"Eastbound Grant at Kenaston West","routes":"FX3"}},{"type":"Feature","geometry":{"type":"Point","coordinates":[-97.2063965765,49.8579873336]},"properties":{"stop_id":"60427","stop_code":"60427","stop_name":"Northbound Kenaston at Grant North","routes":"74"}},{"type":"Feature","geometry":{"type":"Point","coordinates":[-97.2047399826,49.857260041]},"properties":{"stop_id":"60426","stop_code":"60426","stop_name":"Westbound Grant at Kenaston East","routes":"FX3"}},{"type":"Feature","geometry":{"type":"Point","coordinates":[-97.054962674,49.908477658]},"properties":{"stop_id":"41039","stop_code":"41039","stop_name":"Southbound Philip Lee at Golden Boy","routes":"442"}},{"type":"Feature","geometry":{"type":"Point","coordinates":[-97.1477898943,49.8642333856]},"properties":{"stop_id":"10078","stop_code":"10078","stop_name":"Southbound Pembina at Grant","routes":"F8"}},{"type":"Feature","geometry":{"type":"Point","coordinates":[-97.1201281896,49.8914112437]},"properties":{"stop_id":"50178","stop_code":"50178","stop_name":"Southbound Aulneau at Masson","routes":"888"}},{"type":"Feature","geometry":{"type":"Point","coordinates":[-97.065101098,49.8959825001]},"properties":{"stop_id":"40777","stop_code":"40777","stop_name":"Southbound Crossroads Station Access at Regent South","routes":"440"}},{"type":"Feature","geometry":{"type":"Point","coordinates":[-97.1622002817,49.7829404882]},"properties":{"stop_id":"60683","stop_code":"60683","stop_name":"Westbound Kirkbridge at Allendale","routes":"662, 672"}},{"type":"Feature","geometry":{"type":"Point","coordinates":[-97.1454060818,49.9522202568]},"properties":{"stop_id":"30780","stop_code":"30780","stop_name":"Northbound Garden City Hub at Garden City Hub (332)","routes":"332"}},{"type":"Feature","geometry":{"type":"Point","coordinates":[-97.0496651721,49.8788935817]},"properties":{"stop_id":"51079","stop_code":"51079","stop_name":"Southbound Mazenod at Twin Lakes","routes":"887"}},{"type":"Feature","geometry":{"type":"Point","coordinates":[-97.1565320039,49.8623220794]},"properties":{"stop_id":"10782","stop_code":"10782","stop_name":"Westbound Grant at Stafford","routes":"FX3"}},{"type":"Feature","geometry":{"type":"Point","coordinates":[-97.1528113176,49.8635580478]},"properties":{"stop_id":"10781","stop_code":"10781","stop_name":"Westbound Grant at Lilac","routes":"FX3"}},{"type":"Feature","geometry":{"type":"Point","coordinates":[-97.1398149341,49.8613709897]},"properties":{"stop_id":"10039","stop_code":"10039","stop_name":"Southbound Daly at Kylemore","routes":"895"}},{"type":"Feature","geometry":{"type":"Point","coordinates":[-97.1519470359,49.8635982216]},"properties":{"stop_id":"10786","stop_code":"10786","stop_name":"Eastbound Grant at Lilac","routes":"FX3"}},{"type":"Feature","geometry":{"type":"Point","coordinates":[-97.2176669694,49.8908671801]},"properties":{"stop_id":"20108","stop_code":"20108","stop_name":"Northbound Ferry at St. Matthews","routes":"224"}},{"type":"Feature","geometry":{"type":"Point","coordinates":[-97.2148428491,49.8983524491]},"properties":{"stop_id":"20109","stop_code":"20109","stop_name":"Westbound Sargent at Ferry East","routes":"224"}},{"type":"Feature","geometry":{"type":"Point","coordinates":[-97.1378888536,49.8640565279]},"properties":{"stop_id":"10035","stop_code":"10035","stop_name":"Westbound Morley at Nassau","routes":"557, 895"}},{"type":"Feature","geometry":{"type":"Point","coordinates":[-97.2178389331,49.8914904795]},"properties":{"stop_id":"20107","stop_code":"20107","stop_name":"Southbound Ferry at St. Matthews","routes":"224"}},{"type":"Feature","geometry":{"type":"Point","coordinates":[-97.1682095381,49.9041723743]},"properties":{"stop_id":"10789","stop_code":"10789","stop_name":"Eastbound Notre Dame at Arlington","routes":"D16, F5"}},{"type":"Feature","geometry":{"type":"Point","coordinates":[-97.138408004,49.9001349885]},"properties":{"stop_id":"10788","stop_code":"10788","stop_name":"Eastbound James at Main","routes":"D16, D18, F8"}},{"type":"Feature","geometry":{"type":"Point","coordinates":[-97.2151352625,49.8945790763]},"properties":{"stop_id":"20102","stop_code":"20102","stop_name":"Eastbound Ellice at Roseberry","routes":"224"}},{"type":"Feature","geometry":{"type":"Point","coordinates":[-97.1293095266,49.8667696181]},"properties":{"stop_id":"10030","stop_code":"10030","stop_name":"Eastbound Morley at Casey","routes":"895"}},{"type":"Feature","geometry":{"type":"Point","coordinates":[-97.2127430024,49.8945061925]},"properties":{"stop_id":"20100","stop_code":"20100","stop_name":"Eastbound Ellice at Marjorie","routes":"224"}},{"type":"Feature","geometry":{"type":"Point","coordinates":[-97.2927779503,49.8815019786]},"properties":{"stop_id":"20239","stop_code":"20239","stop_name":"Eastbound Portage at Westwood","routes":"22, 220, 885"}},{"type":"Feature","geometry":{"type":"Point","coordinates":[-97.1788412663,49.8229890362]},"properties":{"stop_id":"60735","stop_code":"60735","stop_name":"Southbound Gamble at Chevrier","routes":"690"}},{"type":"Feature","geometry":{"type":"Point","coordinates":[-97.1856363423,49.8453855481]},"properties":{"stop_id":"60734","stop_code":"60734","stop_name":"Westbound Victor Lewis at Sterling Lyon","routes":"641"}},{"type":"Feature","geometry":{"type":"Point","coordinates":[-97.1575308011,49.7958012466]},"properties":{"stop_id":"60736","stop_code":"60736","stop_name":"Southbound Pembina at Dalhousie North","routes":"BLUE"}},{"type":"Feature","geometry":{"type":"Point","coordinates":[-97.1858644934,49.8452362085]},"properties":{"stop_id":"60731","stop_code":"60731","stop_name":"Eastbound Victor Lewis at Sterling Lyon","routes":"641"}},{"type":"Feature","geometry":{"type":"Point","coordinates":[-97.1995823861,49.9506645216]},"properties":{"stop_id":"30787","stop_code":"30787","stop_name":"Westbound Garton at Inkster Garden","routes":"74, 332"}},{"type":"Feature","geometry":{"type":"Point","coordinates":[-97.1836175291,49.8439506543]},"properties":{"stop_id":"60733","stop_code":"60733","stop_name":"Westbound Victor Lewis at Avon Gate","routes":"641"}},{"type":"Feature","geometry":{"type":"Point","coordinates":[-97.183751065,49.8437278736]},"properties":{"stop_id":"60732","stop_code":"60732","stop_name":"Eastbound Victor Lewis at Avon Gate","routes":"641"}},{"type":"Feature","geometry":{"type":"Point","coordinates":[-97.0551795224,49.8365652642]},"properties":{"stop_id":"51072","stop_code":"51072","stop_name":"Northbound De La Seigneurie at Pynoo","routes":"557"}},{"type":"Feature","geometry":{"type":"Point","coordinates":[-97.1984135224,49.9543432449]},"properties":{"stop_id":"30786","stop_code":"30786","stop_name":"Westbound Garton at Mount Auburn","routes":"74, 332"}},{"type":"Feature","geometry":{"type":"Point","coordinates":[-97.1637044311,49.7784308119]},"properties":{"stop_id":"60738","stop_code":"60738","stop_name":"Northbound Bairdmore at Brentlawn","routes":"662"}},{"type":"Feature","geometry":{"type":"Point","coordinates":[-97.0579999991,49.8387175079]},"properties":{"stop_id":"51073","stop_code":"51073","stop_name":"Southbound Desjardins at De La Seigneurie","routes":"557"}},{"type":"Feature","geometry":{"type":"Point","coordinates":[-97.2940689826,49.8819977375]},"properties":{"stop_id":"20235","stop_code":"20235","stop_name":"Westbound Portage at Parkhill","routes":"22, 220"}},{"type":"Feature","geometry":{"type":"Point","coordinates":[-96.9793338936,49.9067502974]},"properties":{"stop_id":"41055","stop_code":"41055","stop_name":"Southbound Redonda at Bramwell","routes":"444"}},{"type":"Feature","geometry":{"type":"Point","coordinates":[-97.1971090199,49.7919811428]},"properties":{"stop_id":"61233","stop_code":"61233","stop_name":"Northbound Centre at Park West North","routes":"671, 676, 678"}},{"type":"Feature","geometry":{"type":"Point","coordinates":[-96.9792016895,49.9035816957]},"properties":{"stop_id":"41057","stop_code":"41057","stop_name":"Southbound Redonda at St. Martin","routes":"444"}},{"type":"Feature","geometry":{"type":"Point","coordinates":[-96.9791716923,49.9052992461]},"properties":{"stop_id":"41056","stop_code":"41056","stop_name":"Southbound Redonda at McMeans","routes":"444"}},{"type":"Feature","geometry":{"type":"Point","coordinates":[-97.0156509279,49.8933462429]},"properties":{"stop_id":"41051","stop_code":"41051","stop_name":"Eastbound Pandora at Hoka","routes":"444"}},{"type":"Feature","geometry":{"type":"Point","coordinates":[-97.1534051424,49.857837672]},"properties":{"stop_id":"10378","stop_code":"10378","stop_name":"Eastbound Taylor at Stafford","routes":"664"}},{"type":"Feature","geometry":{"type":"Point","coordinates":[-97.0274169149,49.903244111]},"properties":{"stop_id":"40058","stop_code":"40058","stop_name":"Southbound Kildonan Meadow at Dawnville","routes":"440"}},{"type":"Feature","geometry":{"type":"Point","coordinates":[-96.9790102337,49.9034973962]},"properties":{"stop_id":"41052","stop_code":"41052","stop_name":"Northbound Redonda at St. Martin","routes":"444"}},{"type":"Feature","geometry":{"type":"Point","coordinates":[-97.1251093901,49.9353157069]},"properties":{"stop_id":"30143","stop_code":"30143","stop_name":"Northbound Salter at Jefferson","routes":"D11"}},{"type":"Feature","geometry":{"type":"Point","coordinates":[-97.2784148057,49.8794723302]},"properties":{"stop_id":"20230","stop_code":"20230","stop_name":"Westbound Portage at Sturgeon","routes":"22"}},{"type":"Feature","geometry":{"type":"Point","coordinates":[-97.1254631264,49.9355373136]},"properties":{"stop_id":"30141","stop_code":"30141","stop_name":"Eastbound Jefferson at Salter","routes":"37"}},{"type":"Feature","geometry":{"type":"Point","coordinates":[-97.1251194501,49.9357746136]},"properties":{"stop_id":"30140","stop_code":"30140","stop_name":"Southbound Salter at Jefferson","routes":"D11"}},{"type":"Feature","geometry":{"type":"Point","coordinates":[-97.1690660864,49.9234801317]},"properties":{"stop_id":"30495","stop_code":"30495","stop_name":"Westbound Selkirk at McPhillips","routes":"D17"}},{"type":"Feature","geometry":{"type":"Point","coordinates":[-97.0315280558,49.9048882446]},"properties":{"stop_id":"40053","stop_code":"40053","stop_name":"Southbound Kildonan Meadow at Sunway","routes":"440"}},{"type":"Feature","geometry":{"type":"Point","coordinates":[-97.1268190558,49.9332745327]},"properties":{"stop_id":"30145","stop_code":"30145","stop_name":"Northbound Salter at Rupertsland","routes":"D11"}},{"type":"Feature","geometry":{"type":"Point","coordinates":[-97.0750169416,49.9015448737]},"properties":{"stop_id":"40244","stop_code":"40244","stop_name":"Westbound Talbot at Stapleton","routes":"D17"}},{"type":"Feature","geometry":{"type":"Point","coordinates":[-97.1818383811,49.9006183072]},"properties":{"stop_id":"10259","stop_code":"10259","stop_name":"Eastbound Wellington at Wall","routes":"224"}},{"type":"Feature","geometry":{"type":"Point","coordinates":[-97.1813465289,49.9007365118]},"properties":{"stop_id":"10258","stop_code":"10258","stop_name":"Westbound Wellington at Wall","routes":"224"}},{"type":"Feature","geometry":{"type":"Point","coordinates":[-97.0242976043,49.8933502478]},"properties":{"stop_id":"41050","stop_code":"41050","stop_name":"Eastbound Pandora at Plessis","routes":"444"}},{"type":"Feature","geometry":{"type":"Point","coordinates":[-97.1878781532,49.8977536513]},"properties":{"stop_id":"10251","stop_code":"10251","stop_name":"Northbound Valour at Sargent","routes":"224"}},{"type":"Feature","geometry":{"type":"Point","coordinates":[-97.1693661978,49.8257449493]},"properties":{"stop_id":"61237","stop_code":"61237","stop_name":"Eastbound Chevrier at Hamelin","routes":"649, 691"}},{"type":"Feature","geometry":{"type":"Point","coordinates":[-97.1876695796,49.9007187279]},"properties":{"stop_id":"10253","stop_code":"10253","stop_name":"Northbound Valour at Wellington","routes":"224"}},{"type":"Feature","geometry":{"type":"Point","coordinates":[-97.1878830618,49.9005961398]},"properties":{"stop_id":"10252","stop_code":"10252","stop_name":"Southbound Valour at Wellington","routes":"224"}},{"type":"Feature","geometry":{"type":"Point","coordinates":[-97.1834796592,49.9006710551]},"properties":{"stop_id":"10257","stop_code":"10257","stop_name":"Eastbound Wellington at Erin","routes":"224"}},{"type":"Feature","geometry":{"type":"Point","coordinates":[-97.1773087186,49.8230728488]},"properties":{"stop_id":"61236","stop_code":"61236","stop_name":"Eastbound Chevrier at Gamble","routes":"691"}},{"type":"Feature","geometry":{"type":"Point","coordinates":[-97.050621671,49.9315039622]},"properties":{"stop_id":"40900","stop_code":"40900","stop_name":"Eastbound Springfield at Springfield Loop","routes":"442"}},{"type":"Feature","geometry":{"type":"Point","coordinates":[-97.0449580898,49.9316513251]},"properties":{"stop_id":"40901","stop_code":"40901","stop_name":"Southbound De Vries at Springfield","routes":"442"}},{"type":"Feature","geometry":{"type":"Point","coordinates":[-97.0447492066,49.9316477974]},"properties":{"stop_id":"40902","stop_code":"40902","stop_name":"Northbound De Vries at Springfield","routes":"442"}},{"type":"Feature","geometry":{"type":"Point","coordinates":[-97.0494779238,49.9021877529]},"properties":{"stop_id":"40903","stop_code":"40903","stop_name":"Southbound Peguis at El Tassi","routes":"48, 442, 444, 446"}},{"type":"Feature","geometry":{"type":"Point","coordinates":[-97.0488159764,49.9027163019]},"properties":{"stop_id":"40904","stop_code":"40904","stop_name":"Northbound Peguis at Ivybridge","routes":"48, 444, 446"}},{"type":"Feature","geometry":{"type":"Point","coordinates":[-97.2944554725,49.8654977487]},"properties":{"stop_id":"20369","stop_code":"20369","stop_name":"Westbound Assiniboine at Carroll","routes":"885"}},{"type":"Feature","geometry":{"type":"Point","coordinates":[-97.1796138976,49.9301137992]},"properties":{"stop_id":"30548","stop_code":"30548","stop_name":"Eastbound Burrows at Lawrence","routes":"336, 833, D17"}},{"type":"Feature","geometry":{"type":"Point","coordinates":[-97.1803639251,49.9305483495]},"properties":{"stop_id":"30547","stop_code":"30547","stop_name":"Westbound Burrows at Lawrence","routes":"336, 833, D17"}},{"type":"Feature","geometry":{"type":"Point","coordinates":[-97.0290826242,49.9003041003]},"properties":{"stop_id":"40909","stop_code":"40909","stop_name":"Westbound Transcona at Bienvenu","routes":"48"}},{"type":"Feature","geometry":{"type":"Point","coordinates":[-97.12821995,49.9068249149]},"properties":{"stop_id":"30545","stop_code":"30545","stop_name":"Westbound Euclid at Argyle","routes":"31, D17"}},{"type":"Feature","geometry":{"type":"Point","coordinates":[-97.2023865465,49.9165274103]},"properties":{"stop_id":"20031","stop_code":"20031","stop_name":"Westbound Notre Dame at Tentler","routes":"74, D16, D18"}},{"type":"Feature","geometry":{"type":"Point","coordinates":[-97.1767481259,49.929250173]},"properties":{"stop_id":"30543","stop_code":"30543","stop_name":"Eastbound Burrows at Shaughnessy","routes":"336, 833, D17"}},{"type":"Feature","geometry":{"type":"Point","coordinates":[-97.1775256269,49.9296941695]},"properties":{"stop_id":"30542","stop_code":"30542","stop_name":"Westbound Burrows at Shaughnessy","routes":"336, 833, D17"}},{"type":"Feature","geometry":{"type":"Point","coordinates":[-97.2065867109,49.9170872603]},"properties":{"stop_id":"20034","stop_code":"20034","stop_name":"Northbound King Edward at Notre Dame","routes":"43, 881, D17"}},{"type":"Feature","geometry":{"type":"Point","coordinates":[-97.1740791157,49.9283446032]},"properties":{"stop_id":"30540","stop_code":"30540","stop_name":"Eastbound Burrows at McNichol","routes":"332, 336, 833, D17"}},{"type":"Feature","geometry":{"type":"Point","coordinates":[-97.0250535637,49.8952971016]},"properties":{"stop_id":"40120","stop_code":"40120","stop_name":"Westbound Regent at Plessis","routes":"FX3"}},{"type":"Feature","geometry":{"type":"Point","coordinates":[-97.024755878,49.8950851338]},"properties":{"stop_id":"40121","stop_code":"40121","stop_name":"Eastbound Regent at Plessis","routes":"FX3"}},{"type":"Feature","geometry":{"type":"Point","coordinates":[-97.0252018778,49.890981972]},"properties":{"stop_id":"40127","stop_code":"40127","stop_name":"Northbound Plessis at Kernaghan","routes":"D14"}},{"type":"Feature","geometry":{"type":"Point","coordinates":[-97.1979872778,49.7956468404]},"properties":{"stop_id":"61232","stop_code":"61232","stop_name":"Northbound Centre at Cooper's Town","routes":"74, 676"}},{"type":"Feature","geometry":{"type":"Point","coordinates":[-97.0255427596,49.895593292]},"properties":{"stop_id":"40128","stop_code":"40128","stop_name":"Southbound Plessis at Regent","routes":"440, 444, D14"}},{"type":"Feature","geometry":{"type":"Point","coordinates":[-97.1740441814,49.9060365514]},"properties":{"stop_id":"10412","stop_code":"10412","stop_name":"Eastbound Notre Dame at Sherburn","routes":"D16, D18"}},{"type":"Feature","geometry":{"type":"Point","coordinates":[-97.1916906499,49.8292622106]},"properties":{"stop_id":"60888","stop_code":"60888","stop_name":"Northbound Lindenwood at Farmingdale","routes":"642"}},{"type":"Feature","geometry":{"type":"Point","coordinates":[-97.1408998244,49.8947240513]},"properties":{"stop_id":"10541","stop_code":"10541","stop_name":"Westbound Portage at Garry","routes":"BLUE, F7, FX4"}},{"type":"Feature","geometry":{"type":"Point","coordinates":[-97.1516207673,49.9176980355]},"properties":{"stop_id":"30277","stop_code":"30277","stop_name":"Eastbound Selkirk at McKenzie","routes":"D17"}},{"type":"Feature","geometry":{"type":"Point","coordinates":[-97.0699287463,49.9142331374]},"properties":{"stop_id":"40272","stop_code":"40272","stop_name":"Westbound Concordia at Louelda","routes":"330, 442"}},{"type":"Feature","geometry":{"type":"Point","coordinates":[-97.0663191156,49.9174111194]},"properties":{"stop_id":"40270","stop_code":"40270","stop_name":"Southbound Louelda at Green Valley","routes":"330"}},{"type":"Feature","geometry":{"type":"Point","coordinates":[-97.1512838794,49.9177646167]},"properties":{"stop_id":"30276","stop_code":"30276","stop_name":"Westbound Selkirk at McKenzie","routes":"D17"}},{"type":"Feature","geometry":{"type":"Point","coordinates":[-97.0746912244,49.9100757714]},"properties":{"stop_id":"40276","stop_code":"40276","stop_name":"Westbound Munroe at Byars","routes":"38"}},{"type":"Feature","geometry":{"type":"Point","coordinates":[-97.0744628259,49.9098650862]},"properties":{"stop_id":"40277","stop_code":"40277","stop_name":"Eastbound Munroe at Byars","routes":"38"}},{"type":"Feature","geometry":{"type":"Point","coordinates":[-97.1838221761,49.9567958312]},"properties":{"stop_id":"30617","stop_code":"30617","stop_name":"Northbound Mandalay at Anglia","routes":"332"}},{"type":"Feature","geometry":{"type":"Point","coordinates":[-97.11120198,49.8832423489]},"properties":{"stop_id":"50235","stop_code":"50235","stop_name":"Southbound Des Meurons at Goulet","routes":"F7"}},{"type":"Feature","geometry":{"type":"Point","coordinates":[-97.1107775196,49.8816343005]},"properties":{"stop_id":"50234","stop_code":"50234","stop_name":"Northbound Des Meurons at Marion","routes":"F7"}},{"type":"Feature","geometry":{"type":"Point","coordinates":[-97.110973336,49.8816105112]},"properties":{"stop_id":"50233","stop_code":"50233","stop_name":"Southbound Des Meurons at Marion","routes":"F7"}},{"type":"Feature","geometry":{"type":"Point","coordinates":[-97.1104815022,49.877806565]},"properties":{"stop_id":"50230","stop_code":"50230","stop_name":"Southbound Des Meurons at Dubuc","routes":"F7"}},{"type":"Feature","geometry":{"type":"Point","coordinates":[-97.305685647,49.8921346496]},"properties":{"stop_id":"20327","stop_code":"20327","stop_name":"Westbound Hamilton at Chapman East","routes":"D15"}},{"type":"Feature","geometry":{"type":"Point","coordinates":[-97.0498123243,49.9128885413]},"properties":{"stop_id":"40868","stop_code":"40868","stop_name":"Eastbound Concordia at Reg Wyatt West","routes":"442"}},{"type":"Feature","geometry":{"type":"Point","coordinates":[-97.2952434347,49.8929168568]},"properties":{"stop_id":"20322","stop_code":"20322","stop_name":"Eastbound Hamilton at Rogan","routes":"220"}},{"type":"Feature","geometry":{"type":"Point","coordinates":[-97.2960284338,49.8931622784]},"properties":{"stop_id":"20321","stop_code":"20321","stop_name":"Westbound Hamilton at Rogan","routes":"220"}},{"type":"Feature","geometry":{"type":"Point","coordinates":[-97.3060989742,49.8918618551]},"properties":{"stop_id":"20328","stop_code":"20328","stop_name":"Eastbound Hamilton at Chapman East","routes":"D15"}},{"type":"Feature","geometry":{"type":"Point","coordinates":[-97.0657120573,49.8392424747]},"properties":{"stop_id":"50784","stop_code":"50784","stop_name":"Southbound Island Shore at Waterfront","routes":"557"}},{"type":"Feature","geometry":{"type":"Point","coordinates":[-97.0394965952,49.919262708]},"properties":{"stop_id":"40698","stop_code":"40698","stop_name":"Southbound McLellan at Concordia","routes":"446"}},{"type":"Feature","geometry":{"type":"Point","coordinates":[-97.1167571899,49.9114783363]},"properties":{"stop_id":"40681","stop_code":"40681","stop_name":"Northbound Henderson at Dearborn","routes":"F8"}},{"type":"Feature","geometry":{"type":"Point","coordinates":[-96.9638970714,49.8956135834]},"properties":{"stop_id":"40874","stop_code":"40874","stop_name":"Eastbound Edmund Gale at Desrosiers","routes":"48"}},{"type":"Feature","geometry":{"type":"Point","coordinates":[-97.047108888,49.9425626353]},"properties":{"stop_id":"40691","stop_code":"40691","stop_name":"Eastbound Ragsdill at Clearview","routes":"442"}},{"type":"Feature","geometry":{"type":"Point","coordinates":[-96.9631444036,49.8989375493]},"properties":{"stop_id":"40876","stop_code":"40876","stop_name":"Northbound Edmund Gale at Chadwick","routes":"48"}},{"type":"Feature","geometry":{"type":"Point","coordinates":[-96.9627898895,49.8984275794]},"properties":{"stop_id":"40877","stop_code":"40877","stop_name":"Southbound Edmund Gale at Chadwick","routes":"48"}},{"type":"Feature","geometry":{"type":"Point","coordinates":[-97.0540522309,49.9227914998]},"properties":{"stop_id":"40694","stop_code":"40694","stop_name":"Westbound Grassie at Molson","routes":"446, D10"}},{"type":"Feature","geometry":{"type":"Point","coordinates":[-97.0451967252,49.9223094868]},"properties":{"stop_id":"40695","stop_code":"40695","stop_name":"Eastbound Grassie at Pearn","routes":"446"}},{"type":"Feature","geometry":{"type":"Point","coordinates":[-97.041990217,49.9213288042]},"properties":{"stop_id":"40696","stop_code":"40696","stop_name":"Southbound McLellan at Williamson","routes":"446"}},{"type":"Feature","geometry":{"type":"Point","coordinates":[-96.9685980728,49.8947517043]},"properties":{"stop_id":"40873","stop_code":"40873","stop_name":"Southbound Ravenhurst at Edmund Gale","routes":"D14"}},{"type":"Feature","geometry":{"type":"Point","coordinates":[-97.1122573425,49.9065027611]},"properties":{"stop_id":"40470","stop_code":"40470","stop_name":"Westbound Nairn at Stadacona","routes":"FX3"}},{"type":"Feature","geometry":{"type":"Point","coordinates":[-97.1126671891,49.9067073341]},"properties":{"stop_id":"40472","stop_code":"40472","stop_name":"Southbound Stadacona at Nairn","routes":"43, D17"}},{"type":"Feature","geometry":{"type":"Point","coordinates":[-97.1034618193,49.9095252541]},"properties":{"stop_id":"40473","stop_code":"40473","stop_name":"Southbound Watt at Thames","routes":"551"}},{"type":"Feature","geometry":{"type":"Point","coordinates":[-97.1184649009,49.9359545105]},"properties":{"stop_id":"30037","stop_code":"30037","stop_name":"Southbound Main at Hartford","routes":"31"}},{"type":"Feature","geometry":{"type":"Point","coordinates":[-97.1173110306,49.937311987]},"properties":{"stop_id":"30036","stop_code":"30036","stop_name":"Southbound Main at Kilbride","routes":"31, FX2"}},{"type":"Feature","geometry":{"type":"Point","coordinates":[-97.1166605391,49.937553268]},"properties":{"stop_id":"30035","stop_code":"30035","stop_name":"Northbound Main at Kilbride","routes":"31, FX2"}},{"type":"Feature","geometry":{"type":"Point","coordinates":[-97.1159567425,49.9391609151]},"properties":{"stop_id":"30034","stop_code":"30034","stop_name":"Southbound Main at Burrin","routes":"31"}},{"type":"Feature","geometry":{"type":"Point","coordinates":[-97.1005164282,49.9142983009]},"properties":{"stop_id":"40478","stop_code":"40478","stop_name":"Northbound Watt at Bowman","routes":"38, 43, 551"}},{"type":"Feature","geometry":{"type":"Point","coordinates":[-97.1005750835,49.9145781091]},"properties":{"stop_id":"40479","stop_code":"40479","stop_name":"Southbound Watt at Bowman","routes":"38, 43, 551"}},{"type":"Feature","geometry":{"type":"Point","coordinates":[-97.1180617073,49.9359299681]},"properties":{"stop_id":"30038","stop_code":"30038","stop_name":"Northbound Main at Hartford","routes":"31"}},{"type":"Feature","geometry":{"type":"Point","coordinates":[-97.0466232013,49.9425094668]},"properties":{"stop_id":"40674","stop_code":"40674","stop_name":"Westbound Ragsdill at Clearview","routes":"442"}},{"type":"Feature","geometry":{"type":"Point","coordinates":[-97.1146787204,49.9083412247]},"properties":{"stop_id":"40464","stop_code":"40464","stop_name":"Southbound Brazier at Talbot","routes":"330"}},{"type":"Feature","geometry":{"type":"Point","coordinates":[-97.0710070497,49.9088540754]},"properties":{"stop_id":"40673","stop_code":"40673","stop_name":"Westbound Munroe at Molson","routes":"38"}},{"type":"Feature","geometry":{"type":"Point","coordinates":[-97.0583427776,49.9172596201]},"properties":{"stop_id":"40670","stop_code":"40670","stop_name":"Northbound Molson at Timberline","routes":"D10"}},{"type":"Feature","geometry":{"type":"Point","coordinates":[-97.1949353812,49.928419733]},"properties":{"stop_id":"30815","stop_code":"30815","stop_name":"Northbound Keewatin at Hekla","routes":"74, 884"}},{"type":"Feature","geometry":{"type":"Point","coordinates":[-97.1949432734,49.9334300281]},"properties":{"stop_id":"30817","stop_code":"30817","stop_name":"Northbound Keewatin at Manitoba","routes":"74, 884"}},{"type":"Feature","geometry":{"type":"Point","coordinates":[-97.1949473776,49.9310824177]},"properties":{"stop_id":"30816","stop_code":"30816","stop_name":"Northbound Keewatin at Selkirk","routes":"74, 884"}},{"type":"Feature","geometry":{"type":"Point","coordinates":[-97.1952763422,49.9338399906]},"properties":{"stop_id":"30811","stop_code":"30811","stop_name":"Southbound Keewatin at Manitoba","routes":"74, 884"}},{"type":"Feature","geometry":{"type":"Point","coordinates":[-97.1952434078,49.9354675574]},"properties":{"stop_id":"30810","stop_code":"30810","stop_name":"Southbound Keewatin at Tyndall","routes":"74, 884"}},{"type":"Feature","geometry":{"type":"Point","coordinates":[-97.195275309,49.9282721175]},"properties":{"stop_id":"30813","stop_code":"30813","stop_name":"Southbound Keewatin at Hekla","routes":"74, 884"}},{"type":"Feature","geometry":{"type":"Point","coordinates":[-97.1952787707,49.9307907503]},"properties":{"stop_id":"30812","stop_code":"30812","stop_name":"Southbound Keewatin at Selkirk","routes":"74, 884"}},{"type":"Feature","geometry":{"type":"Point","coordinates":[-97.1564157891,49.7688069883]},"properties":{"stop_id":"62005","stop_code":"62005","stop_name":"Northbound Pembina at Ducharme","routes":"BLUE"}},{"type":"Feature","geometry":{"type":"Point","coordinates":[-97.1546628688,49.7666921555]},"properties":{"stop_id":"62004","stop_code":"62004","stop_name":"Northbound Pembina at De La Digue","routes":"BLUE"}},{"type":"Feature","geometry":{"type":"Point","coordinates":[-97.0867553916,49.8575646048]},"properties":{"stop_id":"50309","stop_code":"50309","stop_name":"Southbound Archibald at Comanche","routes":"557"}},{"type":"Feature","geometry":{"type":"Point","coordinates":[-97.0865218545,49.8574887826]},"properties":{"stop_id":"50308","stop_code":"50308","stop_name":"Northbound Archibald at Comanche","routes":"557"}},{"type":"Feature","geometry":{"type":"Point","coordinates":[-97.1661048637,49.781077485]},"properties":{"stop_id":"62001","stop_code":"62001","stop_name":"Eastbound Kirkbridge at Brentlawn","routes":"672"}},{"type":"Feature","geometry":{"type":"Point","coordinates":[-97.1703511363,49.7804610863]},"properties":{"stop_id":"62000","stop_code":"62000","stop_name":"Eastbound Kirkbridge at Bairdmore","routes":"672"}},{"type":"Feature","geometry":{"type":"Point","coordinates":[-97.1839698351,49.7803248521]},"properties":{"stop_id":"62003","stop_code":"62003","stop_name":"Westbound Waverley at John Angus","routes":"671, 672"}},{"type":"Feature","geometry":{"type":"Point","coordinates":[-97.1701510144,49.7806108388]},"properties":{"stop_id":"62002","stop_code":"62002","stop_name":"Westbound Kirkbridge at Bairdmore","routes":"672"}},{"type":"Feature","geometry":{"type":"Point","coordinates":[-97.1117508002,49.8527579732]},"properties":{"stop_id":"50303","stop_code":"50303","stop_name":"Westbound Fermor at St. Mary's","routes":"557"}},{"type":"Feature","geometry":{"type":"Point","coordinates":[-97.1120685859,49.8524573243]},"properties":{"stop_id":"50302","stop_code":"50302","stop_name":"Eastbound Fermor at St. Mary's","routes":"557"}},{"type":"Feature","geometry":{"type":"Point","coordinates":[-97.1141348656,49.8515555233]},"properties":{"stop_id":"50301","stop_code":"50301","stop_name":"Eastbound Fermor at Killarney","routes":"557"}},{"type":"Feature","geometry":{"type":"Point","coordinates":[-97.1077598493,49.907184918]},"properties":{"stop_id":"40460","stop_code":"40460","stop_name":"Westbound Talbot at Allan","routes":"330, 886, 887"}},{"type":"Feature","geometry":{"type":"Point","coordinates":[-97.1073995192,49.8540991265]},"properties":{"stop_id":"50305","stop_code":"50305","stop_name":"Westbound Fermor at St Thomas","routes":"557"}},{"type":"Feature","geometry":{"type":"Point","coordinates":[-97.1082127454,49.8535817117]},"properties":{"stop_id":"50304","stop_code":"50304","stop_name":"Eastbound Fermor at St Thomas","routes":"557"}},{"type":"Feature","geometry":{"type":"Point","coordinates":[-97.2026095253,49.9337561524]},"properties":{"stop_id":"30727","stop_code":"30727","stop_name":"Westbound Manitoba at Featherstone","routes":"336"}},{"type":"Feature","geometry":{"type":"Point","coordinates":[-97.0893451966,49.9414143527]},"properties":{"stop_id":"40585","stop_code":"40585","stop_name":"Westbound Edison at Henderson","routes":"330, 442"}},{"type":"Feature","geometry":{"type":"Point","coordinates":[-97.0827834858,49.9455515297]},"properties":{"stop_id":"40586","stop_code":"40586","stop_name":"Westbound Donwood at River East Plaza","routes":"446"}},{"type":"Feature","geometry":{"type":"Point","coordinates":[-97.2062005587,49.9334970105]},"properties":{"stop_id":"30724","stop_code":"30724","stop_name":"Eastbound Manitoba at King Edward","routes":"336"}},{"type":"Feature","geometry":{"type":"Point","coordinates":[-97.2063497543,49.9336072603]},"properties":{"stop_id":"30723","stop_code":"30723","stop_name":"Westbound Manitoba at King Edward","routes":"336"}},{"type":"Feature","geometry":{"type":"Point","coordinates":[-97.0743044302,49.9435578504]},"properties":{"stop_id":"40581","stop_code":"40581","stop_name":"Eastbound Donwood at Rothesay","routes":"446"}},{"type":"Feature","geometry":{"type":"Point","coordinates":[-97.1511753776,49.9544622935]},"properties":{"stop_id":"30721","stop_code":"30721","stop_name":"Eastbound Leila at Watson (Seven Oaks Hospital)","routes":"38, 332, 334, D10"}},{"type":"Feature","geometry":{"type":"Point","coordinates":[-97.1695270399,49.9190349153]},"properties":{"stop_id":"30720","stop_code":"30720","stop_name":"Westbound Jarvis at McPhillips (McPhillips St Stn)","routes":"28"}},{"type":"Feature","geometry":{"type":"Point","coordinates":[-97.0825209602,49.9454932126]},"properties":{"stop_id":"40588","stop_code":"40588","stop_name":"Eastbound Donwood at River East Plaza","routes":"446"}},{"type":"Feature","geometry":{"type":"Point","coordinates":[-97.2005655463,49.9336344609]},"properties":{"stop_id":"30729","stop_code":"30729","stop_name":"Eastbound Manitoba at Ellington","routes":"336"}},{"type":"Feature","geometry":{"type":"Point","coordinates":[-97.2028649007,49.933634187]},"properties":{"stop_id":"30728","stop_code":"30728","stop_name":"Eastbound Manitoba at Featherstone","routes":"336"}},{"type":"Feature","geometry":{"type":"Point","coordinates":[-97.1031948601,49.8261004123]},"properties":{"stop_id":"50492","stop_code":"50492","stop_name":"Northbound Dakota at Hazelwood","routes":"F6"}},{"type":"Feature","geometry":{"type":"Point","coordinates":[-97.1030791119,49.825504835]},"properties":{"stop_id":"50491","stop_code":"50491","stop_name":"Southbound Dakota at Hazelwood","routes":"F6"}},{"type":"Feature","geometry":{"type":"Point","coordinates":[-97.0756134365,49.8231623005]},"properties":{"stop_id":"50949","stop_code":"50949","stop_name":"Southbound Shorehill at Westwater West","routes":"558"}},{"type":"Feature","geometry":{"type":"Point","coordinates":[-97.0992014774,49.821204481]},"properties":{"stop_id":"50496","stop_code":"50496","stop_name":"Northbound Dakota at Hyatt","routes":"F6"}},{"type":"Feature","geometry":{"type":"Point","coordinates":[-97.1009932663,49.8230239389]},"properties":{"stop_id":"50495","stop_code":"50495","stop_name":"Southbound Dakota at Novavista","routes":"F6"}},{"type":"Feature","geometry":{"type":"Point","coordinates":[-97.0835409674,49.806212034]},"properties":{"stop_id":"50945","stop_code":"50945","stop_name":"Westbound Aldgate at Keelegate","routes":"552"}},{"type":"Feature","geometry":{"type":"Point","coordinates":[-97.0854521709,49.8134308321]},"properties":{"stop_id":"50944","stop_code":"50944","stop_name":"Southbound Ashworth at Coombs","routes":"552"}},{"type":"Feature","geometry":{"type":"Point","coordinates":[-97.0777040643,49.8128615901]},"properties":{"stop_id":"50946","stop_code":"50946","stop_name":"Westbound Aldgate at Abbotsfield","routes":"676"}},{"type":"Feature","geometry":{"type":"Point","coordinates":[-97.0853503153,49.8135460839]},"properties":{"stop_id":"50943","stop_code":"50943","stop_name":"Northbound Ashworth at Coombs","routes":"552"}},{"type":"Feature","geometry":{"type":"Point","coordinates":[-97.1122158176,49.90685289]},"properties":{"stop_id":"40469","stop_code":"40469","stop_name":"Northbound Stadacona at William Newton","routes":"43, D17"}},{"type":"Feature","geometry":{"type":"Point","coordinates":[-97.1664545125,49.8968316666]},"properties":{"stop_id":"10476","stop_code":"10476","stop_name":"Westbound Sargent at Simcoe","routes":"D13"}},{"type":"Feature","geometry":{"type":"Point","coordinates":[-97.0649098222,49.8405243645]},"properties":{"stop_id":"51018","stop_code":"51018","stop_name":"Eastbound Abinojii Mikanah at Island Shore","routes":"D15"}},{"type":"Feature","geometry":{"type":"Point","coordinates":[-97.0376917333,49.9403795213]},"properties":{"stop_id":"40665","stop_code":"40665","stop_name":"Westbound Ragsdill at De Vries","routes":"442"}},{"type":"Feature","geometry":{"type":"Point","coordinates":[-97.0720108683,49.8815797256]},"properties":{"stop_id":"50015","stop_code":"50015","stop_name":"Northbound Lagimodiere at Marion","routes":"F9"}},{"type":"Feature","geometry":{"type":"Point","coordinates":[-97.0720234005,49.8858076295]},"properties":{"stop_id":"50014","stop_code":"50014","stop_name":"Northbound Lagimodiere at Dugald","routes":"F9"}},{"type":"Feature","geometry":{"type":"Point","coordinates":[-97.0723583235,49.8861370313]},"properties":{"stop_id":"50013","stop_code":"50013","stop_name":"Southbound Lagimodiere at Dugald","routes":"F9"}},{"type":"Feature","geometry":{"type":"Point","coordinates":[-97.1070104596,49.8594268589]},"properties":{"stop_id":"50544","stop_code":"50544","stop_name":"Northbound St Anne's at Bank","routes":"F7"}},{"type":"Feature","geometry":{"type":"Point","coordinates":[-97.1089173537,49.8619046995]},"properties":{"stop_id":"50547","stop_code":"50547","stop_name":"Northbound St Anne's at Imperial","routes":"F7"}},{"type":"Feature","geometry":{"type":"Point","coordinates":[-97.0979000803,49.8161008268]},"properties":{"stop_id":"51010","stop_code":"51010","stop_name":"Northbound Dakota at Southglen","routes":"F6"}},{"type":"Feature","geometry":{"type":"Point","coordinates":[-97.1557956951,49.9502993512]},"properties":{"stop_id":"30920","stop_code":"30920","stop_name":"Southbound Watson at Kingsbury South","routes":"334"}},{"type":"Feature","geometry":{"type":"Point","coordinates":[-97.0718249674,49.8103890244]},"properties":{"stop_id":"51012","stop_code":"51012","stop_name":"Northbound Creek Bend at St. Anne's","routes":"676, F7"}},{"type":"Feature","geometry":{"type":"Point","coordinates":[-97.0951266424,49.9029569463]},"properties":{"stop_id":"40337","stop_code":"40337","stop_name":"Eastbound Nairn at Grey","routes":"FX3"}},{"type":"Feature","geometry":{"type":"Point","coordinates":[-97.1552346441,49.9503893594]},"properties":{"stop_id":"30925","stop_code":"30925","stop_name":"Northbound Watson at Kingsbury South","routes":"334"}},{"type":"Feature","geometry":{"type":"Point","coordinates":[-97.0424706773,49.8857253472]},"properties":{"stop_id":"51015","stop_code":"51015","stop_name":"Eastbound Dugald at Beghin","routes":"886, D14"}},{"type":"Feature","geometry":{"type":"Point","coordinates":[-97.1522434063,49.9538766789]},"properties":{"stop_id":"30927","stop_code":"30927","stop_name":"Northbound Watson at Leila","routes":"334"}},{"type":"Feature","geometry":{"type":"Point","coordinates":[-97.1539309373,49.9516728494]},"properties":{"stop_id":"30926","stop_code":"30926","stop_name":"Northbound Watson at Kingsbury","routes":"334"}},{"type":"Feature","geometry":{"type":"Point","coordinates":[-97.1859649627,49.9346479654]},"properties":{"stop_id":"31034","stop_code":"31034","stop_name":"Southbound Burrows at Tyndall","routes":"D17"}},{"type":"Feature","geometry":{"type":"Point","coordinates":[-97.190067125,49.9378603745]},"properties":{"stop_id":"31035","stop_code":"31035","stop_name":"Westbound Burrows at Plymouth","routes":"332, D17"}},{"type":"Feature","geometry":{"type":"Point","coordinates":[-97.209627754,49.9312653393]},"properties":{"stop_id":"31036","stop_code":"31036","stop_name":"Westbound Selkirk at Bentley","routes":"D17"}},{"type":"Feature","geometry":{"type":"Point","coordinates":[-97.1383785165,49.9551477889]},"properties":{"stop_id":"31037","stop_code":"31037","stop_name":"Westbound Templeton at Garden Park","routes":"28"}},{"type":"Feature","geometry":{"type":"Point","coordinates":[-97.057554663,49.8383772113]},"properties":{"stop_id":"50783","stop_code":"50783","stop_name":"Southbound De La Seigneurie at Desjardins","routes":"557"}},{"type":"Feature","geometry":{"type":"Point","coordinates":[-97.0828798198,49.821537867]},"properties":{"stop_id":"50782","stop_code":"50782","stop_name":"Eastbound Southglen at Sauve","routes":"552, 558"}},{"type":"Feature","geometry":{"type":"Point","coordinates":[-97.1890430481,49.9372956745]},"properties":{"stop_id":"31032","stop_code":"31032","stop_name":"Eastbound Burrows at Plymouth","routes":"D17"}},{"type":"Feature","geometry":{"type":"Point","coordinates":[-97.1856303641,49.9346517184]},"properties":{"stop_id":"31033","stop_code":"31033","stop_name":"Northbound Burrows at Tyndall","routes":"D17"}},{"type":"Feature","geometry":{"type":"Point","coordinates":[-97.0705596424,49.9465807969]},"properties":{"stop_id":"40661","stop_code":"40661","stop_name":"Eastbound Gilmore at Rothesay","routes":"442"}},{"type":"Feature","geometry":{"type":"Point","coordinates":[-97.1412290904,49.9560660859]},"properties":{"stop_id":"31038","stop_code":"31038","stop_name":"Westbound Templeton at Meredith","routes":"28"}},{"type":"Feature","geometry":{"type":"Point","coordinates":[-97.1900351492,49.9606529549]},"properties":{"stop_id":"31039","stop_code":"31039","stop_name":"Eastbound Jefferson at Ritchie","routes":"37, 336"}},{"type":"Feature","geometry":{"type":"Point","coordinates":[-97.0752137713,49.9434740255]},"properties":{"stop_id":"40660","stop_code":"40660","stop_name":"Southbound Rothesay at Donwood","routes":"442"}},{"type":"Feature","geometry":{"type":"Point","coordinates":[-97.1970405087,49.8353453853]},"properties":{"stop_id":"60988","stop_code":"60988","stop_name":"Northbound Lindenwood at Marksbridge","routes":"641"}},{"type":"Feature","geometry":{"type":"Point","coordinates":[-97.1417680674,49.8336705165]},"properties":{"stop_id":"60989","stop_code":"60989","stop_name":"Southbound South at Crescent","routes":"694"}},{"type":"Feature","geometry":{"type":"Point","coordinates":[-97.2040915114,49.8203253223]},"properties":{"stop_id":"61109","stop_code":"61109","stop_name":"Westbound McGillivray at Kenaston","routes":"74"}},{"type":"Feature","geometry":{"type":"Point","coordinates":[-97.2037888213,49.8202396689]},"properties":{"stop_id":"61108","stop_code":"61108","stop_name":"Eastbound McGillivray at Kenaston","routes":"74"}},{"type":"Feature","geometry":{"type":"Point","coordinates":[-97.2013881713,49.8148683017]},"properties":{"stop_id":"61105","stop_code":"61105","stop_name":"Northbound Columbia at Scurfield","routes":"650"}},{"type":"Feature","geometry":{"type":"Point","coordinates":[-97.157120484,49.7890393547]},"properties":{"stop_id":"61104","stop_code":"61104","stop_name":"Northbound Pembina at Killarney","routes":"BLUE"}},{"type":"Feature","geometry":{"type":"Point","coordinates":[-97.1415978433,49.833757734]},"properties":{"stop_id":"60980","stop_code":"60980","stop_name":"Northbound South Drive at Crescent Drive","routes":"694"}},{"type":"Feature","geometry":{"type":"Point","coordinates":[-97.2035317066,49.8162958353]},"properties":{"stop_id":"61106","stop_code":"61106","stop_name":"Northbound Columbia at Marygrove South","routes":"74, 650, 691"}},{"type":"Feature","geometry":{"type":"Point","coordinates":[-97.1411325955,49.8382747977]},"properties":{"stop_id":"60986","stop_code":"60986","stop_name":"Southbound South at Crane","routes":"694"}},{"type":"Feature","geometry":{"type":"Point","coordinates":[-97.1885393094,49.8469871627]},"properties":{"stop_id":"61100","stop_code":"61100","stop_name":"Westbound Wilkes at Brockville","routes":"677"}},{"type":"Feature","geometry":{"type":"Point","coordinates":[-97.140901347,49.8388647595]},"properties":{"stop_id":"60985","stop_code":"60985","stop_name":"Northbound South at Crane","routes":"694"}},{"type":"Feature","geometry":{"type":"Point","coordinates":[-97.1979924144,49.8153461824]},"properties":{"stop_id":"60858","stop_code":"60858","stop_name":"Westbound Scurfield at Kenaston West","routes":"74, 649, 691"}},{"type":"Feature","geometry":{"type":"Point","coordinates":[-97.1974269531,49.8111096849]},"properties":{"stop_id":"60859","stop_code":"60859","stop_name":"Southbound Columbia at Saxon","routes":"649, 650"}},{"type":"Feature","geometry":{"type":"Point","coordinates":[-97.2951198916,49.8505759273]},"properties":{"stop_id":"60850","stop_code":"60850","stop_name":"Westbound Rannock at Scotswood","routes":"885"}},{"type":"Feature","geometry":{"type":"Point","coordinates":[-97.0878803978,49.9277177548]},"properties":{"stop_id":"40500","stop_code":"40500","stop_name":"Southbound Watt at Greene","routes":"551"}},{"type":"Feature","geometry":{"type":"Point","coordinates":[-97.1998928981,49.8087104025]},"properties":{"stop_id":"60854","stop_code":"60854","stop_name":"Eastbound Columbia at Shillingstone","routes":"649, 650, 691"}},{"type":"Feature","geometry":{"type":"Point","coordinates":[-97.1973385901,49.8112432348]},"properties":{"stop_id":"60856","stop_code":"60856","stop_name":"Northbound Columbia at Saxon","routes":"649, 650, 691"}},{"type":"Feature","geometry":{"type":"Point","coordinates":[-97.258101295,49.8447807327]},"properties":{"stop_id":"61071","stop_code":"61071","stop_name":"Eastbound Ridgewood at Elmhurst","routes":"885"}},{"type":"Feature","geometry":{"type":"Point","coordinates":[-97.1715866199,49.9054670633]},"properties":{"stop_id":"10295","stop_code":"10295","stop_name":"Southbound McPhillips at Notre Dame","routes":"F5"}},{"type":"Feature","geometry":{"type":"Point","coordinates":[-97.1068622759,49.8988048578]},"properties":{"stop_id":"50161","stop_code":"50161","stop_name":"Northbound Archibald at Mission","routes":"551, 886, 887, FX4"}},{"type":"Feature","geometry":{"type":"Point","coordinates":[-97.2573593133,49.8480077614]},"properties":{"stop_id":"61072","stop_code":"61072","stop_name":"Northbound Elmhurst at Beiko South","routes":"885"}},{"type":"Feature","geometry":{"type":"Point","coordinates":[-97.2563601438,49.8521933736]},"properties":{"stop_id":"61074","stop_code":"61074","stop_name":"Eastbound Eldridge at Elmhurst","routes":"885"}},{"type":"Feature","geometry":{"type":"Point","coordinates":[-97.2537670157,49.8581359472]},"properties":{"stop_id":"61077","stop_code":"61077","stop_name":"Northbound Cathcart at Grant","routes":"885"}},{"type":"Feature","geometry":{"type":"Point","coordinates":[-97.2540631486,49.8549382013]},"properties":{"stop_id":"61076","stop_code":"61076","stop_name":"Northbound Cathcart at Chalfont","routes":"885"}},{"type":"Feature","geometry":{"type":"Point","coordinates":[-97.2659972608,49.8526889374]},"properties":{"stop_id":"61078","stop_code":"61078","stop_name":"Westbound Eldridge at Haney","routes":"885"}},{"type":"Feature","geometry":{"type":"Point","coordinates":[-97.1167996676,49.8935789173]},"properties":{"stop_id":"50169","stop_code":"50169","stop_name":"Westbound Provencher at St. Jean Baptiste","routes":"F7, FX4"}},{"type":"Feature","geometry":{"type":"Point","coordinates":[-97.1158523858,49.8935904878]},"properties":{"stop_id":"50168","stop_code":"50168","stop_name":"Eastbound Provencher at St. Jean Baptiste","routes":"F7, FX4"}},{"type":"Feature","geometry":{"type":"Point","coordinates":[-97.1799344216,49.8360940729]},"properties":{"stop_id":"60210","stop_code":"60210","stop_name":"Southbound Waverley at Lindenwood South","routes":"679"}},{"type":"Feature","geometry":{"type":"Point","coordinates":[-97.1796014588,49.8357020481]},"properties":{"stop_id":"60211","stop_code":"60211","stop_name":"Northbound Waverley at Buffalo North","routes":"679"}},{"type":"Feature","geometry":{"type":"Point","coordinates":[-97.1790792759,49.8466408241]},"properties":{"stop_id":"60216","stop_code":"60216","stop_name":"Northbound Waverley at Wilkes","routes":"28, 680"}},{"type":"Feature","geometry":{"type":"Point","coordinates":[-97.0945118017,49.9054834307]},"properties":{"stop_id":"40334","stop_code":"40334","stop_name":"Northbound Grey at Talbot","routes":"330"}},{"type":"Feature","geometry":{"type":"Point","coordinates":[-97.1792235736,49.8409492222]},"properties":{"stop_id":"60214","stop_code":"60214","stop_name":"Northbound Waverley at Willson","routes":"28, 680"}},{"type":"Feature","geometry":{"type":"Point","coordinates":[-97.1796910703,49.8407227044]},"properties":{"stop_id":"60215","stop_code":"60215","stop_name":"Southbound Waverley at Willson","routes":"28, 680"}},{"type":"Feature","geometry":{"type":"Point","coordinates":[-97.1642866139,49.9088236115]},"properties":{"stop_id":"10291","stop_code":"10291","stop_name":"Northbound Arlington at Ross","routes":"28"}},{"type":"Feature","geometry":{"type":"Point","coordinates":[-97.1767703409,49.834434151]},"properties":{"stop_id":"60218","stop_code":"60218","stop_name":"Westbound Buffalo at Beaver","routes":"650"}},{"type":"Feature","geometry":{"type":"Point","coordinates":[-97.1734174136,49.8355776244]},"properties":{"stop_id":"60219","stop_code":"60219","stop_name":"Westbound Buffalo at Otter","routes":"650"}},{"type":"Feature","geometry":{"type":"Point","coordinates":[-97.1655464851,49.9071885038]},"properties":{"stop_id":"10290","stop_code":"10290","stop_name":"Northbound Arlington at William","routes":"28, 224, D18"}},{"type":"Feature","geometry":{"type":"Point","coordinates":[-97.1631590297,49.9106407037]},"properties":{"stop_id":"10293","stop_code":"10293","stop_name":"Southbound Arlington at Logan","routes":"28"}},{"type":"Feature","geometry":{"type":"Point","coordinates":[-97.1496451673,49.885599295]},"properties":{"stop_id":"10870","stop_code":"10870","stop_name":"Westbound Broadway at Osborne East (Legislature)","routes":"D14, D15"}},{"type":"Feature","geometry":{"type":"Point","coordinates":[-97.1265101085,49.9035050809]},"properties":{"stop_id":"11142","stop_code":"11142","stop_name":"Eastbound Higgins at Waterfront","routes":"31, 43, FX3"}},{"type":"Feature","geometry":{"type":"Point","coordinates":[-97.0308436492,49.895359776]},"properties":{"stop_id":"40154","stop_code":"40154","stop_name":"Westbound Regent at Bienvenu","routes":"FX3"}},{"type":"Feature","geometry":{"type":"Point","coordinates":[-97.1427196878,49.8585572071]},"properties":{"stop_id":"11140","stop_code":"11140","stop_name":"Eastbound Rathgar at Cockburn","routes":"895"}},{"type":"Feature","geometry":{"type":"Point","coordinates":[-97.1463335223,49.8564743162]},"properties":{"stop_id":"11141","stop_code":"11141","stop_name":"Westbound Beresford at Lilac","routes":"895"}},{"type":"Feature","geometry":{"type":"Point","coordinates":[-97.1987188954,49.9226139551]},"properties":{"stop_id":"20014","stop_code":"20014","stop_name":"Eastbound Logan at Dee","routes":"43"}},{"type":"Feature","geometry":{"type":"Point","coordinates":[-97.189858769,49.7788609811]},"properties":{"stop_id":"61299","stop_code":"61299","stop_name":"Westbound Waverley at Kenaston","routes":"671, 672"}},{"type":"Feature","geometry":{"type":"Point","coordinates":[-97.1832196614,49.7810686663]},"properties":{"stop_id":"61298","stop_code":"61298","stop_name":"Southbound John Angus at Waverley","routes":"671"}},{"type":"Feature","geometry":{"type":"Point","coordinates":[-97.1505002359,49.8322452584]},"properties":{"stop_id":"60982","stop_code":"60982","stop_name":"Westbound Crescent at Pembina East","routes":"694"}},{"type":"Feature","geometry":{"type":"Point","coordinates":[-97.0539866968,49.8444519646]},"properties":{"stop_id":"50337","stop_code":"50337","stop_name":"Eastbound Capston at Cliffwood","routes":"556"}},{"type":"Feature","geometry":{"type":"Point","coordinates":[-97.1326302505,49.8925220943]},"properties":{"stop_id":"10804","stop_code":"10804","stop_name":"Westbound Pioneer at Canadian Museum for Human Rights","routes":"D12, D13, D16, F7, FX4"}},{"type":"Feature","geometry":{"type":"Point","coordinates":[-97.1810539898,49.8388731598]},"properties":{"stop_id":"61294","stop_code":"61294","stop_name":"Westbound Lindenwood at Waverley West","routes":"642"}},{"type":"Feature","geometry":{"type":"Point","coordinates":[-97.1890129201,49.7788207584]},"properties":{"stop_id":"61297","stop_code":"61297","stop_name":"Eastbound Waverley at Kenaston","routes":"671, 672"}},{"type":"Feature","geometry":{"type":"Point","coordinates":[-97.1730795381,49.8404836004]},"properties":{"stop_id":"61291","stop_code":"61291","stop_name":"Westbound Seel at Fennell","routes":"28, 642, 679, 680"}},{"type":"Feature","geometry":{"type":"Point","coordinates":[-97.1901637997,49.9114707437]},"properties":{"stop_id":"10801","stop_code":"10801","stop_name":"Eastbound Notre Dame at Dublin","routes":"884, D16, D18"}},{"type":"Feature","geometry":{"type":"Point","coordinates":[-97.1787760855,49.8387923608]},"properties":{"stop_id":"61293","stop_code":"61293","stop_name":"Westbound Seel at Waverley","routes":"28, 642, 679, 680"}},{"type":"Feature","geometry":{"type":"Point","coordinates":[-97.1329690674,49.8924016289]},"properties":{"stop_id":"10803","stop_code":"10803","stop_name":"Eastbound William Stephenson at Canadian Museum for Human Rights","routes":"D12, D13, D16, F7, FX4"}},{"type":"Feature","geometry":{"type":"Point","coordinates":[-97.0578234681,49.8448582438]},"properties":{"stop_id":"50335","stop_code":"50335","stop_name":"Southbound Newcroft at Shamrock","routes":"556"}},{"type":"Feature","geometry":{"type":"Point","coordinates":[-97.2630935574,49.8859447241]},"properties":{"stop_id":"20156","stop_code":"20156","stop_name":"Westbound Ness at Moray","routes":"220, D15"}},{"type":"Feature","geometry":{"type":"Point","coordinates":[-97.1169441439,49.8258032673]},"properties":{"stop_id":"50444","stop_code":"50444","stop_name":"Westbound Riel at Glen Meadow","routes":"556"}},{"type":"Feature","geometry":{"type":"Point","coordinates":[-97.1163716259,49.8258659099]},"properties":{"stop_id":"50445","stop_code":"50445","stop_name":"Eastbound Riel at Robertson","routes":"556"}},{"type":"Feature","geometry":{"type":"Point","coordinates":[-97.1200166306,49.8247378308]},"properties":{"stop_id":"50446","stop_code":"50446","stop_name":"Westbound Riel at Darwin","routes":"556"}},{"type":"Feature","geometry":{"type":"Point","coordinates":[-97.2762175782,49.8614317651]},"properties":{"stop_id":"60508","stop_code":"60508","stop_name":"Eastbound Roblin at Marlton South","routes":"70, 885"}},{"type":"Feature","geometry":{"type":"Point","coordinates":[-97.2772248242,49.8593239492]},"properties":{"stop_id":"60509","stop_code":"60509","stop_name":"Eastbound Roblin at Grant","routes":"70, 885"}},{"type":"Feature","geometry":{"type":"Point","coordinates":[-97.2754273242,49.8636957188]},"properties":{"stop_id":"60506","stop_code":"60506","stop_name":"Westbound Roblin at Shenfield","routes":"70, 885"}},{"type":"Feature","geometry":{"type":"Point","coordinates":[-97.2764220265,49.8615517436]},"properties":{"stop_id":"60507","stop_code":"60507","stop_name":"Westbound Roblin at Marlton South","routes":"70, 885"}},{"type":"Feature","geometry":{"type":"Point","coordinates":[-97.1968455734,49.837968904]},"properties":{"stop_id":"60504","stop_code":"60504","stop_name":"Northbound Lindenwood at Brentcliffe","routes":"641"}},{"type":"Feature","geometry":{"type":"Point","coordinates":[-97.2751940933,49.8636022947]},"properties":{"stop_id":"60505","stop_code":"60505","stop_name":"Eastbound Roblin at Shenfield","routes":"70, 885"}},{"type":"Feature","geometry":{"type":"Point","coordinates":[-97.2744800228,49.8656784825]},"properties":{"stop_id":"60502","stop_code":"60502","stop_name":"Westbound Roblin at Batchelor","routes":"70, 885"}},{"type":"Feature","geometry":{"type":"Point","coordinates":[-97.2742913927,49.8655047668]},"properties":{"stop_id":"60503","stop_code":"60503","stop_name":"Eastbound Roblin at Batchelor","routes":"70, 885"}},{"type":"Feature","geometry":{"type":"Point","coordinates":[-97.2720481232,49.8671443671]},"properties":{"stop_id":"60500","stop_code":"60500","stop_name":"Eastbound Roblin at Marlton North","routes":"70, 885"}},{"type":"Feature","geometry":{"type":"Point","coordinates":[-97.0937068506,49.8081880205]},"properties":{"stop_id":"50827","stop_code":"50827","stop_name":"Eastbound John Forsyth at Glenham","routes":"552, 676, F6"}},{"type":"Feature","geometry":{"type":"Point","coordinates":[-97.1629995708,49.8132218161]},"properties":{"stop_id":"60182","stop_code":"60182","stop_name":"Northbound Chancellor at Chancellor","routes":"676, 678"}},{"type":"Feature","geometry":{"type":"Point","coordinates":[-97.1623780864,49.8134818014]},"properties":{"stop_id":"60183","stop_code":"60183","stop_name":"Southbound Chancellor at Lake Grove East","routes":"676, 678"}},{"type":"Feature","geometry":{"type":"Point","coordinates":[-97.1643485851,49.8054894319]},"properties":{"stop_id":"60186","stop_code":"60186","stop_name":"Westbound Markham at Forest Lake","routes":"662"}},{"type":"Feature","geometry":{"type":"Point","coordinates":[-97.1639162858,49.8055275484]},"properties":{"stop_id":"60187","stop_code":"60187","stop_name":"Eastbound Markham at Forest Lake","routes":"662"}},{"type":"Feature","geometry":{"type":"Point","coordinates":[-97.1593940787,49.8140910172]},"properties":{"stop_id":"60184","stop_code":"60184","stop_name":"Southbound Chancellor at Lake Village","routes":"676, 678"}},{"type":"Feature","geometry":{"type":"Point","coordinates":[-97.15743203,49.8145095463]},"properties":{"stop_id":"60185","stop_code":"60185","stop_name":"Northbound Chancellor at Chancellor Station","routes":"676, 678"}},{"type":"Feature","geometry":{"type":"Point","coordinates":[-97.0597672812,49.8862774563]},"properties":{"stop_id":"50858","stop_code":"50858","stop_name":"Southbound Terracon at Dugald","routes":"887"}},{"type":"Feature","geometry":{"type":"Point","coordinates":[-97.1607849463,49.806737134]},"properties":{"stop_id":"60188","stop_code":"60188","stop_name":"Westbound Markham at Chancellor East","routes":"662"}},{"type":"Feature","geometry":{"type":"Point","coordinates":[-97.1585039663,49.8075104156]},"properties":{"stop_id":"60189","stop_code":"60189","stop_name":"Westbound Markham at Gull Lake","routes":"662"}},{"type":"Feature","geometry":{"type":"Point","coordinates":[-97.1594831211,49.910240518]},"properties":{"stop_id":"10332","stop_code":"10332","stop_name":"Westbound Logan at Tecumseh","routes":"43"}},{"type":"Feature","geometry":{"type":"Point","coordinates":[-97.1577287265,49.9094930167]},"properties":{"stop_id":"10333","stop_code":"10333","stop_name":"Eastbound Logan at Nora","routes":"43"}},{"type":"Feature","geometry":{"type":"Point","coordinates":[-97.1623250809,49.9109602844]},"properties":{"stop_id":"10330","stop_code":"10330","stop_name":"Eastbound Logan at Arlington","routes":"43"}},{"type":"Feature","geometry":{"type":"Point","coordinates":[-97.1604255977,49.9103634362]},"properties":{"stop_id":"10331","stop_code":"10331","stop_name":"Eastbound Logan at Beacon","routes":"43"}},{"type":"Feature","geometry":{"type":"Point","coordinates":[-97.1554378877,49.9089348328]},"properties":{"stop_id":"10336","stop_code":"10336","stop_name":"Westbound Logan at Lulu","routes":"43"}},{"type":"Feature","geometry":{"type":"Point","coordinates":[-97.1534289304,49.9082911494]},"properties":{"stop_id":"10337","stop_code":"10337","stop_name":"Westbound Logan at Chambers","routes":"43"}},{"type":"Feature","geometry":{"type":"Point","coordinates":[-97.1574743968,49.9095879144]},"properties":{"stop_id":"10334","stop_code":"10334","stop_name":"Westbound Logan at Nora","routes":"43"}},{"type":"Feature","geometry":{"type":"Point","coordinates":[-97.1557061377,49.9088401614]},"properties":{"stop_id":"10335","stop_code":"10335","stop_name":"Eastbound Logan at Lulu","routes":"43"}},{"type":"Feature","geometry":{"type":"Point","coordinates":[-97.1527477137,49.9078934978]},"properties":{"stop_id":"10338","stop_code":"10338","stop_name":"Eastbound Logan at Sherbrook","routes":"43"}},{"type":"Feature","geometry":{"type":"Point","coordinates":[-97.1504360488,49.9071549816]},"properties":{"stop_id":"10339","stop_code":"10339","stop_name":"Eastbound Logan at Gunnell","routes":"43"}},{"type":"Feature","geometry":{"type":"Point","coordinates":[-97.1457717805,49.8337077526]},"properties":{"stop_id":"60981","stop_code":"60981","stop_name":"Westbound Crescent at Kebir","routes":"694"}},{"type":"Feature","geometry":{"type":"Point","coordinates":[-97.2059472607,49.8659859301]},"properties":{"stop_id":"60438","stop_code":"60438","stop_name":"Southbound Kenaston at Lockston","routes":"74, 680"}},{"type":"Feature","geometry":{"type":"Point","coordinates":[-97.1906064314,49.8139716179]},"properties":{"stop_id":"60433","stop_code":"60433","stop_name":"Northbound Henlow at Fultz","routes":"642, 690"}},{"type":"Feature","geometry":{"type":"Point","coordinates":[-97.2061310822,49.8610235342]},"properties":{"stop_id":"60430","stop_code":"60430","stop_name":"Northbound Kenaston at Carpathia South","routes":"74"}},{"type":"Feature","geometry":{"type":"Point","coordinates":[-97.2055807399,49.8642352177]},"properties":{"stop_id":"60436","stop_code":"60436","stop_name":"Westbound Corydon at Kenaston","routes":"680, D19"}},{"type":"Feature","geometry":{"type":"Point","coordinates":[-97.205655194,49.8659814031]},"properties":{"stop_id":"60437","stop_code":"60437","stop_name":"Northbound Kenaston at Lockston","routes":"74, 680"}},{"type":"Feature","geometry":{"type":"Point","coordinates":[-97.2058685471,49.8639788236]},"properties":{"stop_id":"60434","stop_code":"60434","stop_name":"Northbound Kenaston at Corydon","routes":"74"}},{"type":"Feature","geometry":{"type":"Point","coordinates":[-97.2061277134,49.8644955556]},"properties":{"stop_id":"60435","stop_code":"60435","stop_name":"Southbound Kenaston at Corydon","routes":"74"}},{"type":"Feature","geometry":{"type":"Point","coordinates":[-97.132513342,49.9114187394]},"properties":{"stop_id":"30092","stop_code":"30092","stop_name":"Northbound Main at Selkirk","routes":"31, FX2"}},{"type":"Feature","geometry":{"type":"Point","coordinates":[-97.1432300758,49.8938709432]},"properties":{"stop_id":"10542","stop_code":"10542","stop_name":"Westbound Portage at Donald (Canada Life Centre)","routes":"BLUE, F7, FX4"}},{"type":"Feature","geometry":{"type":"Point","coordinates":[-97.2548182924,49.875682985]},"properties":{"stop_id":"20480","stop_code":"20480","stop_name":"Southbound Whytewold at Portage","routes":"220"}},{"type":"Feature","geometry":{"type":"Point","coordinates":[-97.2453267878,49.8852540681]},"properties":{"stop_id":"20139","stop_code":"20139","stop_name":"Westbound Ness at Mount Royal","routes":"D15"}},{"type":"Feature","geometry":{"type":"Point","coordinates":[-97.1633385654,49.8703369273]},"properties":{"stop_id":"10798","stop_code":"10798","stop_name":"Southbound Stafford at Grosvenor","routes":"28, 889, D11"}},{"type":"Feature","geometry":{"type":"Point","coordinates":[-97.1294732922,49.8668532204]},"properties":{"stop_id":"10029","stop_code":"10029","stop_name":"Westbound Morley at Casey","routes":"895"}},{"type":"Feature","geometry":{"type":"Point","coordinates":[-97.1251222506,49.8681680616]},"properties":{"stop_id":"10026","stop_code":"10026","stop_name":"Eastbound Morley at Mabel","routes":"895"}},{"type":"Feature","geometry":{"type":"Point","coordinates":[-97.2229032341,49.8843903446]},"properties":{"stop_id":"20132","stop_code":"20132","stop_name":"Westbound Ness at Sackville","routes":"D15"}},{"type":"Feature","geometry":{"type":"Point","coordinates":[-97.1248771125,49.8683889671]},"properties":{"stop_id":"10025","stop_code":"10025","stop_name":"Westbound Morley at Mabel","routes":"895"}},{"type":"Feature","geometry":{"type":"Point","coordinates":[-97.1523657692,49.8963827984]},"properties":{"stop_id":"10790","stop_code":"10790","stop_name":"Southbound Balmoral at Sargent","routes":"F6"}},{"type":"Feature","geometry":{"type":"Point","coordinates":[-97.2339409774,49.8848200967]},"properties":{"stop_id":"20136","stop_code":"20136","stop_name":"Westbound Ness at Woodlawn","routes":"D15"}},{"type":"Feature","geometry":{"type":"Point","coordinates":[-97.122073627,49.868190598]},"properties":{"stop_id":"10021","stop_code":"10021","stop_name":"Northbound Eccles at Bartlet","routes":"895"}},{"type":"Feature","geometry":{"type":"Point","coordinates":[-97.1946509224,49.9386425221]},"properties":{"stop_id":"30676","stop_code":"30676","stop_name":"Westbound Burrows at Keewatin East","routes":"332, 833, D17"}},{"type":"Feature","geometry":{"type":"Point","coordinates":[-97.1524534145,49.8211315227]},"properties":{"stop_id":"60721","stop_code":"60721","stop_name":"Westbound Abinojii Mikanah Ramp WB to Pembina at Pembina","routes":"676, F9"}},{"type":"Feature","geometry":{"type":"Point","coordinates":[-97.1820405194,49.8470561727]},"properties":{"stop_id":"60728","stop_code":"60728","stop_name":"Westbound Wilkes at Waverley West","routes":"641, 677"}},{"type":"Feature","geometry":{"type":"Point","coordinates":[-97.1816206797,49.8467527406]},"properties":{"stop_id":"60729","stop_code":"60729","stop_name":"Eastbound Wilkes at Waverley West","routes":"641, 677"}},{"type":"Feature","geometry":{"type":"Point","coordinates":[-97.2271339209,49.93039231]},"properties":{"stop_id":"20540","stop_code":"20540","stop_name":"Northbound Omands Creek at Winfield","routes":"881"}},{"type":"Feature","geometry":{"type":"Point","coordinates":[-97.0816581653,49.8408212318]},"properties":{"stop_id":"50824","stop_code":"50824","stop_name":"Westbound Abinojii Mikanah at Shorehill","routes":"556, F9"}},{"type":"Feature","geometry":{"type":"Point","coordinates":[-97.0316729665,49.9112502439]},"properties":{"stop_id":"41046","stop_code":"41046","stop_name":"Northbound Kildonan Meadow at Edna Perry","routes":"444"}},{"type":"Feature","geometry":{"type":"Point","coordinates":[-97.0295227418,49.9134264535]},"properties":{"stop_id":"41047","stop_code":"41047","stop_name":"Eastbound Kildonan Meadow at Tommy Douglas","routes":"444"}},{"type":"Feature","geometry":{"type":"Point","coordinates":[-97.038548338,49.9082996262]},"properties":{"stop_id":"41044","stop_code":"41044","stop_name":"Eastbound Devonshire at Jerry Klein","routes":"444"}},{"type":"Feature","geometry":{"type":"Point","coordinates":[-97.0057299524,49.905337139]},"properties":{"stop_id":"40068","stop_code":"40068","stop_name":"Eastbound McMeans at Bond","routes":"48"}},{"type":"Feature","geometry":{"type":"Point","coordinates":[-97.0440894779,49.9083574091]},"properties":{"stop_id":"41043","stop_code":"41043","stop_name":"Eastbound Devonshire at Private Davy","routes":"444"}},{"type":"Feature","geometry":{"type":"Point","coordinates":[-97.0576691936,49.9066341378]},"properties":{"stop_id":"41040","stop_code":"41040","stop_name":"Southbound Art Miki at Ravelston","routes":"442"}},{"type":"Feature","geometry":{"type":"Point","coordinates":[-97.0571908308,49.9046741779]},"properties":{"stop_id":"41041","stop_code":"41041","stop_name":"Eastbound El Tassi at Art Miki","routes":"442"}},{"type":"Feature","geometry":{"type":"Point","coordinates":[-97.0030130889,49.9006398112]},"properties":{"stop_id":"40062","stop_code":"40062","stop_name":"Eastbound Kildare at Day","routes":"D14"}},{"type":"Feature","geometry":{"type":"Point","coordinates":[-97.0032027208,49.9007690149]},"properties":{"stop_id":"40061","stop_code":"40061","stop_name":"Westbound Kildare at Day","routes":"D14"}},{"type":"Feature","geometry":{"type":"Point","coordinates":[-97.0051120136,49.905461417]},"properties":{"stop_id":"40067","stop_code":"40067","stop_name":"Westbound McMeans at Bond","routes":"48"}},{"type":"Feature","geometry":{"type":"Point","coordinates":[-97.0028569079,49.8949791733]},"properties":{"stop_id":"40066","stop_code":"40066","stop_name":"Eastbound Regent at Day","routes":"FX3"}},{"type":"Feature","geometry":{"type":"Point","coordinates":[-97.0255213658,49.9060092698]},"properties":{"stop_id":"41048","stop_code":"41048","stop_name":"Southbound Plessis at Sanford Fleming","routes":"444"}},{"type":"Feature","geometry":{"type":"Point","coordinates":[-97.0255651331,49.903914156]},"properties":{"stop_id":"41049","stop_code":"41049","stop_name":"Southbound Plessis at Kildonan Meadow","routes":"444"}},{"type":"Feature","geometry":{"type":"Point","coordinates":[-97.200117901,49.9015065829]},"properties":{"stop_id":"20006","stop_code":"20006","stop_name":"Southbound St James at Wellington","routes":"74"}},{"type":"Feature","geometry":{"type":"Point","coordinates":[-97.2004292881,49.8980033879]},"properties":{"stop_id":"20005","stop_code":"20005","stop_name":"Southbound St James at Sargent","routes":"74"}},{"type":"Feature","geometry":{"type":"Point","coordinates":[-97.2007551275,49.8937358425]},"properties":{"stop_id":"20004","stop_code":"20004","stop_name":"Southbound St James at Ellice","routes":"74"}},{"type":"Feature","geometry":{"type":"Point","coordinates":[-97.2009783202,49.891103784]},"properties":{"stop_id":"20003","stop_code":"20003","stop_name":"Southbound St James at St. Matthews","routes":"74"}},{"type":"Feature","geometry":{"type":"Point","coordinates":[-97.201717311,49.8820843054]},"properties":{"stop_id":"20001","stop_code":"20001","stop_name":"Southbound St James at Ness South","routes":"D15, FX4"}},{"type":"Feature","geometry":{"type":"Point","coordinates":[-97.1884414243,49.8905215072]},"properties":{"stop_id":"10243","stop_code":"10243","stop_name":"Northbound Valour at St. Matthews","routes":"224"}},{"type":"Feature","geometry":{"type":"Point","coordinates":[-97.0905729564,49.9579494039]},"properties":{"stop_id":"30940","stop_code":"30940","stop_name":"Westbound Red River at Meadowcrest","routes":"31"}},{"type":"Feature","geometry":{"type":"Point","coordinates":[-97.1881956697,49.8937378654]},"properties":{"stop_id":"10246","stop_code":"10246","stop_name":"Northbound Valour at Ellice","routes":"224"}},{"type":"Feature","geometry":{"type":"Point","coordinates":[-97.1883830844,49.8939386878]},"properties":{"stop_id":"10247","stop_code":"10247","stop_name":"Southbound Valour at Ellice","routes":"224"}},{"type":"Feature","geometry":{"type":"Point","coordinates":[-97.188629501,49.8907043497]},"properties":{"stop_id":"10244","stop_code":"10244","stop_name":"Southbound Valour at St. Matthews","routes":"224"}},{"type":"Feature","geometry":{"type":"Point","coordinates":[-97.1995625635,49.9085679836]},"properties":{"stop_id":"20008","stop_code":"20008","stop_name":"Southbound St James at Dublin South","routes":"74"}},{"type":"Feature","geometry":{"type":"Point","coordinates":[-97.1762617034,49.9380755393]},"properties":{"stop_id":"30558","stop_code":"30558","stop_name":"Eastbound Church at Milner","routes":"332"}},{"type":"Feature","geometry":{"type":"Point","coordinates":[-97.1790515635,49.9391178789]},"properties":{"stop_id":"30559","stop_code":"30559","stop_name":"Westbound Church at Sheppard","routes":"332"}},{"type":"Feature","geometry":{"type":"Point","coordinates":[-97.1766301559,49.9345913082]},"properties":{"stop_id":"30551","stop_code":"30551","stop_name":"Westbound Mountain at Bentall","routes":"38"}},{"type":"Feature","geometry":{"type":"Point","coordinates":[-97.1775442808,49.9347406222]},"properties":{"stop_id":"30552","stop_code":"30552","stop_name":"Eastbound Mountain at Bentall","routes":"38"}},{"type":"Feature","geometry":{"type":"Point","coordinates":[-97.1802962591,49.9356743977]},"properties":{"stop_id":"30553","stop_code":"30553","stop_name":"Westbound Mountain at Sheppard","routes":"38"}},{"type":"Feature","geometry":{"type":"Point","coordinates":[-97.1802602328,49.9355209177]},"properties":{"stop_id":"30554","stop_code":"30554","stop_name":"Eastbound Mountain at Sheppard","routes":"38"}},{"type":"Feature","geometry":{"type":"Point","coordinates":[-97.1726077409,49.9370374888]},"properties":{"stop_id":"30555","stop_code":"30555","stop_name":"Westbound Church at Bunting","routes":"332"}},{"type":"Feature","geometry":{"type":"Point","coordinates":[-97.1729987486,49.9370166736]},"properties":{"stop_id":"30556","stop_code":"30556","stop_name":"Eastbound Church at Bunting","routes":"332"}},{"type":"Feature","geometry":{"type":"Point","coordinates":[-97.1758435104,49.9380779475]},"properties":{"stop_id":"30557","stop_code":"30557","stop_name":"Westbound Church at Milner","routes":"332"}},{"type":"Feature","geometry":{"type":"Point","coordinates":[-97.0255403608,49.8980399237]},"properties":{"stop_id":"40118","stop_code":"40118","stop_name":"Southbound Plessis at Rosseau","routes":"440, 444, D14"}},{"type":"Feature","geometry":{"type":"Point","coordinates":[-97.0252942518,49.8982695981]},"properties":{"stop_id":"40117","stop_code":"40117","stop_name":"Northbound Plessis at Rosseau","routes":"440, 444, D14"}},{"type":"Feature","geometry":{"type":"Point","coordinates":[-97.0212377357,49.9007549315]},"properties":{"stop_id":"40110","stop_code":"40110","stop_name":"Eastbound Kildare at Brewster","routes":"48, D14"}},{"type":"Feature","geometry":{"type":"Point","coordinates":[-97.2143281291,49.8666462204]},"properties":{"stop_id":"60460","stop_code":"60460","stop_name":"Westbound Corydon at Southport","routes":"70, D19"}},{"type":"Feature","geometry":{"type":"Point","coordinates":[-97.1825024631,49.8020880136]},"properties":{"stop_id":"61170","stop_code":"61170","stop_name":"Eastbound Bridgeland at Maple Creek","routes":"74, 676"}},{"type":"Feature","geometry":{"type":"Point","coordinates":[-97.1229542442,49.8770650232]},"properties":{"stop_id":"50220","stop_code":"50220","stop_name":"Northbound Tache at St. Mary's","routes":"888"}},{"type":"Feature","geometry":{"type":"Point","coordinates":[-97.2852546459,49.8977885206]},"properties":{"stop_id":"20313","stop_code":"20313","stop_name":"Westbound Quail Ridge at Quail West","routes":"220"}},{"type":"Feature","geometry":{"type":"Point","coordinates":[-97.1836106416,49.801070977]},"properties":{"stop_id":"62168","stop_code":"62168","stop_name":"Northbound North Town at Bison","routes":"74"}},{"type":"Feature","geometry":{"type":"Point","coordinates":[-97.2880185583,49.8948431112]},"properties":{"stop_id":"20315","stop_code":"20315","stop_name":"Eastbound Hamilton at Valley View","routes":"220"}},{"type":"Feature","geometry":{"type":"Point","coordinates":[-97.0997061829,49.8565726415]},"properties":{"stop_id":"51107","stop_code":"51107","stop_name":"Eastbound Alpine at Alpine","routes":"557"}},{"type":"Feature","geometry":{"type":"Point","coordinates":[-97.2929696805,49.8930362728]},"properties":{"stop_id":"20319","stop_code":"20319","stop_name":"Westbound Hamilton at Crestview Park","routes":"220"}},{"type":"Feature","geometry":{"type":"Point","coordinates":[-97.2927128839,49.8928166093]},"properties":{"stop_id":"20318","stop_code":"20318","stop_name":"Eastbound Hamilton at Parkhill","routes":"220"}},{"type":"Feature","geometry":{"type":"Point","coordinates":[-97.2313694135,49.8469929124]},"properties":{"stop_id":"62166","stop_code":"62166","stop_name":"Northbound Shaftesbury at Shaftesbury Park","routes":"664"}},{"type":"Feature","geometry":{"type":"Point","coordinates":[-97.1837535701,49.8009652793]},"properties":{"stop_id":"62167","stop_code":"62167","stop_name":"Southbound North Town at Bison","routes":"74"}},{"type":"Feature","geometry":{"type":"Point","coordinates":[-97.0542150584,49.9433119318]},"properties":{"stop_id":"40808","stop_code":"40808","stop_name":"Southbound Raleigh at McIvor Loop","routes":"442"}},{"type":"Feature","geometry":{"type":"Point","coordinates":[-97.0925257779,49.8092389803]},"properties":{"stop_id":"51105","stop_code":"51105","stop_name":"Northbound Dakota at John Forsyth","routes":"F6"}},{"type":"Feature","geometry":{"type":"Point","coordinates":[-97.1319541269,49.9269710566]},"properties":{"stop_id":"30152","stop_code":"30152","stop_name":"Southbound Salter at Bannerman","routes":"D11"}},{"type":"Feature","geometry":{"type":"Point","coordinates":[-97.1315287323,49.9271620823]},"properties":{"stop_id":"30153","stop_code":"30153","stop_name":"Northbound Salter at Bannerman","routes":"D11"}},{"type":"Feature","geometry":{"type":"Point","coordinates":[-97.0354672397,49.9436699641]},"properties":{"stop_id":"40801","stop_code":"40801","stop_name":"Eastbound Headmaster at DeVries","routes":"442"}},{"type":"Feature","geometry":{"type":"Point","coordinates":[-97.0574256085,49.8964026391]},"properties":{"stop_id":"40800","stop_code":"40800","stop_name":"Westbound Regent at Rougeau","routes":"48, 442, 444, 446"}},{"type":"Feature","geometry":{"type":"Point","coordinates":[-97.0354749519,49.9438230108]},"properties":{"stop_id":"40802","stop_code":"40802","stop_name":"Westbound Headmaster at DeVries","routes":"442"}},{"type":"Feature","geometry":{"type":"Point","coordinates":[-96.9811027676,49.9007454197]},"properties":{"stop_id":"40805","stop_code":"40805","stop_name":"Eastbound Kildare at Redonda West","routes":"D14"}},{"type":"Feature","geometry":{"type":"Point","coordinates":[-97.1330989349,49.9251095695]},"properties":{"stop_id":"30159","stop_code":"30159","stop_name":"Northbound Salter at Machray","routes":"D11"}},{"type":"Feature","geometry":{"type":"Point","coordinates":[-97.1133598731,49.9421319503]},"properties":{"stop_id":"30028","stop_code":"30028","stop_name":"Northbound Main at Leila","routes":"31, D10"}},{"type":"Feature","geometry":{"type":"Point","coordinates":[-97.1137655734,49.9420935849]},"properties":{"stop_id":"30029","stop_code":"30029","stop_name":"Southbound Main at Leila","routes":"31"}},{"type":"Feature","geometry":{"type":"Point","coordinates":[-97.1118604662,49.9448329885]},"properties":{"stop_id":"30024","stop_code":"30024","stop_name":"Southbound Main at Kildonan Park","routes":"31, D10"}},{"type":"Feature","geometry":{"type":"Point","coordinates":[-97.0982634458,49.917391583]},"properties":{"stop_id":"40484","stop_code":"40484","stop_name":"Southbound Watt at Munroe","routes":"38, 43, 551"}},{"type":"Feature","geometry":{"type":"Point","coordinates":[-97.0955330393,49.9198653067]},"properties":{"stop_id":"40487","stop_code":"40487","stop_name":"Southbound Watt at Neil","routes":"43, 551"}},{"type":"Feature","geometry":{"type":"Point","coordinates":[-97.1140109182,49.942592305]},"properties":{"stop_id":"30027","stop_code":"30027","stop_name":"Westbound Leila at Main","routes":"D10, FX2"}},{"type":"Feature","geometry":{"type":"Point","coordinates":[-97.1198843946,49.9435243526]},"properties":{"stop_id":"30020","stop_code":"30020","stop_name":"Southbound Salter at Partridge","routes":"D11"}},{"type":"Feature","geometry":{"type":"Point","coordinates":[-97.0980585086,49.9172892711]},"properties":{"stop_id":"40483","stop_code":"40483","stop_name":"Northbound Watt at Munroe","routes":"38, 43, 551"}},{"type":"Feature","geometry":{"type":"Point","coordinates":[-97.1113750296,49.9447711021]},"properties":{"stop_id":"30023","stop_code":"30023","stop_name":"Northbound Main at Kildonan Park","routes":"31, D10"}},{"type":"Feature","geometry":{"type":"Point","coordinates":[-97.0751168705,49.8538814925]},"properties":{"stop_id":"50315","stop_code":"50315","stop_name":"Westbound Vermillion at Clearwater","routes":"551, 557"}},{"type":"Feature","geometry":{"type":"Point","coordinates":[-97.0737664509,49.8539039977]},"properties":{"stop_id":"50316","stop_code":"50316","stop_name":"Eastbound Vermillion at Brereton","routes":"551, 557"}},{"type":"Feature","geometry":{"type":"Point","coordinates":[-97.1031998879,49.8540483603]},"properties":{"stop_id":"50537","stop_code":"50537","stop_name":"Southbound St Anne's at Niakwa","routes":"F7"}},{"type":"Feature","geometry":{"type":"Point","coordinates":[-97.0787203615,49.8542292201]},"properties":{"stop_id":"50310","stop_code":"50310","stop_name":"Southbound Lakewood at Southdale Centre","routes":"551, 557, 558, D15, F9"}},{"type":"Feature","geometry":{"type":"Point","coordinates":[-97.0560880665,49.9417962491]},"properties":{"stop_id":"40646","stop_code":"40646","stop_name":"Northbound Raleigh at Gilmore","routes":"442"}},{"type":"Feature","geometry":{"type":"Point","coordinates":[-97.0680747513,49.9031112964]},"properties":{"stop_id":"40645","stop_code":"40645","stop_name":"Eastbound Reenders at Panet","routes":"D17"}},{"type":"Feature","geometry":{"type":"Point","coordinates":[-97.2178362128,49.9421948218]},"properties":{"stop_id":"30809","stop_code":"30809","stop_name":"Eastbound Lucas at Burrows","routes":"336"}},{"type":"Feature","geometry":{"type":"Point","coordinates":[-97.2251673589,49.942199463]},"properties":{"stop_id":"30806","stop_code":"30806","stop_name":"Eastbound Lucas at Barnham","routes":"336"}},{"type":"Feature","geometry":{"type":"Point","coordinates":[-97.1988713804,49.9517868228]},"properties":{"stop_id":"30804","stop_code":"30804","stop_name":"Westbound Garton at Inkster Garden North","routes":"74, 332"}},{"type":"Feature","geometry":{"type":"Point","coordinates":[-97.0590733572,49.9427728204]},"properties":{"stop_id":"40648","stop_code":"40648","stop_name":"Westbound Gilmore at Serenity","routes":"442"}},{"type":"Feature","geometry":{"type":"Point","coordinates":[-97.0699383582,49.8539571504]},"properties":{"stop_id":"50318","stop_code":"50318","stop_name":"Eastbound Vermillion at Lake Park","routes":"551, 557"}},{"type":"Feature","geometry":{"type":"Point","coordinates":[-97.0696556333,49.8540693714]},"properties":{"stop_id":"50319","stop_code":"50319","stop_name":"Westbound Vermillion at Lake Park","routes":"551, 557"}},{"type":"Feature","geometry":{"type":"Point","coordinates":[-97.1565892037,49.8081545604]},"properties":{"stop_id":"62016","stop_code":"62016","stop_name":"Westbound Markham at Markham Station","routes":"662, 678"}},{"type":"Feature","geometry":{"type":"Point","coordinates":[-97.1689191372,49.8423697809]},"properties":{"stop_id":"62017","stop_code":"62017","stop_name":"Northbound Seel Station at Seel Station","routes":"679, 680"}},{"type":"Feature","geometry":{"type":"Point","coordinates":[-97.1660574829,49.848522071]},"properties":{"stop_id":"62014","stop_code":"62014","stop_name":"Northbound Southwest Transitway at Beaumont Station (D11)","routes":"D11"}},{"type":"Feature","geometry":{"type":"Point","coordinates":[-97.1657705827,49.8487513961]},"properties":{"stop_id":"62015","stop_code":"62015","stop_name":"Southbound Southwest Transitway at Beaumont Station (Routes 641, 677)","routes":"641, 677"}},{"type":"Feature","geometry":{"type":"Point","coordinates":[-97.3080378216,49.8463579247]},"properties":{"stop_id":"62012","stop_code":"62012","stop_name":"Northbound Charleswood at Hofsted","routes":"223"}},{"type":"Feature","geometry":{"type":"Point","coordinates":[-97.3076156439,49.8504804347]},"properties":{"stop_id":"62013","stop_code":"62013","stop_name":"Northbound Charleswood at Rannock","routes":"223"}},{"type":"Feature","geometry":{"type":"Point","coordinates":[-97.3176756327,49.8460126582]},"properties":{"stop_id":"62010","stop_code":"62010","stop_name":"Eastbound McKellar at Peregrine","routes":"223"}},{"type":"Feature","geometry":{"type":"Point","coordinates":[-97.3125344836,49.841458346]},"properties":{"stop_id":"62011","stop_code":"62011","stop_name":"Eastbound Couture at Kestrel","routes":"223"}},{"type":"Feature","geometry":{"type":"Point","coordinates":[-97.0604108294,49.9236987681]},"properties":{"stop_id":"40247","stop_code":"40247","stop_name":"Northbound Louelda at Stacey","routes":"330"}},{"type":"Feature","geometry":{"type":"Point","coordinates":[-97.0757274307,49.9015386967]},"properties":{"stop_id":"40245","stop_code":"40245","stop_name":"Eastbound Talbot at Stapleton","routes":"D17"}},{"type":"Feature","geometry":{"type":"Point","coordinates":[-97.1593840979,49.8821025775]},"properties":{"stop_id":"10205","stop_code":"10205","stop_name":"Northbound Sherbrook at Westminster","routes":"D11"}},{"type":"Feature","geometry":{"type":"Point","coordinates":[-97.0707929509,49.908634626]},"properties":{"stop_id":"40243","stop_code":"40243","stop_name":"Eastbound Munroe at Molson","routes":"38"}},{"type":"Feature","geometry":{"type":"Point","coordinates":[-97.1946655827,49.9330299229]},"properties":{"stop_id":"30735","stop_code":"30735","stop_name":"Westbound Manitoba at Keewatin East","routes":"336"}},{"type":"Feature","geometry":{"type":"Point","coordinates":[-97.194545278,49.9328931235]},"properties":{"stop_id":"30736","stop_code":"30736","stop_name":"Eastbound Manitoba at Keewatin East","routes":"336"}},{"type":"Feature","geometry":{"type":"Point","coordinates":[-97.1934534418,49.9326512227]},"properties":{"stop_id":"30737","stop_code":"30737","stop_name":"Westbound Manitoba at Dorset","routes":"336"}},{"type":"Feature","geometry":{"type":"Point","coordinates":[-97.1927274167,49.932316077]},"properties":{"stop_id":"30738","stop_code":"30738","stop_name":"Eastbound Manitoba at Dorset","routes":"336"}},{"type":"Feature","geometry":{"type":"Point","coordinates":[-97.1910713347,49.9318854478]},"properties":{"stop_id":"30739","stop_code":"30739","stop_name":"Westbound Manitoba at Chudley","routes":"336"}},{"type":"Feature","geometry":{"type":"Point","coordinates":[-97.061529086,49.9225661315]},"properties":{"stop_id":"40248","stop_code":"40248","stop_name":"Northbound Louelda at Tu Pelo","routes":"330"}},{"type":"Feature","geometry":{"type":"Point","coordinates":[-97.0796757789,49.8083517631]},"properties":{"stop_id":"50956","stop_code":"50956","stop_name":"Westbound Aldgate at Kamberwell West","routes":"552"}},{"type":"Feature","geometry":{"type":"Point","coordinates":[-97.0796516773,49.8110679109]},"properties":{"stop_id":"50957","stop_code":"50957","stop_name":"Eastbound John Forsyth at Aldgate","routes":"552, 676"}},{"type":"Feature","geometry":{"type":"Point","coordinates":[-97.0836844829,49.8117284622]},"properties":{"stop_id":"50954","stop_code":"50954","stop_name":"Southbound Ashworth at Gablehurst","routes":"552"}},{"type":"Feature","geometry":{"type":"Point","coordinates":[-97.1237886361,49.8846254017]},"properties":{"stop_id":"50952","stop_code":"50952","stop_name":"Southbound Tache at Rinella (St. Boniface Hospital)","routes":"888, D16"}},{"type":"Feature","geometry":{"type":"Point","coordinates":[-97.083595453,49.8118709105]},"properties":{"stop_id":"50953","stop_code":"50953","stop_name":"Northbound Ashworth at Julia","routes":"552"}},{"type":"Feature","geometry":{"type":"Point","coordinates":[-97.0730530776,49.8249636982]},"properties":{"stop_id":"50950","stop_code":"50950","stop_name":"Northbound Shorehill at Yorkwood","routes":"558"}},{"type":"Feature","geometry":{"type":"Point","coordinates":[-97.0736481001,49.8246857609]},"properties":{"stop_id":"50951","stop_code":"50951","stop_name":"Southbound Shorehill at Westwater East","routes":"558"}},{"type":"Feature","geometry":{"type":"Point","coordinates":[-97.1131282701,49.8102334649]},"properties":{"stop_id":"51001","stop_code":"51001","stop_name":"Southbound St Mary's at Henteleff Park","routes":"676"}},{"type":"Feature","geometry":{"type":"Point","coordinates":[-97.089774514,49.8875501569]},"properties":{"stop_id":"51000","stop_code":"51000","stop_name":"Northbound Dawson at Van Bellegham","routes":"886, 887"}},{"type":"Feature","geometry":{"type":"Point","coordinates":[-97.043201289,49.8852159853]},"properties":{"stop_id":"50001","stop_code":"50001","stop_name":"Southbound Beghin at Dugald South","routes":"887"}},{"type":"Feature","geometry":{"type":"Point","coordinates":[-97.0888054806,49.9550508475]},"properties":{"stop_id":"30938","stop_code":"30938","stop_name":"Northbound Rivergrove at Attridge","routes":"31"}},{"type":"Feature","geometry":{"type":"Point","coordinates":[-97.0882716512,49.9569129916]},"properties":{"stop_id":"30939","stop_code":"30939","stop_name":"Westbound Red River at Sandalwood","routes":"31"}},{"type":"Feature","geometry":{"type":"Point","coordinates":[-97.1130162883,49.8456275037]},"properties":{"stop_id":"50557","stop_code":"50557","stop_name":"Southbound St Mary's at Norberry","routes":"FX2"}},{"type":"Feature","geometry":{"type":"Point","coordinates":[-97.039486236,49.8844784794]},"properties":{"stop_id":"50006","stop_code":"50006","stop_name":"Westbound Durand at Beghin East","routes":"887"}},{"type":"Feature","geometry":{"type":"Point","coordinates":[-97.0430017926,49.8853295487]},"properties":{"stop_id":"50008","stop_code":"50008","stop_name":"Northbound Beghin at Dugald South","routes":"887"}},{"type":"Feature","geometry":{"type":"Point","coordinates":[-97.0930577296,49.9532859757]},"properties":{"stop_id":"30933","stop_code":"30933","stop_name":"Westbound Ridgecrest at West Kildonan","routes":"31"}},{"type":"Feature","geometry":{"type":"Point","coordinates":[-97.1126902547,49.8457840989]},"properties":{"stop_id":"50558","stop_code":"50558","stop_name":"Northbound St Mary's at Norberry","routes":"FX2"}},{"type":"Feature","geometry":{"type":"Point","coordinates":[-97.0887990741,49.9552126514]},"properties":{"stop_id":"30931","stop_code":"30931","stop_name":"Southbound Rivergrove at Attridge","routes":"31"}},{"type":"Feature","geometry":{"type":"Point","coordinates":[-97.093789746,49.953459938]},"properties":{"stop_id":"30936","stop_code":"30936","stop_name":"Eastbound Ridgecrest at West Kildonan","routes":"31"}},{"type":"Feature","geometry":{"type":"Point","coordinates":[-97.0908457147,49.953168572]},"properties":{"stop_id":"30937","stop_code":"30937","stop_name":"Northbound Rivergrove at Grifindale","routes":"31"}},{"type":"Feature","geometry":{"type":"Point","coordinates":[-97.0970914319,49.9549354484]},"properties":{"stop_id":"30934","stop_code":"30934","stop_name":"Westbound Ridgecrest at Main","routes":"31"}},{"type":"Feature","geometry":{"type":"Point","coordinates":[-97.04448267,49.8493650107]},"properties":{"stop_id":"50822","stop_code":"50822","stop_name":"Westbound Royal Mint at Morning Glory","routes":"558"}},{"type":"Feature","geometry":{"type":"Point","coordinates":[-97.1423983177,49.8963132394]},"properties":{"stop_id":"10655","stop_code":"10655","stop_name":"Northbound King at Notre Dame","routes":"D16, F8"}},{"type":"Feature","geometry":{"type":"Point","coordinates":[-97.062541094,49.8364548915]},"properties":{"stop_id":"50792","stop_code":"50792","stop_name":"Northbound Desjardins at Myles Robinson","routes":"557"}},{"type":"Feature","geometry":{"type":"Point","coordinates":[-97.0389081178,49.8513305606]},"properties":{"stop_id":"50821","stop_code":"50821","stop_name":"Eastbound Blue Mountain at Royal Park","routes":"558"}},{"type":"Feature","geometry":{"type":"Point","coordinates":[-97.1696745987,49.9504475756]},"properties":{"stop_id":"31045","stop_code":"31045","stop_name":"Southbound Sheppard at Jefferson","routes":"38"}},{"type":"Feature","geometry":{"type":"Point","coordinates":[-97.0557881638,49.8366474544]},"properties":{"stop_id":"50795","stop_code":"50795","stop_name":"Southbound De La Seigneurie at Pynoo","routes":"557"}},{"type":"Feature","geometry":{"type":"Point","coordinates":[-97.1796824242,49.939019858]},"properties":{"stop_id":"31047","stop_code":"31047","stop_name":"Southbound Sheppard at Church","routes":"38"}},{"type":"Feature","geometry":{"type":"Point","coordinates":[-97.1756081906,49.9443077235]},"properties":{"stop_id":"31046","stop_code":"31046","stop_name":"Southbound Sheppard at Inkster","routes":"38"}},{"type":"Feature","geometry":{"type":"Point","coordinates":[-97.0961254282,49.8078320584]},"properties":{"stop_id":"50798","stop_code":"50798","stop_name":"Southbound Highbury at John Forsyth","routes":"F6"}},{"type":"Feature","geometry":{"type":"Point","coordinates":[-97.1792102365,49.939345247]},"properties":{"stop_id":"31048","stop_code":"31048","stop_name":"Northbound Sheppard at Church","routes":"38"}},{"type":"Feature","geometry":{"type":"Point","coordinates":[-97.0936275091,49.8084385782]},"properties":{"stop_id":"50828","stop_code":"50828","stop_name":"Westbound John Forsyth at Glenham","routes":"676, F6"}},{"type":"Feature","geometry":{"type":"Point","coordinates":[-97.1003234095,49.931259735]},"properties":{"stop_id":"40383","stop_code":"40383","stop_name":"Northbound Henderson at Greene","routes":"442"}},{"type":"Feature","geometry":{"type":"Point","coordinates":[-97.139168058,49.8057528406]},"properties":{"stop_id":"61116","stop_code":"61116","stop_name":"Eastbound Dafoe at University","routes":"74, F8"}},{"type":"Feature","geometry":{"type":"Point","coordinates":[-97.1396417021,49.8057244767]},"properties":{"stop_id":"61117","stop_code":"61117","stop_name":"Westbound Dafoe at University","routes":"74, F8"}},{"type":"Feature","geometry":{"type":"Point","coordinates":[-97.1469199225,49.8029358426]},"properties":{"stop_id":"61114","stop_code":"61114","stop_name":"Eastbound Innovation at Research","routes":"74, F8"}},{"type":"Feature","geometry":{"type":"Point","coordinates":[-97.0872045638,49.8856457345]},"properties":{"stop_id":"50928","stop_code":"50928","stop_name":"Northbound Dawson at Dugald","routes":"886, 887"}},{"type":"Feature","geometry":{"type":"Point","coordinates":[-97.2018178625,49.8149019647]},"properties":{"stop_id":"61112","stop_code":"61112","stop_name":"Southbound Columbia at Scurfield","routes":"650"}},{"type":"Feature","geometry":{"type":"Point","coordinates":[-97.2148489917,49.9015817308]},"properties":{"stop_id":"20041","stop_code":"20041","stop_name":"Eastbound Wellington at Canada Post","routes":"224, D12, D13"}},{"type":"Feature","geometry":{"type":"Point","coordinates":[-97.204878493,49.8174681045]},"properties":{"stop_id":"61110","stop_code":"61110","stop_name":"Southbound Columbia at Marygrove North","routes":"74, 650"}},{"type":"Feature","geometry":{"type":"Point","coordinates":[-97.2037742238,49.8161286934]},"properties":{"stop_id":"61111","stop_code":"61111","stop_name":"Southbound Columbia at Marygrove South","routes":"74, 650"}},{"type":"Feature","geometry":{"type":"Point","coordinates":[-97.0732328756,49.8820048546]},"properties":{"stop_id":"50022","stop_code":"50022","stop_name":"Westbound Marion at Lagimodiere","routes":"551"}},{"type":"Feature","geometry":{"type":"Point","coordinates":[-97.2153417552,49.9018142008]},"properties":{"stop_id":"20040","stop_code":"20040","stop_name":"Westbound Wellington at Canada Post","routes":"224, D12, D13"}},{"type":"Feature","geometry":{"type":"Point","coordinates":[-97.1410949926,49.8921815943]},"properties":{"stop_id":"10653","stop_code":"10653","stop_name":"Northbound Smith at Graham South","routes":"F5, F8"}},{"type":"Feature","geometry":{"type":"Point","coordinates":[-97.2104931995,49.8043233034]},"properties":{"stop_id":"60947","stop_code":"60947","stop_name":"Westbound Scurfield at Beacon Hill","routes":"649, 650"}},{"type":"Feature","geometry":{"type":"Point","coordinates":[-97.1705826571,49.9117566815]},"properties":{"stop_id":"10300","stop_code":"10300","stop_name":"Northbound McPhillips at Pacific","routes":"833"}},{"type":"Feature","geometry":{"type":"Point","coordinates":[-97.1280555664,49.8347627953]},"properties":{"stop_id":"50389","stop_code":"50389","stop_name":"Northbound River at Moore","routes":"676"}},{"type":"Feature","geometry":{"type":"Point","coordinates":[-97.1271814099,49.837591107]},"properties":{"stop_id":"50388","stop_code":"50388","stop_name":"Westbound St Vital at Victoria","routes":"676"}},{"type":"Feature","geometry":{"type":"Point","coordinates":[-97.0985247769,49.9330561962]},"properties":{"stop_id":"40384","stop_code":"40384","stop_name":"Northbound Henderson at Leighton","routes":"442, F8"}},{"type":"Feature","geometry":{"type":"Point","coordinates":[-97.0778861006,49.8710452356]},"properties":{"stop_id":"51029","stop_code":"51029","stop_name":"Westbound Elizabeth at Harper","routes":"551"}},{"type":"Feature","geometry":{"type":"Point","coordinates":[-97.1577965815,49.9384129073]},"properties":{"stop_id":"30441","stop_code":"30441","stop_name":"Westbound Inkster at Wiginton","routes":"39"}},{"type":"Feature","geometry":{"type":"Point","coordinates":[-96.9789036517,49.8937177948]},"properties":{"stop_id":"40837","stop_code":"40837","stop_name":"Southbound Redonda at Pandora","routes":"444"}},{"type":"Feature","geometry":{"type":"Point","coordinates":[-97.1541830896,49.7902878299]},"properties":{"stop_id":"60157","stop_code":"60157","stop_name":"Eastbound Killarney at Baylor","routes":"672"}},{"type":"Feature","geometry":{"type":"Point","coordinates":[-97.0902559668,49.8054595378]},"properties":{"stop_id":"50430","stop_code":"50430","stop_name":"Westbound Aldgate at Dakota","routes":"552"}},{"type":"Feature","geometry":{"type":"Point","coordinates":[-97.3118794331,49.8502818347]},"properties":{"stop_id":"61062","stop_code":"61062","stop_name":"Eastbound Rannock at Bingham","routes":"885"}},{"type":"Feature","geometry":{"type":"Point","coordinates":[-97.3082393589,49.8501477432]},"properties":{"stop_id":"61063","stop_code":"61063","stop_name":"Eastbound Rannock at Charleswood","routes":"885"}},{"type":"Feature","geometry":{"type":"Point","coordinates":[-97.1507522721,49.8318355116]},"properties":{"stop_id":"60156","stop_code":"60156","stop_name":"Northbound Pembina at Chevrier","routes":"889, F8"}},{"type":"Feature","geometry":{"type":"Point","coordinates":[-97.2606911854,49.8520696355]},"properties":{"stop_id":"61066","stop_code":"61066","stop_name":"Southbound Laxdal at Eldridge","routes":"885"}},{"type":"Feature","geometry":{"type":"Point","coordinates":[-97.1200238012,49.8915894493]},"properties":{"stop_id":"50179","stop_code":"50179","stop_name":"Northbound Aulneau at Masson","routes":"888"}},{"type":"Feature","geometry":{"type":"Point","coordinates":[-97.2658905292,49.852561409]},"properties":{"stop_id":"61065","stop_code":"61065","stop_name":"Eastbound Eldridge at Haney","routes":"885"}},{"type":"Feature","geometry":{"type":"Point","coordinates":[-97.121173031,49.8924716317]},"properties":{"stop_id":"50175","stop_code":"50175","stop_name":"Westbound Provencher at Aulneau","routes":"888, F7"}},{"type":"Feature","geometry":{"type":"Point","coordinates":[-97.2610091066,49.8486383287]},"properties":{"stop_id":"61068","stop_code":"61068","stop_name":"Southbound Laxdal at Beiko","routes":"885"}},{"type":"Feature","geometry":{"type":"Point","coordinates":[-97.124501209,49.891383232]},"properties":{"stop_id":"50177","stop_code":"50177","stop_name":"Eastbound Provencher at Tache","routes":"F7, FX4"}},{"type":"Feature","geometry":{"type":"Point","coordinates":[-97.204821634,49.938728669]},"properties":{"stop_id":"30695","stop_code":"30695","stop_name":"Westbound Burrows at Albina","routes":"833, D17"}},{"type":"Feature","geometry":{"type":"Point","coordinates":[-97.1673052869,49.7698795377]},"properties":{"stop_id":"60019","stop_code":"60019","stop_name":"Westbound Grandmont at Le Maire","routes":"91"}},{"type":"Feature","geometry":{"type":"Point","coordinates":[-97.2060602044,49.8189706164]},"properties":{"stop_id":"60883","stop_code":"60883","stop_name":"Southbound Columbia at McGillivray","routes":"74, 650"}},{"type":"Feature","geometry":{"type":"Point","coordinates":[-97.1882894264,49.82985666]},"properties":{"stop_id":"60881","stop_code":"60881","stop_name":"Southbound Lindenwood at Waterbury South","routes":"642"}},{"type":"Feature","geometry":{"type":"Point","coordinates":[-97.1849045743,49.8311258967]},"properties":{"stop_id":"60880","stop_code":"60880","stop_name":"Southbound Lindenwood at Foxmeadow","routes":"642"}},{"type":"Feature","geometry":{"type":"Point","coordinates":[-97.191642923,49.8294233761]},"properties":{"stop_id":"60887","stop_code":"60887","stop_name":"Southbound Lindenwood at Farmingdale","routes":"642"}},{"type":"Feature","geometry":{"type":"Point","coordinates":[-97.1854859477,49.8181910931]},"properties":{"stop_id":"60886","stop_code":"60886","stop_name":"Eastbound Scurfield at Henlow East","routes":"649, 690, 691"}},{"type":"Feature","geometry":{"type":"Point","coordinates":[-97.1849929275,49.8183632631]},"properties":{"stop_id":"60885","stop_code":"60885","stop_name":"Westbound Scurfield at Henlow East","routes":"649, 690, 691"}},{"type":"Feature","geometry":{"type":"Point","coordinates":[-97.1608426646,49.8440767109]},"properties":{"stop_id":"60228","stop_code":"60228","stop_name":"Southbound Beaumont at Mars","routes":"694"}},{"type":"Feature","geometry":{"type":"Point","coordinates":[-97.1603951826,49.8437727615]},"properties":{"stop_id":"60227","stop_code":"60227","stop_name":"Northbound Beaumont at Mars","routes":"694"}},{"type":"Feature","geometry":{"type":"Point","coordinates":[-97.1596465099,49.8426094889]},"properties":{"stop_id":"60225","stop_code":"60225","stop_name":"Southbound Beaumont at Waterford","routes":"694"}},{"type":"Feature","geometry":{"type":"Point","coordinates":[-97.1593844417,49.8425513508]},"properties":{"stop_id":"60224","stop_code":"60224","stop_name":"Northbound Beaumont at Waterford","routes":"694"}},{"type":"Feature","geometry":{"type":"Point","coordinates":[-97.158358589,49.8409968723]},"properties":{"stop_id":"60223","stop_code":"60223","stop_name":"Southbound Beaumont at Riverwood","routes":"694"}},{"type":"Feature","geometry":{"type":"Point","coordinates":[-97.1580968727,49.8409297417]},"properties":{"stop_id":"60222","stop_code":"60222","stop_name":"Northbound Beaumont at Riverwood","routes":"694"}},{"type":"Feature","geometry":{"type":"Point","coordinates":[-97.2037040954,49.9384235035]},"properties":{"stop_id":"30692","stop_code":"30692","stop_name":"Eastbound Burrows at Albina","routes":"833, D17"}},{"type":"Feature","geometry":{"type":"Point","coordinates":[-97.2124570085,49.9497036054]},"properties":{"stop_id":"31070","stop_code":"31070","stop_name":"Eastbound Haggart at Groverdale","routes":"336"}},{"type":"Feature","geometry":{"type":"Point","coordinates":[-97.2939132814,49.8753571956]},"properties":{"stop_id":"20363","stop_code":"20363","stop_name":"Southbound Westwood at Magellan","routes":"885"}},{"type":"Feature","geometry":{"type":"Point","coordinates":[-97.1784604411,49.8386794525]},"properties":{"stop_id":"61288","stop_code":"61288","stop_name":"Eastbound Seel at Waverley East","routes":"28, 642, 679, 680"}},{"type":"Feature","geometry":{"type":"Point","coordinates":[-97.1745641326,49.8398413912]},"properties":{"stop_id":"61289","stop_code":"61289","stop_name":"Eastbound Seel at Otter","routes":"28, 642, 679, 680"}},{"type":"Feature","geometry":{"type":"Point","coordinates":[-97.1979444585,49.8274887861]},"properties":{"stop_id":"61286","stop_code":"61286","stop_name":"Southbound Lindenwood at Lindenwood East","routes":"641"}},{"type":"Feature","geometry":{"type":"Point","coordinates":[-97.1805342272,49.8386401131]},"properties":{"stop_id":"61287","stop_code":"61287","stop_name":"Eastbound Lindenwood at Waverley","routes":"642"}},{"type":"Feature","geometry":{"type":"Point","coordinates":[-97.1788853714,49.8469885803]},"properties":{"stop_id":"61284","stop_code":"61284","stop_name":"Westbound Hurst at Waverley East","routes":"641, 677"}},{"type":"Feature","geometry":{"type":"Point","coordinates":[-97.1785048935,49.8467487216]},"properties":{"stop_id":"61283","stop_code":"61283","stop_name":"Eastbound Hurst at Waverley East","routes":"641, 677"}},{"type":"Feature","geometry":{"type":"Point","coordinates":[-97.1680169438,49.8298073683]},"properties":{"stop_id":"61280","stop_code":"61280","stop_name":"Northbound Hamelin at Clarence","routes":"694"}},{"type":"Feature","geometry":{"type":"Point","coordinates":[-97.1663453289,49.7680832811]},"properties":{"stop_id":"60089","stop_code":"60089","stop_name":"Southbound Le Maire at la Porte","routes":"91"}},{"type":"Feature","geometry":{"type":"Point","coordinates":[-97.1325838235,49.8034879211]},"properties":{"stop_id":"60088","stop_code":"60088","stop_name":"Northbound King's at Pasadena","routes":"662, 671, 672"}},{"type":"Feature","geometry":{"type":"Point","coordinates":[-97.1225036958,49.9345898672]},"properties":{"stop_id":"30109","stop_code":"30109","stop_name":"Eastbound Jefferson at Aikins","routes":"37"}},{"type":"Feature","geometry":{"type":"Point","coordinates":[-97.1359033181,49.7999253993]},"properties":{"stop_id":"60083","stop_code":"60083","stop_name":"Eastbound Silverstone at Aurora","routes":"662, 671, 672"}},{"type":"Feature","geometry":{"type":"Point","coordinates":[-97.1398965697,49.7987123574]},"properties":{"stop_id":"60082","stop_code":"60082","stop_name":"Westbound Silverstone at Celtic","routes":"662, 671, 672"}},{"type":"Feature","geometry":{"type":"Point","coordinates":[-97.1225120327,49.9347339221]},"properties":{"stop_id":"30108","stop_code":"30108","stop_name":"Westbound Jefferson at Aikins","routes":"37"}},{"type":"Feature","geometry":{"type":"Point","coordinates":[-97.1326292432,49.8030299013]},"properties":{"stop_id":"60087","stop_code":"60087","stop_name":"Southbound King's at Pasadena","routes":"662, 671, 672"}},{"type":"Feature","geometry":{"type":"Point","coordinates":[-97.1319046798,49.8012731441]},"properties":{"stop_id":"60086","stop_code":"60086","stop_name":"Eastbound Silverstone at King's Drive","routes":"662, 671, 672"}},{"type":"Feature","geometry":{"type":"Point","coordinates":[-97.1320401083,49.8013652823]},"properties":{"stop_id":"60085","stop_code":"60085","stop_name":"Westbound Silverstone at King's Drive","routes":"662, 671, 672"}},{"type":"Feature","geometry":{"type":"Point","coordinates":[-97.1357995388,49.8000946352]},"properties":{"stop_id":"60084","stop_code":"60084","stop_name":"Westbound Silverstone at Aurora","routes":"662, 671, 672"}},{"type":"Feature","geometry":{"type":"Point","coordinates":[-97.2742445266,49.8590097109]},"properties":{"stop_id":"60538","stop_code":"60538","stop_name":"Eastbound Grant at Fairmont","routes":"885"}},{"type":"Feature","geometry":{"type":"Point","coordinates":[-97.2654965004,49.8592927387]},"properties":{"stop_id":"60533","stop_code":"60533","stop_name":"Westbound Grant at Haney","routes":"885, FX3"}},{"type":"Feature","geometry":{"type":"Point","coordinates":[-97.2601974817,49.858844428]},"properties":{"stop_id":"60532","stop_code":"60532","stop_name":"Eastbound Grant at Charleswood Centre (Park & Ride)","routes":"885, FX3"}},{"type":"Feature","geometry":{"type":"Point","coordinates":[-97.2604814426,49.8590735695]},"properties":{"stop_id":"60531","stop_code":"60531","stop_name":"Westbound Grant at Laxdal","routes":"885, FX3"}},{"type":"Feature","geometry":{"type":"Point","coordinates":[-97.2745447041,49.8591760946]},"properties":{"stop_id":"60537","stop_code":"60537","stop_name":"Westbound Grant at Fairmont","routes":"885"}},{"type":"Feature","geometry":{"type":"Point","coordinates":[-97.2702563735,49.8592560183]},"properties":{"stop_id":"60536","stop_code":"60536","stop_name":"Eastbound Grant at Oakdale","routes":"885"}},{"type":"Feature","geometry":{"type":"Point","coordinates":[-97.2698317931,49.8594565576]},"properties":{"stop_id":"60535","stop_code":"60535","stop_name":"Westbound Grant at Oakdale","routes":"885"}},{"type":"Feature","geometry":{"type":"Point","coordinates":[-97.2658518867,49.8590821838]},"properties":{"stop_id":"60534","stop_code":"60534","stop_name":"Eastbound Grant at Haney","routes":"885, FX3"}},{"type":"Feature","geometry":{"type":"Point","coordinates":[-97.1203914171,49.8685051044]},"properties":{"stop_id":"10904","stop_code":"10904","stop_name":"Northbound Riverview Centre Access at Riverview Centre (Main Entrance)","routes":"895"}},{"type":"Feature","geometry":{"type":"Point","coordinates":[-97.1307093535,49.8878226686]},"properties":{"stop_id":"10907","stop_code":"10907","stop_name":"Eastbound Forks Market at The Forks Market","routes":"31"}},{"type":"Feature","geometry":{"type":"Point","coordinates":[-97.1317254577,49.8928762916]},"properties":{"stop_id":"10903","stop_code":"10903","stop_name":"Northbound Israel Asper at William Stephenson","routes":"31"}},{"type":"Feature","geometry":{"type":"Point","coordinates":[-97.1317986155,49.8899001165]},"properties":{"stop_id":"10902","stop_code":"10902","stop_name":"Northbound Israel Asper at Canadian Museum for Human Rights","routes":"D12, D13"}},{"type":"Feature","geometry":{"type":"Point","coordinates":[-97.1616196784,49.9064336048]},"properties":{"stop_id":"10908","stop_code":"10908","stop_name":"Westbound Tecumseh at Tecumseh Loop","routes":"224, 833, 889"}},{"type":"Feature","geometry":{"type":"Point","coordinates":[-97.0610623548,49.9140579855]},"properties":{"stop_id":"40203","stop_code":"40203","stop_name":"Northbound Molson at Snowdon","routes":"D10"}},{"type":"Feature","geometry":{"type":"Point","coordinates":[-97.1387373329,49.900985815]},"properties":{"stop_id":"10658","stop_code":"10658","stop_name":"Northbound King at Rupert","routes":"43"}},{"type":"Feature","geometry":{"type":"Point","coordinates":[-97.192082795,49.9204956695]},"properties":{"stop_id":"10307","stop_code":"10307","stop_name":"Eastbound Logan at McKelvey","routes":"43"}},{"type":"Feature","geometry":{"type":"Point","coordinates":[-97.1398333526,49.8996451841]},"properties":{"stop_id":"10657","stop_code":"10657","stop_name":"Northbound King at William (City Hall)","routes":"43, D16, D18, F8"}},{"type":"Feature","geometry":{"type":"Point","coordinates":[-97.1416064369,49.8973529469]},"properties":{"stop_id":"10656","stop_code":"10656","stop_name":"Northbound King at McDermot","routes":"D16, F8"}},{"type":"Feature","geometry":{"type":"Point","coordinates":[-97.139040276,49.88840665]},"properties":{"stop_id":"10651","stop_code":"10651","stop_name":"Northbound Smith at Broadway","routes":"F5, F8"}},{"type":"Feature","geometry":{"type":"Point","coordinates":[-97.1707264761,49.9138457867]},"properties":{"stop_id":"10302","stop_code":"10302","stop_name":"Southbound McPhillips at Logan","routes":"833, F5"}},{"type":"Feature","geometry":{"type":"Point","coordinates":[-97.1709177774,49.9117349912]},"properties":{"stop_id":"10301","stop_code":"10301","stop_name":"Southbound McPhillips at Pacific","routes":"833"}},{"type":"Feature","geometry":{"type":"Point","coordinates":[-97.1403797732,49.8908658285]},"properties":{"stop_id":"10652","stop_code":"10652","stop_name":"Northbound Smith at St. Mary","routes":"F5, F8"}},{"type":"Feature","geometry":{"type":"Point","coordinates":[-97.1509892442,49.832549911]},"properties":{"stop_id":"60155","stop_code":"60155","stop_name":"Southbound Pembina at Chevrier","routes":"889, F8"}},{"type":"Feature","geometry":{"type":"Point","coordinates":[-97.152161593,49.8287906949]},"properties":{"stop_id":"60154","stop_code":"60154","stop_name":"Southbound Pembina at Manahan","routes":"F8"}},{"type":"Feature","geometry":{"type":"Point","coordinates":[-97.1989749268,49.8570175675]},"properties":{"stop_id":"60405","stop_code":"60405","stop_name":"Westbound Grant at Lanark","routes":"FX3"}},{"type":"Feature","geometry":{"type":"Point","coordinates":[-97.1990941906,49.8568035426]},"properties":{"stop_id":"60404","stop_code":"60404","stop_name":"Eastbound Grant at Lanark","routes":"FX3"}},{"type":"Feature","geometry":{"type":"Point","coordinates":[-97.1515278555,49.8293652552]},"properties":{"stop_id":"60153","stop_code":"60153","stop_name":"Northbound Pembina at Manahan","routes":"F8"}},{"type":"Feature","geometry":{"type":"Point","coordinates":[-97.1914795071,49.8565408967]},"properties":{"stop_id":"60400","stop_code":"60400","stop_name":"Eastbound Grant at Campbell","routes":"FX3"}},{"type":"Feature","geometry":{"type":"Point","coordinates":[-97.1486366651,49.7921781416]},"properties":{"stop_id":"60159","stop_code":"60159","stop_name":"Eastbound Killarney at Acadia","routes":"672"}},{"type":"Feature","geometry":{"type":"Point","coordinates":[-97.1517757603,49.7911129324]},"properties":{"stop_id":"60158","stop_code":"60158","stop_name":"Eastbound Killarney at Caledon","routes":"672"}},{"type":"Feature","geometry":{"type":"Point","coordinates":[-97.204831411,49.8570455786]},"properties":{"stop_id":"60408","stop_code":"60408","stop_name":"Eastbound Grant at Kenaston East","routes":"FX3"}},{"type":"Feature","geometry":{"type":"Point","coordinates":[-97.0266790839,49.9008478296]},"properties":{"stop_id":"40908","stop_code":"40908","stop_name":"Westbound Transcona at Plessis","routes":"48"}},{"type":"Feature","geometry":{"type":"Point","coordinates":[-97.0710442813,49.8988431841]},"properties":{"stop_id":"40209","stop_code":"40209","stop_name":"Westbound Regent at Panet East","routes":"38, D10"}},{"type":"Feature","geometry":{"type":"Point","coordinates":[-97.2067022421,49.9530147092]},"properties":{"stop_id":"31071","stop_code":"31071","stop_name":"Northbound King Edward at Inkster Garden","routes":"336"}},{"type":"Feature","geometry":{"type":"Point","coordinates":[-97.2031922863,49.8836003748]},"properties":{"stop_id":"20124","stop_code":"20124","stop_name":"Westbound Ness at Madison","routes":"D15"}},{"type":"Feature","geometry":{"type":"Point","coordinates":[-97.207793164,49.883788626]},"properties":{"stop_id":"20125","stop_code":"20125","stop_name":"Westbound Ness at Queen","routes":"D15"}},{"type":"Feature","geometry":{"type":"Point","coordinates":[-97.1283329051,49.9639718123]},"properties":{"stop_id":"30993","stop_code":"30993","stop_name":"Westbound North Point at Phoenix","routes":"330"}},{"type":"Feature","geometry":{"type":"Point","coordinates":[-97.2114372626,49.8789786981]},"properties":{"stop_id":"20120","stop_code":"20120","stop_name":"Southbound Berry at Portage","routes":"224"}},{"type":"Feature","geometry":{"type":"Point","coordinates":[-97.2191492796,49.898634645]},"properties":{"stop_id":"20122","stop_code":"20122","stop_name":"Southbound Flight at Sargent","routes":"224"}},{"type":"Feature","geometry":{"type":"Point","coordinates":[-97.2149187393,49.8981827151]},"properties":{"stop_id":"20123","stop_code":"20123","stop_name":"Eastbound Sargent at Ferry East","routes":"224"}},{"type":"Feature","geometry":{"type":"Point","coordinates":[-97.1305521632,49.9653568968]},"properties":{"stop_id":"30994","stop_code":"30994","stop_name":"Westbound North Point at Lyra","routes":"330"}},{"type":"Feature","geometry":{"type":"Point","coordinates":[-97.2152018912,49.8840919748]},"properties":{"stop_id":"20129","stop_code":"20129","stop_name":"Westbound Ness at Parkview","routes":"D15"}},{"type":"Feature","geometry":{"type":"Point","coordinates":[-97.1434549005,49.958368512]},"properties":{"stop_id":"30995","stop_code":"30995","stop_name":"Southbound McPhillips at Templeton","routes":"330"}},{"type":"Feature","geometry":{"type":"Point","coordinates":[-97.1210199478,49.8666533293]},"properties":{"stop_id":"10018","stop_code":"10018","stop_name":"Southbound Eccles at Oakwood","routes":"895"}},{"type":"Feature","geometry":{"type":"Point","coordinates":[-97.119506761,49.8647667723]},"properties":{"stop_id":"10013","stop_code":"10013","stop_name":"Southbound Eccles at Ashland","routes":"895"}},{"type":"Feature","geometry":{"type":"Point","coordinates":[-97.1950435625,49.9490197676]},"properties":{"stop_id":"30773","stop_code":"30773","stop_name":"Northbound Keewatin at Inkster Garden","routes":"334, 884"}},{"type":"Feature","geometry":{"type":"Point","coordinates":[-97.1207737998,49.8665413921]},"properties":{"stop_id":"10017","stop_code":"10017","stop_name":"Northbound Eccles at Oakwood","routes":"895"}},{"type":"Feature","geometry":{"type":"Point","coordinates":[-97.1196457748,49.8651288341]},"properties":{"stop_id":"10014","stop_code":"10014","stop_name":"Northbound Eccles at Ashland","routes":"895"}},{"type":"Feature","geometry":{"type":"Point","coordinates":[-97.1987037981,49.8295065068]},"properties":{"stop_id":"60713","stop_code":"60713","stop_name":"Northbound Lindenwood at Lindenshore","routes":"641"}},{"type":"Feature","geometry":{"type":"Point","coordinates":[-97.1917099511,49.8153201407]},"properties":{"stop_id":"60712","stop_code":"60712","stop_name":"Northbound Henlow at Scurfield South","routes":"642, 690"}},{"type":"Feature","geometry":{"type":"Point","coordinates":[-97.1971202001,49.8275928841]},"properties":{"stop_id":"60711","stop_code":"60711","stop_name":"Southbound Lindenwood at Lindenwood West","routes":"642"}},{"type":"Feature","geometry":{"type":"Point","coordinates":[-97.1967314224,49.8275778318]},"properties":{"stop_id":"60710","stop_code":"60710","stop_name":"Northbound Lindenwood at Lindenwood West","routes":"642"}},{"type":"Feature","geometry":{"type":"Point","coordinates":[-97.2003849694,49.8145558672]},"properties":{"stop_id":"60717","stop_code":"60717","stop_name":"Westbound Scurfield at Columbia East","routes":"74, 649, 691"}},{"type":"Feature","geometry":{"type":"Point","coordinates":[-97.2087016933,49.8095577095]},"properties":{"stop_id":"60715","stop_code":"60715","stop_name":"Westbound Scurfield at Fleetwood East","routes":"649, 650"}},{"type":"Feature","geometry":{"type":"Point","coordinates":[-97.1988640165,49.829311109]},"properties":{"stop_id":"60714","stop_code":"60714","stop_name":"Southbound Lindenwood at Lindenshore","routes":"641"}},{"type":"Feature","geometry":{"type":"Point","coordinates":[-97.2002203371,49.9163408469]},"properties":{"stop_id":"20030","stop_code":"20030","stop_name":"Eastbound Notre Dame at Becker","routes":"D16, D18"}},{"type":"Feature","geometry":{"type":"Point","coordinates":[-97.2006721685,49.8143084709]},"properties":{"stop_id":"60719","stop_code":"60719","stop_name":"Eastbound Scurfield at Columbia East","routes":"74, 649, 691"}},{"type":"Feature","geometry":{"type":"Point","coordinates":[-97.1505239694,49.8345393875]},"properties":{"stop_id":"60718","stop_code":"60718","stop_name":"Southbound Pembina at Royse","routes":"694"}},{"type":"Feature","geometry":{"type":"Point","coordinates":[-97.1227184634,49.8770432092]},"properties":{"stop_id":"50266","stop_code":"50266","stop_name":"Southbound St Mary's at Tache","routes":"FX2"}},{"type":"Feature","geometry":{"type":"Point","coordinates":[-97.1220118198,49.8769597857]},"properties":{"stop_id":"50267","stop_code":"50267","stop_name":"Northbound St Mary's at Enfield","routes":"FX2"}},{"type":"Feature","geometry":{"type":"Point","coordinates":[-97.1920055759,49.8938783807]},"properties":{"stop_id":"10498","stop_code":"10498","stop_name":"Eastbound Ellice at Strathcona West","routes":"D12"}},{"type":"Feature","geometry":{"type":"Point","coordinates":[-97.1953655033,49.8941376866]},"properties":{"stop_id":"10497","stop_code":"10497","stop_name":"Westbound Ellice at Empress","routes":"D12"}},{"type":"Feature","geometry":{"type":"Point","coordinates":[-97.1810256132,49.9066771475]},"properties":{"stop_id":"11133","stop_code":"11133","stop_name":"Northbound Wall at Notre Dame","routes":"884"}},{"type":"Feature","geometry":{"type":"Point","coordinates":[-97.1986775108,49.9521256135]},"properties":{"stop_id":"30803","stop_code":"30803","stop_name":"Eastbound Garton at Inkster Garden North","routes":"74, 332"}},{"type":"Feature","geometry":{"type":"Point","coordinates":[-97.0866308707,49.9444907956]},"properties":{"stop_id":"40592","stop_code":"40592","stop_name":"Westbound Sutton at Henderson","routes":"446"}},{"type":"Feature","geometry":{"type":"Point","coordinates":[-97.136661772,49.8203475935]},"properties":{"stop_id":"50655","stop_code":"50655","stop_name":"Southbound River at River Pointe","routes":"556"}},{"type":"Feature","geometry":{"type":"Point","coordinates":[-97.1523266426,49.8981362002]},"properties":{"stop_id":"10491","stop_code":"10491","stop_name":"Eastbound Cumberland at Balmoral","routes":"F5"}},{"type":"Feature","geometry":{"type":"Point","coordinates":[-97.1812204293,49.9040896565]},"properties":{"stop_id":"11132","stop_code":"11132","stop_name":"Northbound Wall at Richard","routes":"884"}},{"type":"Feature","geometry":{"type":"Point","coordinates":[-97.1686821705,49.8935297827]},"properties":{"stop_id":"10277","stop_code":"10277","stop_name":"Northbound Arlington at Ellice","routes":"28"}},{"type":"Feature","geometry":{"type":"Point","coordinates":[-97.1047998578,49.906659761]},"properties":{"stop_id":"41072","stop_code":"41072","stop_name":"Westbound Talbot at Watt","routes":"330, 886, 887, D17"}},{"type":"Feature","geometry":{"type":"Point","coordinates":[-97.1688874412,49.8906816147]},"properties":{"stop_id":"10275","stop_code":"10275","stop_name":"Northbound Arlington at St. Matthews","routes":"28"}},{"type":"Feature","geometry":{"type":"Point","coordinates":[-97.1691864869,49.8901376493]},"properties":{"stop_id":"10274","stop_code":"10274","stop_name":"Southbound Arlington at St. Matthews","routes":"28"}},{"type":"Feature","geometry":{"type":"Point","coordinates":[-97.1814673944,49.900855345]},"properties":{"stop_id":"11131","stop_code":"11131","stop_name":"Northbound Wall at Wellington","routes":"884"}},{"type":"Feature","geometry":{"type":"Point","coordinates":[-97.0472225495,49.9080325132]},"properties":{"stop_id":"41075","stop_code":"41075","stop_name":"Northbound Peguis at Devonshire","routes":"444, 446"}},{"type":"Feature","geometry":{"type":"Point","coordinates":[-97.1694871815,49.885869777]},"properties":{"stop_id":"10270","stop_code":"10270","stop_name":"Southbound Arlington at Portage","routes":"28"}},{"type":"Feature","geometry":{"type":"Point","coordinates":[-97.1451273501,49.8734376612]},"properties":{"stop_id":"10150","stop_code":"10150","stop_name":"Eastbound Corydon at Nassau","routes":"D19"}},{"type":"Feature","geometry":{"type":"Point","coordinates":[-97.1686502587,49.8969473761]},"properties":{"stop_id":"10279","stop_code":"10279","stop_name":"Southbound Arlington at Sargent","routes":"28"}},{"type":"Feature","geometry":{"type":"Point","coordinates":[-97.1684649578,49.896692585]},"properties":{"stop_id":"10278","stop_code":"10278","stop_name":"Northbound Arlington at Sargent","routes":"28"}},{"type":"Feature","geometry":{"type":"Point","coordinates":[-97.1663214816,49.8966676497]},"properties":{"stop_id":"10475","stop_code":"10475","stop_name":"Eastbound Sargent at Simcoe","routes":"D13"}},{"type":"Feature","geometry":{"type":"Point","coordinates":[-97.1683597132,49.8968978048]},"properties":{"stop_id":"10474","stop_code":"10474","stop_name":"Westbound Sargent at Arlington","routes":"D13"}},{"type":"Feature","geometry":{"type":"Point","coordinates":[-97.195588386,49.916529612]},"properties":{"stop_id":"20012","stop_code":"20012","stop_name":"Westbound Notre Dame at Keewatin","routes":"D16, D18"}},{"type":"Feature","geometry":{"type":"Point","coordinates":[-97.2107255015,49.8839239331]},"properties":{"stop_id":"20127","stop_code":"20127","stop_name":"Westbound Ness at Berry","routes":"D15"}},{"type":"Feature","geometry":{"type":"Point","coordinates":[-97.2249181913,49.9015656333]},"properties":{"stop_id":"20542","stop_code":"20542","stop_name":"Eastbound Wellington at Aviation Museum","routes":"224, D12, D13"}},{"type":"Feature","geometry":{"type":"Point","coordinates":[-97.1721290623,49.8970113485]},"properties":{"stop_id":"10470","stop_code":"10470","stop_name":"Westbound Sargent at Banning","routes":"D13"}},{"type":"Feature","geometry":{"type":"Point","coordinates":[-97.1687694187,49.8967423762]},"properties":{"stop_id":"10473","stop_code":"10473","stop_name":"Eastbound Sargent at Arlington","routes":"D13"}},{"type":"Feature","geometry":{"type":"Point","coordinates":[-97.2261208442,49.9299000671]},"properties":{"stop_id":"20541","stop_code":"20541","stop_name":"Southbound Omands Creek at Winfield","routes":"881"}},{"type":"Feature","geometry":{"type":"Point","coordinates":[-97.2069141666,49.924782994]},"properties":{"stop_id":"20019","stop_code":"20019","stop_name":"Southbound King Edward at Logan","routes":"43, 881, D17"}},{"type":"Feature","geometry":{"type":"Point","coordinates":[-97.1816979767,49.8973149449]},"properties":{"stop_id":"10479","stop_code":"10479","stop_name":"Westbound Sargent at Wall","routes":"D13"}},{"type":"Feature","geometry":{"type":"Point","coordinates":[-97.1147552551,49.9145940096]},"properties":{"stop_id":"40630","stop_code":"40630","stop_name":"Southbound Henderson at Johnson","routes":"F8"}},{"type":"Feature","geometry":{"type":"Point","coordinates":[-97.1832851198,49.9091862386]},"properties":{"stop_id":"10405","stop_code":"10405","stop_name":"Westbound Notre Dame at Erin","routes":"884, D16, D18"}},{"type":"Feature","geometry":{"type":"Point","coordinates":[-97.1806407788,49.873587519]},"properties":{"stop_id":"60336","stop_code":"60336","stop_name":"Eastbound Academy at Elm","routes":"D16"}},{"type":"Feature","geometry":{"type":"Point","coordinates":[-97.2009070736,49.8941429774]},"properties":{"stop_id":"20088","stop_code":"20088","stop_name":"Eastbound Ellice at St. James","routes":"D12"}},{"type":"Feature","geometry":{"type":"Point","coordinates":[-96.9693056976,49.9007818931]},"properties":{"stop_id":"40637","stop_code":"40637","stop_name":"Westbound Kildare at McMeans","routes":"D14"}},{"type":"Feature","geometry":{"type":"Point","coordinates":[-97.2097209575,49.8982823599]},"properties":{"stop_id":"20087","stop_code":"20087","stop_name":"Southbound Berry at Sargent","routes":"D12"}},{"type":"Feature","geometry":{"type":"Point","coordinates":[-97.2028503426,49.8264316952]},"properties":{"stop_id":"61007","stop_code":"61007","stop_name":"Southbound Lindenwood at Kenaston","routes":"74, 641, 650"}},{"type":"Feature","geometry":{"type":"Point","coordinates":[-97.0214707025,49.9090164277]},"properties":{"stop_id":"40103","stop_code":"40103","stop_name":"Northbound Sanford Fleming at Whiteway","routes":"440"}},{"type":"Feature","geometry":{"type":"Point","coordinates":[-97.0206931729,49.9065744549]},"properties":{"stop_id":"40105","stop_code":"40105","stop_name":"Eastbound Sanford Fleming at Meadow Gate East","routes":"440"}},{"type":"Feature","geometry":{"type":"Point","coordinates":[-97.0767061544,49.9416998228]},"properties":{"stop_id":"40595","stop_code":"40595","stop_name":"Southbound Rothesay at Paufeld","routes":"442"}},{"type":"Feature","geometry":{"type":"Point","coordinates":[-97.0247980323,49.9056461193]},"properties":{"stop_id":"40107","stop_code":"40107","stop_name":"Eastbound Sanford Fleming at Plessis","routes":"440"}},{"type":"Feature","geometry":{"type":"Point","coordinates":[-97.162469822,49.9474551065]},"properties":{"stop_id":"30582","stop_code":"30582","stop_name":"Eastbound Jefferson at Maberley","routes":"37, 38"}},{"type":"Feature","geometry":{"type":"Point","coordinates":[-97.1616482326,49.9474330723]},"properties":{"stop_id":"30581","stop_code":"30581","stop_name":"Westbound Jefferson at Maynard","routes":"37, 38"}},{"type":"Feature","geometry":{"type":"Point","coordinates":[-97.1862699524,49.9458244299]},"properties":{"stop_id":"30580","stop_code":"30580","stop_name":"Eastbound Inkster at Dunlop","routes":"334"}},{"type":"Feature","geometry":{"type":"Point","coordinates":[-97.1688720162,49.9447770825]},"properties":{"stop_id":"30587","stop_code":"30587","stop_name":"Eastbound Mapleglen at Manor House","routes":"39"}},{"type":"Feature","geometry":{"type":"Point","coordinates":[-97.1656785363,49.948486422]},"properties":{"stop_id":"30586","stop_code":"30586","stop_name":"Eastbound Jefferson at Marbury","routes":"37, 38"}},{"type":"Feature","geometry":{"type":"Point","coordinates":[-97.1648569273,49.9484644104]},"properties":{"stop_id":"30584","stop_code":"30584","stop_name":"Westbound Jefferson at Masterton","routes":"37, 38"}},{"type":"Feature","geometry":{"type":"Point","coordinates":[-97.1381626429,49.9311008043]},"properties":{"stop_id":"30234","stop_code":"30234","stop_name":"Southbound McGregor at Polson","routes":"F6"}},{"type":"Feature","geometry":{"type":"Point","coordinates":[-97.168944728,49.950211165]},"properties":{"stop_id":"30589","stop_code":"30589","stop_name":"Eastbound Jefferson at Sheppard","routes":"37, 38"}},{"type":"Feature","geometry":{"type":"Point","coordinates":[-97.1368569421,49.9324380427]},"properties":{"stop_id":"30233","stop_code":"30233","stop_name":"Northbound McGregor at Lansdowne","routes":"F6"}},{"type":"Feature","geometry":{"type":"Point","coordinates":[-97.0742429261,49.944051553]},"properties":{"stop_id":"40597","stop_code":"40597","stop_name":"Northbound Rothesay at Donwood","routes":"442"}},{"type":"Feature","geometry":{"type":"Point","coordinates":[-96.9931847505,49.9055880466]},"properties":{"stop_id":"40038","stop_code":"40038","stop_name":"Westbound McMeans at Argus","routes":"48"}},{"type":"Feature","geometry":{"type":"Point","coordinates":[-97.2875950191,49.8993342959]},"properties":{"stop_id":"20308","stop_code":"20308","stop_name":"Eastbound Hamilton at Apple","routes":"220"}},{"type":"Feature","geometry":{"type":"Point","coordinates":[-97.3130078067,49.8841911307]},"properties":{"stop_id":"20309","stop_code":"20309","stop_name":"Eastbound Unicity at Unicity Terminal (Route 22)","routes":"22"}},{"type":"Feature","geometry":{"type":"Point","coordinates":[-97.3127576688,49.8841784912]},"properties":{"stop_id":"20304","stop_code":"20304","stop_name":"Eastbound Unicity at Unicity Terminal (70)","routes":"70"}},{"type":"Feature","geometry":{"type":"Point","coordinates":[-97.3133281412,49.8841868023]},"properties":{"stop_id":"20305","stop_code":"20305","stop_name":"Eastbound Unicity at Unicity Terminal (D15)","routes":"D15"}},{"type":"Feature","geometry":{"type":"Point","coordinates":[-97.287721492,49.8981218556]},"properties":{"stop_id":"20306","stop_code":"20306","stop_name":"Eastbound Hamilton at Sonnichsen","routes":"220"}},{"type":"Feature","geometry":{"type":"Point","coordinates":[-97.2880571097,49.8980818434]},"properties":{"stop_id":"20307","stop_code":"20307","stop_name":"Westbound Hamilton at Sonnichsen","routes":"220"}},{"type":"Feature","geometry":{"type":"Point","coordinates":[-97.2779764334,49.8906195112]},"properties":{"stop_id":"20300","stop_code":"20300","stop_name":"Northbound Sturgeon at Thornton","routes":"220, 883, FX3"}},{"type":"Feature","geometry":{"type":"Point","coordinates":[-97.2782294728,49.8905513148]},"properties":{"stop_id":"20301","stop_code":"20301","stop_name":"Southbound Sturgeon at Thornton","routes":"220, 883, FX3"}},{"type":"Feature","geometry":{"type":"Point","coordinates":[-97.1365951429,49.8206343646]},"properties":{"stop_id":"50654","stop_code":"50654","stop_name":"Northbound River at Riel","routes":"556"}},{"type":"Feature","geometry":{"type":"Point","coordinates":[-97.0049043415,49.8932784236]},"properties":{"stop_id":"40074","stop_code":"40074","stop_name":"Eastbound Pandora at Bond","routes":"444"}},{"type":"Feature","geometry":{"type":"Point","coordinates":[-97.1366225472,49.9128611841]},"properties":{"stop_id":"30120","stop_code":"30120","stop_name":"Eastbound Selkirk at Charles","routes":"D17"}},{"type":"Feature","geometry":{"type":"Point","coordinates":[-97.0081384479,49.9053606225]},"properties":{"stop_id":"40076","stop_code":"40076","stop_name":"Eastbound McMeans at Winona","routes":"48"}},{"type":"Feature","geometry":{"type":"Point","coordinates":[-97.007713836,49.9007927845]},"properties":{"stop_id":"40077","stop_code":"40077","stop_name":"Westbound Kildare at Winona","routes":"D14"}},{"type":"Feature","geometry":{"type":"Point","coordinates":[-97.161250625,49.8879340262]},"properties":{"stop_id":"10549","stop_code":"10549","stop_name":"Westbound Portage at Maryland","routes":"BLUE, FX4"}},{"type":"Feature","geometry":{"type":"Point","coordinates":[-97.0698882058,49.837405237]},"properties":{"stop_id":"50657","stop_code":"50657","stop_name":"Northbound Island Shore at Tidewater","routes":"557"}},{"type":"Feature","geometry":{"type":"Point","coordinates":[-97.1209351612,49.9448186943]},"properties":{"stop_id":"30126","stop_code":"30126","stop_name":"Westbound Leila at Salter","routes":"D10, FX2"}},{"type":"Feature","geometry":{"type":"Point","coordinates":[-97.1200710784,49.9433834641]},"properties":{"stop_id":"30128","stop_code":"30128","stop_name":"Eastbound Partridge at Salter","routes":"D10, FX2"}},{"type":"Feature","geometry":{"type":"Point","coordinates":[-97.008275673,49.9006765225]},"properties":{"stop_id":"40078","stop_code":"40078","stop_name":"Eastbound Kildare at Winona","routes":"D14"}},{"type":"Feature","geometry":{"type":"Point","coordinates":[-97.1088478292,49.909280548]},"properties":{"stop_id":"40814","stop_code":"40814","stop_name":"Northbound Stadacona at Tweed","routes":"43"}},{"type":"Feature","geometry":{"type":"Point","coordinates":[-97.106627599,49.9101347655]},"properties":{"stop_id":"40815","stop_code":"40815","stop_name":"Northbound Stadacona at Gordon","routes":"43"}},{"type":"Feature","geometry":{"type":"Point","coordinates":[-97.306012109,49.8617276394]},"properties":{"stop_id":"60568","stop_code":"60568","stop_name":"Eastbound Roblin at Charleswood","routes":"70"}},{"type":"Feature","geometry":{"type":"Point","coordinates":[-97.1568668067,49.8725367867]},"properties":{"stop_id":"10117","stop_code":"10117","stop_name":"Eastbound Grosvenor at Arbuthnot","routes":"D16"}},{"type":"Feature","geometry":{"type":"Point","coordinates":[-97.0889216775,49.9264036844]},"properties":{"stop_id":"40498","stop_code":"40498","stop_name":"Southbound Watt at Hazel Dell","routes":"551"}},{"type":"Feature","geometry":{"type":"Point","coordinates":[-97.0878478729,49.9274833471]},"properties":{"stop_id":"40499","stop_code":"40499","stop_name":"Northbound Watt at Greene","routes":"551"}},{"type":"Feature","geometry":{"type":"Point","coordinates":[-97.0899160869,49.9248639557]},"properties":{"stop_id":"40496","stop_code":"40496","stop_name":"Northbound Watt at Dunrobin","routes":"551"}},{"type":"Feature","geometry":{"type":"Point","coordinates":[-97.0891386595,49.9258495745]},"properties":{"stop_id":"40497","stop_code":"40497","stop_name":"Northbound Watt at Oakview","routes":"551"}},{"type":"Feature","geometry":{"type":"Point","coordinates":[-97.113506682,49.9240993863]},"properties":{"stop_id":"30053","stop_code":"30053","stop_name":"Northbound Scotia at Inkster","routes":"37"}},{"type":"Feature","geometry":{"type":"Point","coordinates":[-97.0902266774,49.9247611392]},"properties":{"stop_id":"40495","stop_code":"40495","stop_name":"Southbound Watt at Dunrobin","routes":"551"}},{"type":"Feature","geometry":{"type":"Point","coordinates":[-97.1239587806,49.9272645498]},"properties":{"stop_id":"30055","stop_code":"30055","stop_name":"Northbound Main at Inkster","routes":"31, FX2"}},{"type":"Feature","geometry":{"type":"Point","coordinates":[-97.124193027,49.9276911095]},"properties":{"stop_id":"30054","stop_code":"30054","stop_name":"Southbound Main at Inkster","routes":"31, FX2"}},{"type":"Feature","geometry":{"type":"Point","coordinates":[-97.1249120132,49.9263984821]},"properties":{"stop_id":"30057","stop_code":"30057","stop_name":"Southbound Main at Polson","routes":"31, 39"}},{"type":"Feature","geometry":{"type":"Point","coordinates":[-97.1245579963,49.9261858636]},"properties":{"stop_id":"30056","stop_code":"30056","stop_name":"Northbound Main at Polson","routes":"31, 39"}},{"type":"Feature","geometry":{"type":"Point","coordinates":[-97.0841957278,49.8466471479]},"properties":{"stop_id":"50361","stop_code":"50361","stop_name":"Westbound Willowlake at Willow Point","routes":"558"}},{"type":"Feature","geometry":{"type":"Point","coordinates":[-97.1361965271,49.8917520251]},"properties":{"stop_id":"11051","stop_code":"11051","stop_name":"Northbound Main at St. Mary","routes":"BLUE, FX2, FX3"}},{"type":"Feature","geometry":{"type":"Point","coordinates":[-97.1692800426,49.9450443863]},"properties":{"stop_id":"30839","stop_code":"30839","stop_name":"Westbound Mapleglen at Marbury","routes":"39"}},{"type":"Feature","geometry":{"type":"Point","coordinates":[-97.1656855307,49.9438991202]},"properties":{"stop_id":"30838","stop_code":"30838","stop_name":"Westbound Mapleglen at Maberley","routes":"39"}},{"type":"Feature","geometry":{"type":"Point","coordinates":[-97.1660217005,49.8792305759]},"properties":{"stop_id":"11054","stop_code":"11054","stop_name":"Eastbound Wolseley at Palmerston","routes":"28"}},{"type":"Feature","geometry":{"type":"Point","coordinates":[-97.0769482145,49.8434955679]},"properties":{"stop_id":"50364","stop_code":"50364","stop_name":"Eastbound Beaverhill at St. Hilaire","routes":"558"}},{"type":"Feature","geometry":{"type":"Point","coordinates":[-97.1614119748,49.8803897695]},"properties":{"stop_id":"11056","stop_code":"11056","stop_name":"Westbound Wolseley at Maryland","routes":"28"}},{"type":"Feature","geometry":{"type":"Point","coordinates":[-97.1660308432,49.879356651]},"properties":{"stop_id":"11057","stop_code":"11057","stop_name":"Westbound Wolseley at Canora","routes":"28"}},{"type":"Feature","geometry":{"type":"Point","coordinates":[-97.0649074128,49.9450112881]},"properties":{"stop_id":"40654","stop_code":"40654","stop_name":"Westbound Gilmore at Greenlea","routes":"442"}},{"type":"Feature","geometry":{"type":"Point","coordinates":[-97.1424352552,49.8953513653]},"properties":{"stop_id":"11059","stop_code":"11059","stop_name":"Eastbound Ellice at Smith","routes":"D12, D13"}},{"type":"Feature","geometry":{"type":"Point","coordinates":[-97.0663274,49.9454038072]},"properties":{"stop_id":"40656","stop_code":"40656","stop_name":"Eastbound Gilmore at Evenlea","routes":"442"}},{"type":"Feature","geometry":{"type":"Point","coordinates":[-97.0669534116,49.9457830559]},"properties":{"stop_id":"40657","stop_code":"40657","stop_name":"Westbound Gilmore at Springlea","routes":"442"}},{"type":"Feature","geometry":{"type":"Point","coordinates":[-97.1614652803,49.943085616]},"properties":{"stop_id":"30837","stop_code":"30837","stop_name":"Westbound Mapleglen at Dobrinsky","routes":"334"}},{"type":"Feature","geometry":{"type":"Point","coordinates":[-97.0623804463,49.9440695253]},"properties":{"stop_id":"40652","stop_code":"40652","stop_name":"Westbound Gilmore at Chornick","routes":"442"}},{"type":"Feature","geometry":{"type":"Point","coordinates":[-97.0626058392,49.9440103319]},"properties":{"stop_id":"40653","stop_code":"40653","stop_name":"Eastbound Gilmore at Mellowmead","routes":"442"}},{"type":"Feature","geometry":{"type":"Point","coordinates":[-97.2089261409,49.7906714834]},"properties":{"stop_id":"62023","stop_code":"62023","stop_name":"Eastbound Bison at Appleford","routes":"676"}},{"type":"Feature","geometry":{"type":"Point","coordinates":[-96.9746952231,49.8934643177]},"properties":{"stop_id":"40845","stop_code":"40845","stop_name":"Westbound Pandora at Redonda","routes":"D14"}},{"type":"Feature","geometry":{"type":"Point","coordinates":[-97.196256705,49.7801392688]},"properties":{"stop_id":"62021","stop_code":"62021","stop_name":"Northbound Eaglewood at Longspur","routes":"671, 672, 678"}},{"type":"Feature","geometry":{"type":"Point","coordinates":[-97.1177808338,49.8633444791]},"properties":{"stop_id":"10010","stop_code":"10010","stop_name":"Northbound Eccles at Clare","routes":"895"}},{"type":"Feature","geometry":{"type":"Point","coordinates":[-97.195160856,49.7987870563]},"properties":{"stop_id":"62026","stop_code":"62026","stop_name":"Eastbound North Town at Kenaston","routes":"676"}},{"type":"Feature","geometry":{"type":"Point","coordinates":[-97.1947219508,49.799005087]},"properties":{"stop_id":"62025","stop_code":"62025","stop_name":"Westbound North Town at Kenaston","routes":"676"}},{"type":"Feature","geometry":{"type":"Point","coordinates":[-97.0954657343,49.9031874019]},"properties":{"stop_id":"40336","stop_code":"40336","stop_name":"Westbound Nairn at Grey","routes":"FX3"}},{"type":"Feature","geometry":{"type":"Point","coordinates":[-97.1724758596,49.824399861]},"properties":{"stop_id":"62029","stop_code":"62029","stop_name":"Northbound Newmarket at Chevrier","routes":"649"}},{"type":"Feature","geometry":{"type":"Point","coordinates":[-97.1672389274,49.8198554689]},"properties":{"stop_id":"62028","stop_code":"62028","stop_name":"Northbound Newmarket at Ballantrae","routes":"649"}},{"type":"Feature","geometry":{"type":"Point","coordinates":[-97.094584832,49.9050438755]},"properties":{"stop_id":"40335","stop_code":"40335","stop_name":"Westbound Talbot at Grey","routes":"D17"}},{"type":"Feature","geometry":{"type":"Point","coordinates":[-97.0645561305,49.9193425797]},"properties":{"stop_id":"40250","stop_code":"40250","stop_name":"Northbound Louelda at Antrim","routes":"330"}},{"type":"Feature","geometry":{"type":"Point","coordinates":[-97.0661102912,49.9174076311]},"properties":{"stop_id":"40251","stop_code":"40251","stop_name":"Northbound Louelda at Treger","routes":"330"}},{"type":"Feature","geometry":{"type":"Point","coordinates":[-97.0674890073,49.9156766192]},"properties":{"stop_id":"40252","stop_code":"40252","stop_name":"Northbound Louelda at Kimberly","routes":"330"}},{"type":"Feature","geometry":{"type":"Point","coordinates":[-97.1434812155,49.9565969326]},"properties":{"stop_id":"30351","stop_code":"30351","stop_name":"Eastbound Templeton at McPhillips","routes":"28"}},{"type":"Feature","geometry":{"type":"Point","coordinates":[-97.0252157721,49.8954168059]},"properties":{"stop_id":"41058","stop_code":"41058","stop_name":"Northbound Plessis at Regent","routes":"440, 444, D14"}},{"type":"Feature","geometry":{"type":"Point","coordinates":[-97.218148848,49.8842093286]},"properties":{"stop_id":"21001","stop_code":"21001","stop_name":"Westbound Ness at Ferry","routes":"D15"}},{"type":"Feature","geometry":{"type":"Point","coordinates":[-97.2114037212,49.9137796715]},"properties":{"stop_id":"21002","stop_code":"21002","stop_name":"Southbound Sherwin at Stevenson","routes":"74, 224"}},{"type":"Feature","geometry":{"type":"Point","coordinates":[-97.171256893,49.9568859439]},"properties":{"stop_id":"30605","stop_code":"30605","stop_name":"Westbound Jefferson at Hiddleston","routes":"37"}},{"type":"Feature","geometry":{"type":"Point","coordinates":[-97.1144358354,49.8516863589]},"properties":{"stop_id":"50300","stop_code":"50300","stop_name":"Westbound Fermor at Killarney","routes":"557"}},{"type":"Feature","geometry":{"type":"Point","coordinates":[-97.2118957906,49.9065013715]},"properties":{"stop_id":"21004","stop_code":"21004","stop_name":"Southbound Sherwin at Saskatchewan","routes":"224"}},{"type":"Feature","geometry":{"type":"Point","coordinates":[-97.0923411478,49.9064911059]},"properties":{"stop_id":"40330","stop_code":"40330","stop_name":"Northbound Grey at Windsor","routes":"330"}},{"type":"Feature","geometry":{"type":"Point","coordinates":[-97.0800210129,49.8178923909]},"properties":{"stop_id":"50966","stop_code":"50966","stop_name":"Northbound St Anne's at Warde","routes":"F7"}},{"type":"Feature","geometry":{"type":"Point","coordinates":[-97.1428099443,49.8093734312]},"properties":{"stop_id":"61218","stop_code":"61218","stop_name":"Eastbound Bohemier at University Crescent","routes":"BLUE"}},{"type":"Feature","geometry":{"type":"Point","coordinates":[-97.1710316941,49.9631968093]},"properties":{"stop_id":"30907","stop_code":"30907","stop_name":"Southbound Allan Blye at Amber","routes":"332"}},{"type":"Feature","geometry":{"type":"Point","coordinates":[-97.1708097458,49.9631663195]},"properties":{"stop_id":"30906","stop_code":"30906","stop_name":"Northbound Allan Blye at Amber","routes":"332"}},{"type":"Feature","geometry":{"type":"Point","coordinates":[-97.17195391,49.962042032]},"properties":{"stop_id":"30905","stop_code":"30905","stop_name":"Northbound Allan Blye at Leila","routes":"332"}},{"type":"Feature","geometry":{"type":"Point","coordinates":[-97.1729654766,49.9607357436]},"properties":{"stop_id":"30904","stop_code":"30904","stop_name":"Northbound Manila at Cartwright","routes":"332"}},{"type":"Feature","geometry":{"type":"Point","coordinates":[-97.1651661337,49.9616018852]},"properties":{"stop_id":"30903","stop_code":"30903","stop_name":"Eastbound Amber at Ambergate","routes":"332"}},{"type":"Feature","geometry":{"type":"Point","coordinates":[-97.1690756837,49.9625632461]},"properties":{"stop_id":"30902","stop_code":"30902","stop_name":"Eastbound Amber TL at Verona","routes":"332"}},{"type":"Feature","geometry":{"type":"Point","coordinates":[-97.1689893423,49.9626338403]},"properties":{"stop_id":"30901","stop_code":"30901","stop_name":"Westbound Amber at Brenner","routes":"332"}},{"type":"Feature","geometry":{"type":"Point","coordinates":[-97.1652187984,49.9616836737]},"properties":{"stop_id":"30900","stop_code":"30900","stop_name":"Westbound Amber TL at Ambergate","routes":"332"}},{"type":"Feature","geometry":{"type":"Point","coordinates":[-97.2117416773,49.9065259762]},"properties":{"stop_id":"21007","stop_code":"21007","stop_name":"Northbound Sherwin at Saskatchewan","routes":"224"}},{"type":"Feature","geometry":{"type":"Point","coordinates":[-97.1733838806,49.9603645574]},"properties":{"stop_id":"30909","stop_code":"30909","stop_name":"Southbound Manila at Cartwright","routes":"332"}},{"type":"Feature","geometry":{"type":"Point","coordinates":[-97.1722370427,49.9619295669]},"properties":{"stop_id":"30908","stop_code":"30908","stop_name":"Southbound Allan Blye at Leila","routes":"332"}},{"type":"Feature","geometry":{"type":"Point","coordinates":[-97.1121745242,49.8386695436]},"properties":{"stop_id":"50567","stop_code":"50567","stop_name":"Northbound St Mary's at Hindley","routes":"676, FX2"}},{"type":"Feature","geometry":{"type":"Point","coordinates":[-97.1124031118,49.8388711652]},"properties":{"stop_id":"50565","stop_code":"50565","stop_name":"Southbound St Mary's at Hastings","routes":"676, FX2"}},{"type":"Feature","geometry":{"type":"Point","coordinates":[-97.1123995148,49.8428919251]},"properties":{"stop_id":"50562","stop_code":"50562","stop_name":"Northbound St Mary's at St. Vital","routes":"FX2"}},{"type":"Feature","geometry":{"type":"Point","coordinates":[-97.1347068387,49.9307393559]},"properties":{"stop_id":"31052","stop_code":"31052","stop_name":"Eastbound Inkster at Andrews","routes":"39"}},{"type":"Feature","geometry":{"type":"Point","coordinates":[-97.1345324374,49.9309254408]},"properties":{"stop_id":"31053","stop_code":"31053","stop_name":"Westbound Inkster at Andrews","routes":"39"}},{"type":"Feature","geometry":{"type":"Point","coordinates":[-97.1654003881,49.9425993332]},"properties":{"stop_id":"31050","stop_code":"31050","stop_name":"Southbound Fife at Mapleglen","routes":"39, 334"}},{"type":"Feature","geometry":{"type":"Point","coordinates":[-97.1429932343,49.933400133]},"properties":{"stop_id":"31051","stop_code":"31051","stop_name":"Eastbound Inkster at Parr","routes":"39"}},{"type":"Feature","geometry":{"type":"Point","coordinates":[-97.0702695447,49.8351628066]},"properties":{"stop_id":"50769","stop_code":"50769","stop_name":"Northbound Island Shore at Huppe","routes":"557"}},{"type":"Feature","geometry":{"type":"Point","coordinates":[-97.1995194298,49.9504836451]},"properties":{"stop_id":"31057","stop_code":"31057","stop_name":"Westbound Inkster Garden at Garton","routes":"74"}},{"type":"Feature","geometry":{"type":"Point","coordinates":[-97.0874919472,49.8159922137]},"properties":{"stop_id":"50819","stop_code":"50819","stop_name":"Northbound Ashworth at Eastmount","routes":"552"}},{"type":"Feature","geometry":{"type":"Point","coordinates":[-97.2542086279,49.8555340642]},"properties":{"stop_id":"60653","stop_code":"60653","stop_name":"Southbound Cathcart at Chalfont","routes":"885"}},{"type":"Feature","geometry":{"type":"Point","coordinates":[-97.1009064073,49.8149448595]},"properties":{"stop_id":"50817","stop_code":"50817","stop_name":"Southbound John Forsyth at Paddington","routes":"552"}},{"type":"Feature","geometry":{"type":"Point","coordinates":[-97.0801815761,49.8405268885]},"properties":{"stop_id":"50816","stop_code":"50816","stop_name":"Eastbound Abinojii Mikanah at Shorehill","routes":"556, F9"}},{"type":"Feature","geometry":{"type":"Point","coordinates":[-97.1889548682,49.9377890161]},"properties":{"stop_id":"31058","stop_code":"31058","stop_name":"Northbound Plymouth at Burrows","routes":"332"}},{"type":"Feature","geometry":{"type":"Point","coordinates":[-97.078738914,49.8860272377]},"properties":{"stop_id":"50766","stop_code":"50766","stop_name":"Westbound Dugald at Panet","routes":"886, 887"}},{"type":"Feature","geometry":{"type":"Point","coordinates":[-97.1078263984,49.8827014835]},"properties":{"stop_id":"50624","stop_code":"50624","stop_name":"Northbound Youville at Goulet","routes":"D14, D15"}},{"type":"Feature","geometry":{"type":"Point","coordinates":[-97.0837701832,49.8250427423]},"properties":{"stop_id":"50812","stop_code":"50812","stop_name":"Northbound St Anne's at Compark","routes":"F7"}},{"type":"Feature","geometry":{"type":"Point","coordinates":[-97.1029321972,49.8541339235]},"properties":{"stop_id":"50763","stop_code":"50763","stop_name":"Westbound Niakwa at St. Anne's","routes":"557"}},{"type":"Feature","geometry":{"type":"Point","coordinates":[-97.1006825785,49.8547356775]},"properties":{"stop_id":"50810","stop_code":"50810","stop_name":"Eastbound Niakwa at Seagrim","routes":"557"}},{"type":"Feature","geometry":{"type":"Point","coordinates":[-97.1134535167,49.8204572641]},"properties":{"stop_id":"50585","stop_code":"50585","stop_name":"Southbound St Mary's at River","routes":"558, 676"}},{"type":"Feature","geometry":{"type":"Point","coordinates":[-97.1136897822,49.8229617665]},"properties":{"stop_id":"50584","stop_code":"50584","stop_name":"Northbound St Mary's at Greenwood","routes":"558, 676"}},{"type":"Feature","geometry":{"type":"Point","coordinates":[-97.1129935781,49.8179850931]},"properties":{"stop_id":"50587","stop_code":"50587","stop_name":"Southbound St Mary's at River South","routes":"558, 676"}},{"type":"Feature","geometry":{"type":"Point","coordinates":[-97.1130684221,49.8199922321]},"properties":{"stop_id":"50586","stop_code":"50586","stop_name":"Northbound St Mary's at Vista (Park & Ride)","routes":"558, 676"}},{"type":"Feature","geometry":{"type":"Point","coordinates":[-97.1139391909,49.8229838224]},"properties":{"stop_id":"50583","stop_code":"50583","stop_name":"Southbound St Mary's at Greendell","routes":"558, 676"}},{"type":"Feature","geometry":{"type":"Point","coordinates":[-97.1921483605,49.8207150461]},"properties":{"stop_id":"61123","stop_code":"61123","stop_name":"Northbound Dovercourt at Ocean Ridge","routes":"642"}},{"type":"Feature","geometry":{"type":"Point","coordinates":[-97.1922119816,49.820500158]},"properties":{"stop_id":"61122","stop_code":"61122","stop_name":"Southbound Dovercourt at Ocean Ridge","routes":"642"}},{"type":"Feature","geometry":{"type":"Point","coordinates":[-97.193729366,49.8223138727]},"properties":{"stop_id":"61121","stop_code":"61121","stop_name":"Southbound Dovercourt at Falcon Ridge","routes":"642, 650"}},{"type":"Feature","geometry":{"type":"Point","coordinates":[-97.1126078482,49.8161078098]},"properties":{"stop_id":"50589","stop_code":"50589","stop_name":"Southbound St Mary's at Rivergate","routes":"558, 676"}},{"type":"Feature","geometry":{"type":"Point","coordinates":[-97.1126115571,49.8177989591]},"properties":{"stop_id":"50588","stop_code":"50588","stop_name":"Northbound St Mary's at Vista South","routes":"558, 676"}},{"type":"Feature","geometry":{"type":"Point","coordinates":[-97.2074724179,49.8172474558]},"properties":{"stop_id":"61125","stop_code":"61125","stop_name":"Southbound Scurfield at Moncrief","routes":"691"}},{"type":"Feature","geometry":{"type":"Point","coordinates":[-97.1529545557,49.7878845062]},"properties":{"stop_id":"60657","stop_code":"60657","stop_name":"Southbound Baylor at Mount Allison","routes":"662"}},{"type":"Feature","geometry":{"type":"Point","coordinates":[-97.0757523986,49.8228137999]},"properties":{"stop_id":"50948","stop_code":"50948","stop_name":"Northbound Shorehill at Westwater West","routes":"558"}},{"type":"Feature","geometry":{"type":"Point","coordinates":[-97.0876105308,49.8158052752]},"properties":{"stop_id":"50818","stop_code":"50818","stop_name":"Southbound Ashworth at Barlow","routes":"552"}},{"type":"Feature","geometry":{"type":"Point","coordinates":[-97.085307105,49.8597084756]},"properties":{"stop_id":"50109","stop_code":"50109","stop_name":"Eastbound Cottonwood at Crestwood","routes":"557"}},{"type":"Feature","geometry":{"type":"Point","coordinates":[-97.0824020413,49.8603350092]},"properties":{"stop_id":"50108","stop_code":"50108","stop_name":"Eastbound Cottonwood at Drake","routes":"551, 557"}},{"type":"Feature","geometry":{"type":"Point","coordinates":[-97.3149681965,49.8506686415]},"properties":{"stop_id":"61059","stop_code":"61059","stop_name":"Westbound Rannock at Cullen","routes":"885"}},{"type":"Feature","geometry":{"type":"Point","coordinates":[-97.0972374577,49.8159819894]},"properties":{"stop_id":"50867","stop_code":"50867","stop_name":"Eastbound Southglen at Dakota East","routes":"558"}},{"type":"Feature","geometry":{"type":"Point","coordinates":[-97.0783345589,49.8600966321]},"properties":{"stop_id":"50101","stop_code":"50101","stop_name":"Northbound Autumnwood at Canberra","routes":"551, 557, 558, D15, F9"}},{"type":"Feature","geometry":{"type":"Point","coordinates":[-97.0493926694,49.8562932009]},"properties":{"stop_id":"50100","stop_code":"50100","stop_name":"Northbound Lagimodiere at Fermor","routes":"558"}},{"type":"Feature","geometry":{"type":"Point","coordinates":[-97.0785214163,49.8567895287]},"properties":{"stop_id":"50103","stop_code":"50103","stop_name":"Northbound Autumnwood at Crestwood","routes":"551, 557, 558, D15, F9"}},{"type":"Feature","geometry":{"type":"Point","coordinates":[-97.1631633875,49.8279853834]},"properties":{"stop_id":"60976","stop_code":"60976","stop_name":"Westbound Chevrier at Trottier","routes":"649, 691, 694"}},{"type":"Feature","geometry":{"type":"Point","coordinates":[-97.0972460614,49.8161170584]},"properties":{"stop_id":"50864","stop_code":"50864","stop_name":"Westbound Southglen at Dakota East","routes":"558"}},{"type":"Feature","geometry":{"type":"Point","coordinates":[-97.0803112626,49.8607770875]},"properties":{"stop_id":"50107","stop_code":"50107","stop_name":"Eastbound Cottonwood at Cypress","routes":"551, 557"}},{"type":"Feature","geometry":{"type":"Point","coordinates":[-97.078548487,49.8599652574]},"properties":{"stop_id":"50106","stop_code":"50106","stop_name":"Southbound Autumnwood at Canberra","routes":"551, 557, 558, D15, F9"}},{"type":"Feature","geometry":{"type":"Point","coordinates":[-97.1510545866,49.8366707087]},"properties":{"stop_id":"60239","stop_code":"60239","stop_name":"Southbound Pembina at Clarence","routes":"649, 889, F8"}},{"type":"Feature","geometry":{"type":"Point","coordinates":[-97.1651398242,49.7808822801]},"properties":{"stop_id":"60898","stop_code":"60898","stop_name":"Northbound Brentlawn at Kirkbridge","routes":"662"}},{"type":"Feature","geometry":{"type":"Point","coordinates":[-97.1614645679,49.8452829368]},"properties":{"stop_id":"60231","stop_code":"60231","stop_name":"Westbound Windermere at Beaumont","routes":"694, D11"}},{"type":"Feature","geometry":{"type":"Point","coordinates":[-97.1668521482,49.7771044727]},"properties":{"stop_id":"60896","stop_code":"60896","stop_name":"Southbound Bairdmore at Point West","routes":"662"}},{"type":"Feature","geometry":{"type":"Point","coordinates":[-97.1635405597,49.7783562494]},"properties":{"stop_id":"60897","stop_code":"60897","stop_name":"Southbound Bairdmore at Southborough","routes":"662"}},{"type":"Feature","geometry":{"type":"Point","coordinates":[-97.1576469843,49.8465445036]},"properties":{"stop_id":"60234","stop_code":"60234","stop_name":"Westbound Windermere at Derek","routes":"694, D11"}},{"type":"Feature","geometry":{"type":"Point","coordinates":[-97.1570881697,49.8466075672]},"properties":{"stop_id":"60235","stop_code":"60235","stop_name":"Eastbound Windermere at Derek","routes":"694, D11"}},{"type":"Feature","geometry":{"type":"Point","coordinates":[-97.206098479,49.8104168913]},"properties":{"stop_id":"60892","stop_code":"60892","stop_name":"Eastbound Columbia at Scurfield","routes":"649, 650, 691"}},{"type":"Feature","geometry":{"type":"Point","coordinates":[-97.093757204,49.817166035]},"properties":{"stop_id":"50863","stop_code":"50863","stop_name":"Eastbound Southglen at Amersham","routes":"558"}},{"type":"Feature","geometry":{"type":"Point","coordinates":[-97.1950239776,49.893961458]},"properties":{"stop_id":"10496","stop_code":"10496","stop_name":"Eastbound Ellice at Empress","routes":"D12"}},{"type":"Feature","geometry":{"type":"Point","coordinates":[-97.1662262247,49.931494669]},"properties":{"stop_id":"30466","stop_code":"30466","stop_name":"Westbound Mountain at McPhillips East","routes":"38"}},{"type":"Feature","geometry":{"type":"Point","coordinates":[-97.0983223799,49.8081650318]},"properties":{"stop_id":"50442","stop_code":"50442","stop_name":"Eastbound Burland at John Forsyth","routes":"676"}},{"type":"Feature","geometry":{"type":"Point","coordinates":[-97.114985553,49.8053613752]},"properties":{"stop_id":"50192","stop_code":"50192","stop_name":"Southbound St Mary's at Warde","routes":"676"}},{"type":"Feature","geometry":{"type":"Point","coordinates":[-97.2001641748,49.8942753503]},"properties":{"stop_id":"10493","stop_code":"10493","stop_name":"Westbound Ellice at St. James","routes":"D12"}},{"type":"Feature","geometry":{"type":"Point","coordinates":[-97.1014828756,49.913099825]},"properties":{"stop_id":"40476","stop_code":"40476","stop_name":"Northbound Watt at Harbison","routes":"38, 43, 551"}},{"type":"Feature","geometry":{"type":"Point","coordinates":[-97.1374593457,49.8990942979]},"properties":{"stop_id":"10719","stop_code":"10719","stop_name":"Westbound Market at Main (Concert Hall)","routes":"D16"}},{"type":"Feature","geometry":{"type":"Point","coordinates":[-97.100721971,49.8136195424]},"properties":{"stop_id":"50614","stop_code":"50614","stop_name":"Southbound John Forsyth at Thornewood","routes":"552"}},{"type":"Feature","geometry":{"type":"Point","coordinates":[-97.1059392947,49.8277465051]},"properties":{"stop_id":"50617","stop_code":"50617","stop_name":"Eastbound Meadowood at Dakota","routes":"552, 556, 676"}},{"type":"Feature","geometry":{"type":"Point","coordinates":[-97.1059861012,49.8279721498]},"properties":{"stop_id":"50616","stop_code":"50616","stop_name":"Westbound Meadowood at Dakota","routes":"552, 556, 676"}},{"type":"Feature","geometry":{"type":"Point","coordinates":[-97.0858419532,49.8056654406]},"properties":{"stop_id":"50610","stop_code":"50610","stop_name":"Westbound Aldgate at Clerkenwell","routes":"552"}},{"type":"Feature","geometry":{"type":"Point","coordinates":[-97.1010379977,49.8122934449]},"properties":{"stop_id":"50612","stop_code":"50612","stop_name":"Southbound John Forsyth at Ashford","routes":"552"}},{"type":"Feature","geometry":{"type":"Point","coordinates":[-97.1142217966,49.9143424561]},"properties":{"stop_id":"40522","stop_code":"40522","stop_name":"Westbound Johnson at Henderson","routes":"38"}},{"type":"Feature","geometry":{"type":"Point","coordinates":[-97.114821778,49.8263893732]},"properties":{"stop_id":"50443","stop_code":"50443","stop_name":"Eastbound Riel at St. Mary's","routes":"556"}},{"type":"Feature","geometry":{"type":"Point","coordinates":[-97.0892559417,49.9147786284]},"properties":{"stop_id":"41073","stop_code":"41073","stop_name":"Eastbound Munroe at Gateway","routes":"38"}},{"type":"Feature","geometry":{"type":"Point","coordinates":[-97.2542979861,49.8588455636]},"properties":{"stop_id":"60527","stop_code":"60527","stop_name":"Westbound Grant at Cathcart","routes":"FX3"}},{"type":"Feature","geometry":{"type":"Point","coordinates":[-97.2235677833,49.9280889366]},"properties":{"stop_id":"20533","stop_code":"20533","stop_name":"Northbound Omands Creek at Sylvan","routes":"881"}},{"type":"Feature","geometry":{"type":"Point","coordinates":[-97.2300916062,49.8579832658]},"properties":{"stop_id":"60521","stop_code":"60521","stop_name":"Westbound Grant at Shaftesbury","routes":"FX3"}},{"type":"Feature","geometry":{"type":"Point","coordinates":[-97.2298909033,49.857764317]},"properties":{"stop_id":"60522","stop_code":"60522","stop_name":"Eastbound Grant at Shaftesbury","routes":"FX3"}},{"type":"Feature","geometry":{"type":"Point","coordinates":[-97.1689533714,49.8933541724]},"properties":{"stop_id":"10276","stop_code":"10276","stop_name":"Southbound Arlington at Ellice","routes":"28"}},{"type":"Feature","geometry":{"type":"Point","coordinates":[-97.1507472579,49.9263282568]},"properties":{"stop_id":"30304","stop_code":"30304","stop_name":"Eastbound Mountain at Arlington","routes":"38"}},{"type":"Feature","geometry":{"type":"Point","coordinates":[-97.1254421412,49.8228649142]},"properties":{"stop_id":"50450","stop_code":"50450","stop_name":"Westbound Riel at Minnetonka","routes":"556"}},{"type":"Feature","geometry":{"type":"Point","coordinates":[-97.2534025082,49.8585981869]},"properties":{"stop_id":"60528","stop_code":"60528","stop_name":"Eastbound Grant at Cathcart","routes":"FX3"}},{"type":"Feature","geometry":{"type":"Point","coordinates":[-97.0256082743,49.9004697638]},"properties":{"stop_id":"41071","stop_code":"41071","stop_name":"Southbound Plessis at Kildare","routes":"440, 444, D14"}},{"type":"Feature","geometry":{"type":"Point","coordinates":[-97.3081094939,49.8725881938]},"properties":{"stop_id":"20392","stop_code":"20392","stop_name":"Northbound Bedson at Addison","routes":"885"}},{"type":"Feature","geometry":{"type":"Point","coordinates":[-97.0817287049,49.8211140048]},"properties":{"stop_id":"50814","stop_code":"50814","stop_name":"Northbound St Anne's at Southglen","routes":"F7"}},{"type":"Feature","geometry":{"type":"Point","coordinates":[-97.2070620189,49.8204523383]},"properties":{"stop_id":"61241","stop_code":"61241","stop_name":"Southbound Kenaston Common at McGillivray (Costco)","routes":"650"}},{"type":"Feature","geometry":{"type":"Point","coordinates":[-97.1042267184,49.906713342]},"properties":{"stop_id":"41076","stop_code":"41076","stop_name":"Northbound Watt at Talbot","routes":"551, FX4"}},{"type":"Feature","geometry":{"type":"Point","coordinates":[-97.1965788906,49.8877341796]},"properties":{"stop_id":"10812","stop_code":"10812","stop_name":"Eastbound Maroons at Empress","routes":"74"}},{"type":"Feature","geometry":{"type":"Point","coordinates":[-97.09178071,49.9228078584]},"properties":{"stop_id":"41074","stop_code":"41074","stop_name":"Southbound Watt at Watt","routes":"43, 551"}},{"type":"Feature","geometry":{"type":"Point","coordinates":[-97.209429063,49.8320296462]},"properties":{"stop_id":"61262","stop_code":"61262","stop_name":"Northbound Kenaston at Rothwell","routes":"74"}},{"type":"Feature","geometry":{"type":"Point","coordinates":[-97.1413503631,49.8739347669]},"properties":{"stop_id":"10910","stop_code":"10910","stop_name":"Northbound Osborne at Osborne Station","routes":"F6"}},{"type":"Feature","geometry":{"type":"Point","coordinates":[-97.1415628051,49.8738392325]},"properties":{"stop_id":"10911","stop_code":"10911","stop_name":"Southbound Osborne at Osborne Station","routes":"F6"}},{"type":"Feature","geometry":{"type":"Point","coordinates":[-97.175949795,49.9153314056]},"properties":{"stop_id":"10319","stop_code":"10319","stop_name":"Eastbound Logan at Winks","routes":"43"}},{"type":"Feature","geometry":{"type":"Point","coordinates":[-97.0718862469,49.8102461226]},"properties":{"stop_id":"57009","stop_code":"57009","stop_name":"Southbound Creek Bend at Creek Bend","routes":"676, F7"}},{"type":"Feature","geometry":{"type":"Point","coordinates":[-97.1102871298,49.8728021308]},"properties":{"stop_id":"57008","stop_code":"57008","stop_name":"Westbound Carriere at Des Meurons","routes":"F7"}},{"type":"Feature","geometry":{"type":"Point","coordinates":[-97.1413016526,49.8947754788]},"properties":{"stop_id":"10648","stop_code":"10648","stop_name":"Southbound Garry at Portage North","routes":"D12, D13"}},{"type":"Feature","geometry":{"type":"Point","coordinates":[-97.1906716845,49.9202307654]},"properties":{"stop_id":"10310","stop_code":"10310","stop_name":"Westbound Logan at Lock","routes":"43"}},{"type":"Feature","geometry":{"type":"Point","coordinates":[-97.1867690397,49.9187934917]},"properties":{"stop_id":"10311","stop_code":"10311","stop_name":"Eastbound Logan at Cecil","routes":"43"}},{"type":"Feature","geometry":{"type":"Point","coordinates":[-97.1864182668,49.9188599578]},"properties":{"stop_id":"10312","stop_code":"10312","stop_name":"Westbound Logan at Cecil","routes":"43"}},{"type":"Feature","geometry":{"type":"Point","coordinates":[-97.1839333355,49.9178855359]},"properties":{"stop_id":"10313","stop_code":"10313","stop_name":"Eastbound Logan at Quelch","routes":"43"}},{"type":"Feature","geometry":{"type":"Point","coordinates":[-97.1834175202,49.9178954345]},"properties":{"stop_id":"10314","stop_code":"10314","stop_name":"Westbound Logan at Quelch","routes":"43"}},{"type":"Feature","geometry":{"type":"Point","coordinates":[-97.1802094128,49.916891594]},"properties":{"stop_id":"10316","stop_code":"10316","stop_name":"Westbound Logan at Weston","routes":"43"}},{"type":"Feature","geometry":{"type":"Point","coordinates":[-97.1788677125,49.9162678372]},"properties":{"stop_id":"10317","stop_code":"10317","stop_name":"Eastbound Logan at Electa","routes":"43"}},{"type":"Feature","geometry":{"type":"Point","coordinates":[-97.1525734365,49.8227255738]},"properties":{"stop_id":"60146","stop_code":"60146","stop_name":"Northbound Pembina at Plaza","routes":"556, 889, F8"}},{"type":"Feature","geometry":{"type":"Point","coordinates":[-97.1526491832,49.8240220788]},"properties":{"stop_id":"60147","stop_code":"60147","stop_name":"Northbound Pembina at Adamar","routes":"F8"}},{"type":"Feature","geometry":{"type":"Point","coordinates":[-97.1530644177,49.8229762793]},"properties":{"stop_id":"60144","stop_code":"60144","stop_name":"Southbound Pembina at Plaza","routes":"889, F8"}},{"type":"Feature","geometry":{"type":"Point","coordinates":[-97.1993911951,49.8499359616]},"properties":{"stop_id":"60413","stop_code":"60413","stop_name":"Eastbound Taylor at Lanark","routes":"664"}},{"type":"Feature","geometry":{"type":"Point","coordinates":[-97.1970003336,49.838295137]},"properties":{"stop_id":"60142","stop_code":"60142","stop_name":"Southbound Lindenwood at Brentcliffe","routes":"641"}},{"type":"Feature","geometry":{"type":"Point","coordinates":[-97.2064888077,49.8502350543]},"properties":{"stop_id":"60416","stop_code":"60416","stop_name":"Eastbound Taylor at Kenaston East","routes":"664"}},{"type":"Feature","geometry":{"type":"Point","coordinates":[-97.2065380989,49.8504067236]},"properties":{"stop_id":"60417","stop_code":"60417","stop_name":"Westbound Taylor at Kenaston East","routes":"664"}},{"type":"Feature","geometry":{"type":"Point","coordinates":[-97.1530689881,49.8243166235]},"properties":{"stop_id":"60148","stop_code":"60148","stop_name":"Southbound Pembina at Adamar","routes":"F8"}},{"type":"Feature","geometry":{"type":"Point","coordinates":[-97.0476114956,49.9139218567]},"properties":{"stop_id":"40881","stop_code":"40881","stop_name":"Eastbound Concordia at Peguis","routes":"446"}},{"type":"Feature","geometry":{"type":"Point","coordinates":[-97.0936492799,49.9488971691]},"properties":{"stop_id":"40880","stop_code":"40880","stop_name":"Westbound Whellams at Whellams Loop","routes":"446"}},{"type":"Feature","geometry":{"type":"Point","coordinates":[-97.0404185057,49.9181719234]},"properties":{"stop_id":"40883","stop_code":"40883","stop_name":"Westbound Concordia at Whittington","routes":"446"}},{"type":"Feature","geometry":{"type":"Point","coordinates":[-97.1661631977,49.7681253698]},"properties":{"stop_id":"60094","stop_code":"60094","stop_name":"Northbound Le Maire at la Porte","routes":"91"}},{"type":"Feature","geometry":{"type":"Point","coordinates":[-97.1568733052,49.8017725427]},"properties":{"stop_id":"60095","stop_code":"60095","stop_name":"Northbound Pembina at Bison","routes":"BLUE"}},{"type":"Feature","geometry":{"type":"Point","coordinates":[-97.1554975959,49.8017686098]},"properties":{"stop_id":"60096","stop_code":"60096","stop_name":"Eastbound Chancellor Matheson at Pembina","routes":"74, F8"}},{"type":"Feature","geometry":{"type":"Point","coordinates":[-97.3159077585,49.8888657112]},"properties":{"stop_id":"20398","stop_code":"20398","stop_name":"Northbound Buchanan at Ness","routes":"220, D15"}},{"type":"Feature","geometry":{"type":"Point","coordinates":[-97.1332660809,49.8052619809]},"properties":{"stop_id":"60090","stop_code":"60090","stop_name":"Northbound King's at Freedman","routes":"662, 671, 672"}},{"type":"Feature","geometry":{"type":"Point","coordinates":[-97.133728253,49.8051704901]},"properties":{"stop_id":"60091","stop_code":"60091","stop_name":"Eastbound Freedman at King's Drive","routes":"662, 671, 672"}},{"type":"Feature","geometry":{"type":"Point","coordinates":[-97.1713008639,49.8968183698]},"properties":{"stop_id":"10471","stop_code":"10471","stop_name":"Eastbound Sargent at Banning","routes":"D13"}},{"type":"Feature","geometry":{"type":"Point","coordinates":[-97.1573087519,49.801284746]},"properties":{"stop_id":"60099","stop_code":"60099","stop_name":"Southbound Pembina at Bison","routes":"BLUE"}},{"type":"Feature","geometry":{"type":"Point","coordinates":[-97.1530992679,49.8899360842]},"properties":{"stop_id":"10579","stop_code":"10579","stop_name":"Eastbound Portage at Balmoral (U of Winnipeg)","routes":"BLUE, F7, FX4"}},{"type":"Feature","geometry":{"type":"Point","coordinates":[-97.1346038905,49.8651639948]},"properties":{"stop_id":"10005","stop_code":"10005","stop_name":"Southbound Osborne at Morley","routes":"F6"}},{"type":"Feature","geometry":{"type":"Point","coordinates":[-97.1330634411,49.8632501928]},"properties":{"stop_id":"10006","stop_code":"10006","stop_name":"Southbound Osborne at Maplewood","routes":"557, F6"}},{"type":"Feature","geometry":{"type":"Point","coordinates":[-97.131297115,49.86106287]},"properties":{"stop_id":"10007","stop_code":"10007","stop_name":"Southbound Osborne at Ashland","routes":"557"}},{"type":"Feature","geometry":{"type":"Point","coordinates":[-97.1395184825,49.8712607916]},"properties":{"stop_id":"10001","stop_code":"10001","stop_name":"Southbound Osborne at Mulvey","routes":"F6"}},{"type":"Feature","geometry":{"type":"Point","coordinates":[-97.1375526374,49.8688185012]},"properties":{"stop_id":"10002","stop_code":"10002","stop_name":"Southbound Osborne at Glasgow","routes":"F6"}},{"type":"Feature","geometry":{"type":"Point","coordinates":[-97.1367954988,49.8678798245]},"properties":{"stop_id":"10003","stop_code":"10003","stop_name":"Southbound Osborne at Brandon","routes":"F6"}},{"type":"Feature","geometry":{"type":"Point","coordinates":[-97.2724633751,49.8874881118]},"properties":{"stop_id":"20159","stop_code":"20159","stop_name":"Westbound Ness at Prairie View","routes":"220, D15"}},{"type":"Feature","geometry":{"type":"Point","coordinates":[-97.2692524644,49.8865676525]},"properties":{"stop_id":"20158","stop_code":"20158","stop_name":"Westbound Ness at Harcourt","routes":"220, D15"}},{"type":"Feature","geometry":{"type":"Point","coordinates":[-97.2094600434,49.9011926905]},"properties":{"stop_id":"20017","stop_code":"20017","stop_name":"Southbound Berry at Wellington","routes":"D12"}},{"type":"Feature","geometry":{"type":"Point","coordinates":[-97.1303295238,49.8598149178]},"properties":{"stop_id":"10008","stop_code":"10008","stop_name":"Southbound Osborne at Jubilee","routes":"557, F6"}},{"type":"Feature","geometry":{"type":"Point","coordinates":[-97.1285429393,49.8577981298]},"properties":{"stop_id":"10009","stop_code":"10009","stop_name":"Southbound Osborne at Montague","routes":"557"}},{"type":"Feature","geometry":{"type":"Point","coordinates":[-97.0531500781,49.8974551911]},"properties":{"stop_id":"40889","stop_code":"40889","stop_name":"Northbound Peguis at Regent","routes":"48, 442, 444, 446"}},{"type":"Feature","geometry":{"type":"Point","coordinates":[-97.0454476106,49.9150726903]},"properties":{"stop_id":"40888","stop_code":"40888","stop_name":"Westbound Concordia at Pinetop","routes":"446"}},{"type":"Feature","geometry":{"type":"Point","coordinates":[-97.111718088,49.8528833709]},"properties":{"stop_id":"50299","stop_code":"50299","stop_name":"Northbound St Mary's at Fermor","routes":"FX2"}},{"type":"Feature","geometry":{"type":"Point","coordinates":[-97.2786523103,49.8825791105]},"properties":{"stop_id":"20462","stop_code":"20462","stop_name":"Northbound Sturgeon at Hallonquist","routes":"FX3"}},{"type":"Feature","geometry":{"type":"Point","coordinates":[-97.1995297383,49.8222423502]},"properties":{"stop_id":"60709","stop_code":"60709","stop_name":"Southbound Kenaston at Wal-Mart","routes":"74, 641"}},{"type":"Feature","geometry":{"type":"Point","coordinates":[-97.1842439055,49.954850551]},"properties":{"stop_id":"31079","stop_code":"31079","stop_name":"Eastbound Adsum at Mandalay","routes":"39, 332, D10"}},{"type":"Feature","geometry":{"type":"Point","coordinates":[-97.3160428745,49.8873835202]},"properties":{"stop_id":"20397","stop_code":"20397","stop_name":"Northbound Buchanan at Fairlane","routes":"220, D15"}},{"type":"Feature","geometry":{"type":"Point","coordinates":[-97.2005641051,49.8228431179]},"properties":{"stop_id":"60706","stop_code":"60706","stop_name":"Northbound Kenaston at Wal-Mart","routes":"74, 641"}},{"type":"Feature","geometry":{"type":"Point","coordinates":[-97.2018965606,49.8247797782]},"properties":{"stop_id":"60707","stop_code":"60707","stop_name":"Northbound Kenaston at Safeway","routes":"74, 641"}},{"type":"Feature","geometry":{"type":"Point","coordinates":[-97.27767776,49.8939251956]},"properties":{"stop_id":"20464","stop_code":"20464","stop_name":"Northbound Sturgeon at Silver","routes":"220, 883, FX3"}},{"type":"Feature","geometry":{"type":"Point","coordinates":[-97.1525973559,49.8961526241]},"properties":{"stop_id":"10488","stop_code":"10488","stop_name":"Eastbound Sargent at Balmoral","routes":"D13"}},{"type":"Feature","geometry":{"type":"Point","coordinates":[-97.1579739888,49.8997643384]},"properties":{"stop_id":"10489","stop_code":"10489","stop_name":"Eastbound Cumberland at Sherbrook","routes":"F5"}},{"type":"Feature","geometry":{"type":"Point","coordinates":[-97.1267697346,49.9223268366]},"properties":{"stop_id":"30074","stop_code":"30074","stop_name":"Northbound Main at Church","routes":"31"}},{"type":"Feature","geometry":{"type":"Point","coordinates":[-97.2717630113,49.880200765]},"properties":{"stop_id":"20467","stop_code":"20467","stop_name":"Eastbound Lodge at Ronald","routes":"220, 883, 885"}},{"type":"Feature","geometry":{"type":"Point","coordinates":[-97.1611612232,49.8965138419]},"properties":{"stop_id":"10480","stop_code":"10480","stop_name":"Eastbound Sargent at Agnes","routes":"D13"}},{"type":"Feature","geometry":{"type":"Point","coordinates":[-97.1615443899,49.8966908323]},"properties":{"stop_id":"10481","stop_code":"10481","stop_name":"Westbound Sargent at Agnes","routes":"D13"}},{"type":"Feature","geometry":{"type":"Point","coordinates":[-97.1601877616,49.8964803857]},"properties":{"stop_id":"10482","stop_code":"10482","stop_name":"Eastbound Sargent at Maryland","routes":"D13"}},{"type":"Feature","geometry":{"type":"Point","coordinates":[-97.1579764332,49.8964092421]},"properties":{"stop_id":"10483","stop_code":"10483","stop_name":"Eastbound Sargent at Sherbrook","routes":"D13"}},{"type":"Feature","geometry":{"type":"Point","coordinates":[-97.158276089,49.8965849146]},"properties":{"stop_id":"10484","stop_code":"10484","stop_name":"Westbound Sargent at Sherbrook","routes":"D13"}},{"type":"Feature","geometry":{"type":"Point","coordinates":[-97.1550143196,49.8963081033]},"properties":{"stop_id":"10485","stop_code":"10485","stop_name":"Eastbound Sargent at Young","routes":"D13"}},{"type":"Feature","geometry":{"type":"Point","coordinates":[-97.1556476126,49.8964980943]},"properties":{"stop_id":"10486","stop_code":"10486","stop_name":"Westbound Sargent at Langside","routes":"D13"}},{"type":"Feature","geometry":{"type":"Point","coordinates":[-97.152771744,49.8963263119]},"properties":{"stop_id":"10487","stop_code":"10487","stop_name":"Westbound Sargent at Balmoral","routes":"D13"}},{"type":"Feature","geometry":{"type":"Point","coordinates":[-97.1765805493,49.9004546637]},"properties":{"stop_id":"10262","stop_code":"10262","stop_name":"Eastbound Wellington at Dominion","routes":"224"}},{"type":"Feature","geometry":{"type":"Point","coordinates":[-97.1752821413,49.9005421468]},"properties":{"stop_id":"10263","stop_code":"10263","stop_name":"Westbound Wellington at Sherburn","routes":"224"}},{"type":"Feature","geometry":{"type":"Point","coordinates":[-97.1052707824,49.9049494178]},"properties":{"stop_id":"41068","stop_code":"41068","stop_name":"Westbound Nairn at Watt","routes":"FX3"}},{"type":"Feature","geometry":{"type":"Point","coordinates":[-97.1047068293,49.9061904962]},"properties":{"stop_id":"41069","stop_code":"41069","stop_name":"Southbound Watt at Talbot","routes":"551, FX4"}},{"type":"Feature","geometry":{"type":"Point","coordinates":[-97.1719021993,49.9004348568]},"properties":{"stop_id":"10266","stop_code":"10266","stop_name":"Westbound Wellington at Banning","routes":"224"}},{"type":"Feature","geometry":{"type":"Point","coordinates":[-97.1711418316,49.9002879232]},"properties":{"stop_id":"10267","stop_code":"10267","stop_name":"Eastbound Wellington at Banning","routes":"224"}},{"type":"Feature","geometry":{"type":"Point","coordinates":[-97.0317692926,49.9109370536]},"properties":{"stop_id":"41064","stop_code":"41064","stop_name":"Southbound Kildonan Meadow at Edna Perry","routes":"444"}},{"type":"Feature","geometry":{"type":"Point","coordinates":[-97.0313413883,49.9087889437]},"properties":{"stop_id":"41065","stop_code":"41065","stop_name":"Southbound Kildonan Meadow at Devonshire","routes":"444"}},{"type":"Feature","geometry":{"type":"Point","coordinates":[-97.0391142685,49.9084261509]},"properties":{"stop_id":"41066","stop_code":"41066","stop_name":"Westbound Devonshire at Jerry Klein","routes":"444"}},{"type":"Feature","geometry":{"type":"Point","coordinates":[-97.0443502999,49.9084517668]},"properties":{"stop_id":"41067","stop_code":"41067","stop_name":"Westbound Devonshire at Private Davy","routes":"444"}},{"type":"Feature","geometry":{"type":"Point","coordinates":[-97.0252002152,49.9053471481]},"properties":{"stop_id":"41060","stop_code":"41060","stop_name":"Northbound Plessis at Sanford Fleming","routes":"444"}},{"type":"Feature","geometry":{"type":"Point","coordinates":[-97.0251217821,49.9096544656]},"properties":{"stop_id":"41061","stop_code":"41061","stop_name":"Northbound Plessis at Devonshire","routes":"444"}},{"type":"Feature","geometry":{"type":"Point","coordinates":[-97.0260543946,49.9137631438]},"properties":{"stop_id":"41062","stop_code":"41062","stop_name":"Westbound Kildonan Meadow at Plessis","routes":"444"}},{"type":"Feature","geometry":{"type":"Point","coordinates":[-97.0292941559,49.9135664836]},"properties":{"stop_id":"41063","stop_code":"41063","stop_name":"Westbound Kildonan Meadow at Tommy Douglas","routes":"444"}},{"type":"Feature","geometry":{"type":"Point","coordinates":[-97.1771916661,49.8971721231]},"properties":{"stop_id":"10466","stop_code":"10466","stop_name":"Westbound Sargent at Dominion","routes":"D13"}},{"type":"Feature","geometry":{"type":"Point","coordinates":[-97.1751951265,49.8969427814]},"properties":{"stop_id":"10467","stop_code":"10467","stop_name":"Eastbound Sargent at Sherburn","routes":"D13"}},{"type":"Feature","geometry":{"type":"Point","coordinates":[-97.1775178465,49.8970153485]},"properties":{"stop_id":"10465","stop_code":"10465","stop_name":"Eastbound Sargent at Dominion","routes":"D13"}},{"type":"Feature","geometry":{"type":"Point","coordinates":[-97.1838958141,49.8973764271]},"properties":{"stop_id":"10462","stop_code":"10462","stop_name":"Westbound Sargent at Erin","routes":"D13"}},{"type":"Feature","geometry":{"type":"Point","coordinates":[-97.183790893,49.8972038766]},"properties":{"stop_id":"10460","stop_code":"10460","stop_name":"Eastbound Sargent at Erin","routes":"D13"}},{"type":"Feature","geometry":{"type":"Point","coordinates":[-97.1820241438,49.8971581574]},"properties":{"stop_id":"10461","stop_code":"10461","stop_name":"Eastbound Sargent at Wall","routes":"D13"}},{"type":"Feature","geometry":{"type":"Point","coordinates":[-97.1999224729,49.9564984946]},"properties":{"stop_id":"31072","stop_code":"31072","stop_name":"Westbound Old Commonwealth at Singh","routes":"336"}},{"type":"Feature","geometry":{"type":"Point","coordinates":[-97.1749385225,49.8971006463]},"properties":{"stop_id":"10468","stop_code":"10468","stop_name":"Westbound Sargent at Sherburn","routes":"D13"}},{"type":"Feature","geometry":{"type":"Point","coordinates":[-97.1377753536,49.9458463133]},"properties":{"stop_id":"30407","stop_code":"30407","stop_name":"Northbound Sinclair at Lincrest","routes":"28"}},{"type":"Feature","geometry":{"type":"Point","coordinates":[-97.1121504797,49.8574959165]},"properties":{"stop_id":"50292","stop_code":"50292","stop_name":"Northbound St Mary's at Elm Park","routes":"FX2"}},{"type":"Feature","geometry":{"type":"Point","coordinates":[-97.2068674346,49.9530712361]},"properties":{"stop_id":"31074","stop_code":"31074","stop_name":"Southbound King Edward at Inkster Garden","routes":"336"}},{"type":"Feature","geometry":{"type":"Point","coordinates":[-97.2182093146,49.9498372175]},"properties":{"stop_id":"31076","stop_code":"31076","stop_name":"Westbound Haggart at Cleveland","routes":"336"}},{"type":"Feature","geometry":{"type":"Point","coordinates":[-97.1296570741,49.919719992]},"properties":{"stop_id":"30078","stop_code":"30078","stop_name":"Westbound Mountain at Main","routes":"38"}},{"type":"Feature","geometry":{"type":"Point","coordinates":[-97.1401374984,49.9438694067]},"properties":{"stop_id":"30408","stop_code":"30408","stop_name":"Northbound Sinclair at Forest Park","routes":"28"}},{"type":"Feature","geometry":{"type":"Point","coordinates":[-97.2238537792,49.8573480213]},"properties":{"stop_id":"60518","stop_code":"60518","stop_name":"Westbound Grant at Kelvin","routes":"FX3"}},{"type":"Feature","geometry":{"type":"Point","coordinates":[-96.9733624249,49.9006820957]},"properties":{"stop_id":"40719","stop_code":"40719","stop_name":"Eastbound Kildare at Rothshire","routes":"D14"}},{"type":"Feature","geometry":{"type":"Point","coordinates":[-96.9765920767,49.9007116211]},"properties":{"stop_id":"40718","stop_code":"40718","stop_name":"Eastbound Kildare at Gables","routes":"48, D14"}},{"type":"Feature","geometry":{"type":"Point","coordinates":[-97.062557971,49.8586462202]},"properties":{"stop_id":"50088","stop_code":"50088","stop_name":"Eastbound Paterson at Penticton","routes":"558"}},{"type":"Feature","geometry":{"type":"Point","coordinates":[-97.1346126795,49.9353432647]},"properties":{"stop_id":"30229","stop_code":"30229","stop_name":"Northbound McGregor at Smithfield","routes":"F6"}},{"type":"Feature","geometry":{"type":"Point","coordinates":[-96.9976164671,49.8934134192]},"properties":{"stop_id":"40715","stop_code":"40715","stop_name":"Westbound Pandora at Wabasha","routes":"444"}},{"type":"Feature","geometry":{"type":"Point","coordinates":[-96.9931451885,49.8934529079]},"properties":{"stop_id":"40714","stop_code":"40714","stop_name":"Westbound Pandora at Leola","routes":"444"}},{"type":"Feature","geometry":{"type":"Point","coordinates":[-96.9785968072,49.8940632472]},"properties":{"stop_id":"40717","stop_code":"40717","stop_name":"Northbound Redonda at Redonda Loop","routes":"48, D14, FX3"}},{"type":"Feature","geometry":{"type":"Point","coordinates":[-97.1329370846,49.9379517848]},"properties":{"stop_id":"30222","stop_code":"30222","stop_name":"Eastbound Jefferson at McGregor","routes":"37"}},{"type":"Feature","geometry":{"type":"Point","coordinates":[-96.988973951,49.8933085391]},"properties":{"stop_id":"40710","stop_code":"40710","stop_name":"Eastbound Pandora at Wayoata","routes":"444"}},{"type":"Feature","geometry":{"type":"Point","coordinates":[-97.1329544875,49.9378621157]},"properties":{"stop_id":"30220","stop_code":"30220","stop_name":"Southbound McGregor at Jefferson","routes":"F6"}},{"type":"Feature","geometry":{"type":"Point","coordinates":[-97.1325001007,49.9380796625]},"properties":{"stop_id":"30221","stop_code":"30221","stop_name":"Northbound McGregor at Jefferson","routes":"F6"}},{"type":"Feature","geometry":{"type":"Point","coordinates":[-97.1090973278,49.9093116086]},"properties":{"stop_id":"40827","stop_code":"40827","stop_name":"Southbound Stadacona at Tweed","routes":"43"}},{"type":"Feature","geometry":{"type":"Point","coordinates":[-97.1071725851,49.9100897072]},"properties":{"stop_id":"40826","stop_code":"40826","stop_name":"Southbound Stadacona at Gordon","routes":"43"}},{"type":"Feature","geometry":{"type":"Point","coordinates":[-97.0849344687,49.9464956204]},"properties":{"stop_id":"40393","stop_code":"40393","stop_name":"Northbound Henderson at Whellams","routes":"330, D10, F8"}},{"type":"Feature","geometry":{"type":"Point","coordinates":[-97.0339476116,49.8857967591]},"properties":{"stop_id":"40824","stop_code":"40824","stop_name":"Eastbound Dugald at Guy Savoie","routes":"886, 887, D14"}},{"type":"Feature","geometry":{"type":"Point","coordinates":[-97.0317359479,49.8860919869]},"properties":{"stop_id":"40823","stop_code":"40823","stop_name":"Westbound Dugald at Guy Savoie","routes":"886, 887, D14"}},{"type":"Feature","geometry":{"type":"Point","coordinates":[-97.0762016351,49.9536637911]},"properties":{"stop_id":"40396","stop_code":"40396","stop_name":"Northbound Henderson at McIvor North","routes":"F8"}},{"type":"Feature","geometry":{"type":"Point","coordinates":[-97.3001089698,49.8657877786]},"properties":{"stop_id":"20371","stop_code":"20371","stop_name":"Westbound Assiniboine at Rouge","routes":"885"}},{"type":"Feature","geometry":{"type":"Point","coordinates":[-97.0685565867,49.9597160855]},"properties":{"stop_id":"40398","stop_code":"40398","stop_name":"Northbound Henderson at Knowles","routes":"F8"}},{"type":"Feature","geometry":{"type":"Point","coordinates":[-97.3002892237,49.8669957454]},"properties":{"stop_id":"20372","stop_code":"20372","stop_name":"Northbound Rouge at Rouge Loop","routes":"220"}},{"type":"Feature","geometry":{"type":"Point","coordinates":[-97.3001607329,49.8698632402]},"properties":{"stop_id":"20375","stop_code":"20375","stop_name":"Northbound Rouge at Erlandson","routes":"220"}},{"type":"Feature","geometry":{"type":"Point","coordinates":[-97.2998728725,49.8725125154]},"properties":{"stop_id":"20377","stop_code":"20377","stop_name":"Northbound Rouge at Browning","routes":"220"}},{"type":"Feature","geometry":{"type":"Point","coordinates":[-97.1111826247,49.907987401]},"properties":{"stop_id":"40828","stop_code":"40828","stop_name":"Southbound Stadacona at Talbot","routes":"43"}},{"type":"Feature","geometry":{"type":"Point","coordinates":[-96.9703597486,49.9051990182]},"properties":{"stop_id":"40001","stop_code":"40001","stop_name":"Eastbound McMeans at Alex Taylor","routes":"48"}},{"type":"Feature","geometry":{"type":"Point","coordinates":[-97.1215686964,49.939998674]},"properties":{"stop_id":"30133","stop_code":"30133","stop_name":"Northbound Salter at Semple","routes":"D11"}},{"type":"Feature","geometry":{"type":"Point","coordinates":[-96.9736076406,49.9008123219]},"properties":{"stop_id":"40003","stop_code":"40003","stop_name":"Westbound Kildare at Wynford","routes":"D14"}},{"type":"Feature","geometry":{"type":"Point","coordinates":[-96.9732477696,49.9054115423]},"properties":{"stop_id":"40002","stop_code":"40002","stop_name":"Eastbound McMeans at Heatherbloom","routes":"48"}},{"type":"Feature","geometry":{"type":"Point","coordinates":[-96.9763919862,49.9008340549]},"properties":{"stop_id":"40005","stop_code":"40005","stop_name":"Westbound Kildare at Gables","routes":"48, D14"}},{"type":"Feature","geometry":{"type":"Point","coordinates":[-96.976310728,49.9054381546]},"properties":{"stop_id":"40004","stop_code":"40004","stop_name":"Eastbound McMeans at Allenby","routes":"48"}},{"type":"Feature","geometry":{"type":"Point","coordinates":[-97.1224177414,49.9393108365]},"properties":{"stop_id":"30134","stop_code":"30134","stop_name":"Southbound Salter at Kilbride","routes":"D11"}},{"type":"Feature","geometry":{"type":"Point","coordinates":[-97.1234009327,49.9376806945]},"properties":{"stop_id":"30135","stop_code":"30135","stop_name":"Northbound Salter at Hartford","routes":"D11"}},{"type":"Feature","geometry":{"type":"Point","coordinates":[-96.9797091202,49.8984363295]},"properties":{"stop_id":"40009","stop_code":"40009","stop_name":"Northbound Redonda at Murdoch MacKay","routes":"48, 444"}},{"type":"Feature","geometry":{"type":"Point","coordinates":[-96.9797385683,49.9000649675]},"properties":{"stop_id":"40008","stop_code":"40008","stop_name":"Northbound Redonda at Kildare","routes":"48, 444"}},{"type":"Feature","geometry":{"type":"Point","coordinates":[-97.1248795749,49.935491885]},"properties":{"stop_id":"30139","stop_code":"30139","stop_name":"Westbound Jefferson at Salter","routes":"37"}},{"type":"Feature","geometry":{"type":"Point","coordinates":[-97.1733498333,49.9306807814]},"properties":{"stop_id":"30825","stop_code":"30825","stop_name":"Northbound Fife at Redwood","routes":"332"}},{"type":"Feature","geometry":{"type":"Point","coordinates":[-97.1229966083,49.9297945375]},"properties":{"stop_id":"30048","stop_code":"30048","stop_name":"Southbound Main at McAdam","routes":"31, 37"}},{"type":"Feature","geometry":{"type":"Point","coordinates":[-97.2294546035,49.9427328175]},"properties":{"stop_id":"30827","stop_code":"30827","stop_name":"Northbound Brookside at Lucas","routes":"336, 881"}},{"type":"Feature","geometry":{"type":"Point","coordinates":[-97.1209552392,49.9331975115]},"properties":{"stop_id":"30043","stop_code":"30043","stop_name":"Southbound Main at Jefferson","routes":"31, 37, FX2"}},{"type":"Feature","geometry":{"type":"Point","coordinates":[-97.2297701144,49.9417302141]},"properties":{"stop_id":"30828","stop_code":"30828","stop_name":"Southbound Brookside at Lucas","routes":"881"}},{"type":"Feature","geometry":{"type":"Point","coordinates":[-97.1224771675,49.9298940555]},"properties":{"stop_id":"30047","stop_code":"30047","stop_name":"Northbound Main at McAdam","routes":"31, 37"}},{"type":"Feature","geometry":{"type":"Point","coordinates":[-97.1206123198,49.9330570212]},"properties":{"stop_id":"30044","stop_code":"30044","stop_name":"Northbound Main at Jefferson","routes":"31, 37, FX2"}},{"type":"Feature","geometry":{"type":"Point","coordinates":[-97.0769505833,49.8472915583]},"properties":{"stop_id":"50372","stop_code":"50372","stop_name":"Southbound Lakewood at Tamarac","routes":"D15, F9"}},{"type":"Feature","geometry":{"type":"Point","coordinates":[-97.0765773969,49.8468805745]},"properties":{"stop_id":"50371","stop_code":"50371","stop_name":"Northbound Lakewood at Tamarac","routes":"D15, F9"}},{"type":"Feature","geometry":{"type":"Point","coordinates":[-97.0777924532,49.8509665674]},"properties":{"stop_id":"50376","stop_code":"50376","stop_name":"Southbound Lakewood at Edgewater","routes":"558, D15, F9"}},{"type":"Feature","geometry":{"type":"Point","coordinates":[-97.0470376259,49.8501727501]},"properties":{"stop_id":"50823","stop_code":"50823","stop_name":"Westbound Royal Mint at Morning Glory West","routes":"558"}},{"type":"Feature","geometry":{"type":"Point","coordinates":[-97.0771836141,49.8501828706]},"properties":{"stop_id":"50375","stop_code":"50375","stop_name":"Northbound Lakewood at Edgewater","routes":"558, D15, F9"}},{"type":"Feature","geometry":{"type":"Point","coordinates":[-97.0518351491,49.9511695443]},"properties":{"stop_id":"40621","stop_code":"40621","stop_name":"Westbound Headmaster at Peters","routes":"442"}},{"type":"Feature","geometry":{"type":"Point","coordinates":[-97.0521837926,49.9511664149]},"properties":{"stop_id":"40620","stop_code":"40620","stop_name":"Eastbound Headmaster at Principal","routes":"442"}},{"type":"Feature","geometry":{"type":"Point","coordinates":[-97.0503898848,49.9500208398]},"properties":{"stop_id":"40623","stop_code":"40623","stop_name":"Westbound Headmaster at Matthew","routes":"442"}},{"type":"Feature","geometry":{"type":"Point","coordinates":[-97.1133810522,49.8423322438]},"properties":{"stop_id":"50379","stop_code":"50379","stop_name":"Westbound St Vital at St. Mary's","routes":"676"}},{"type":"Feature","geometry":{"type":"Point","coordinates":[-97.0467757785,49.9483857979]},"properties":{"stop_id":"40625","stop_code":"40625","stop_name":"Headmaster at Gateway","routes":"442"}},{"type":"Feature","geometry":{"type":"Point","coordinates":[-97.0507238633,49.950035458]},"properties":{"stop_id":"40624","stop_code":"40624","stop_name":"Eastbound Headmaster at Leatherwood","routes":"442"}},{"type":"Feature","geometry":{"type":"Point","coordinates":[-97.0468501577,49.9482701173]},"properties":{"stop_id":"40626","stop_code":"40626","stop_name":"Eastbound Headmaster at Gateway","routes":"442"}},{"type":"Feature","geometry":{"type":"Point","coordinates":[-97.2112285869,49.878975474]},"properties":{"stop_id":"20205","stop_code":"20205","stop_name":"Westbound Portage at Berry","routes":"22, 224, BLUE"}},{"type":"Feature","geometry":{"type":"Point","coordinates":[-97.2144210062,49.8788448575]},"properties":{"stop_id":"20206","stop_code":"20206","stop_name":"Westbound Portage at Marjorie","routes":"22"}},{"type":"Feature","geometry":{"type":"Point","coordinates":[-97.2040107366,49.7793154086]},"properties":{"stop_id":"62038","stop_code":"62038","stop_name":"Westbound Skyline at Kilroy","routes":"672, 678"}},{"type":"Feature","geometry":{"type":"Point","coordinates":[-97.2077071501,49.7804071693]},"properties":{"stop_id":"62039","stop_code":"62039","stop_name":"Northbound Castlebrook at Windflower","routes":"672"}},{"type":"Feature","geometry":{"type":"Point","coordinates":[-97.1665862371,49.9058467313]},"properties":{"stop_id":"10287","stop_code":"10287","stop_name":"Northbound Arlington at McDermot","routes":"28, 224"}},{"type":"Feature","geometry":{"type":"Point","coordinates":[-97.197742469,49.7872685738]},"properties":{"stop_id":"62034","stop_code":"62034","stop_name":"Northbound Bridge Lake at Stone Meadow","routes":"671, 678"}},{"type":"Feature","geometry":{"type":"Point","coordinates":[-97.2001117548,49.7878181775]},"properties":{"stop_id":"62035","stop_code":"62035","stop_name":"Southbound Bridge Lake at South Town","routes":"671"}},{"type":"Feature","geometry":{"type":"Point","coordinates":[-97.1971580828,49.7869176547]},"properties":{"stop_id":"62036","stop_code":"62036","stop_name":"Southbound Bridge Lake at Valley Brook","routes":"671, 678"}},{"type":"Feature","geometry":{"type":"Point","coordinates":[-97.1991801703,49.7822177093]},"properties":{"stop_id":"62037","stop_code":"62037","stop_name":"Southbound Eaglewood at Kilroy","routes":"671, 678"}},{"type":"Feature","geometry":{"type":"Point","coordinates":[-97.1725653317,49.8242393623]},"properties":{"stop_id":"62030","stop_code":"62030","stop_name":"Southbound Newmarket at Chevrier","routes":"649"}},{"type":"Feature","geometry":{"type":"Point","coordinates":[-97.1674554951,49.8196430163]},"properties":{"stop_id":"62031","stop_code":"62031","stop_name":"Southbound Newmarket at Ballantrae","routes":"649"}},{"type":"Feature","geometry":{"type":"Point","coordinates":[-97.1991179681,49.7823966436]},"properties":{"stop_id":"62033","stop_code":"62033","stop_name":"Northbound Eaglewood at Kilroy","routes":"671, 678"}},{"type":"Feature","geometry":{"type":"Point","coordinates":[-97.1750768046,49.9587361832]},"properties":{"stop_id":"30910","stop_code":"30910","stop_name":"Westbound Jefferson at Manila West","routes":"37, 332"}},{"type":"Feature","geometry":{"type":"Point","coordinates":[-97.0630780359,49.9315421265]},"properties":{"stop_id":"40534","stop_code":"40534","stop_name":"Westbound Burnett at Brunswick","routes":"43"}},{"type":"Feature","geometry":{"type":"Point","coordinates":[-97.1720961057,49.9549742819]},"properties":{"stop_id":"30912","stop_code":"30912","stop_name":"Eastbound Adsum at Jefferson","routes":"D10"}},{"type":"Feature","geometry":{"type":"Point","coordinates":[-97.0784474341,49.9319151709]},"properties":{"stop_id":"40531","stop_code":"40531","stop_name":"Westbound McLeod at Golspie","routes":"D10"}},{"type":"Feature","geometry":{"type":"Point","coordinates":[-97.0787834432,49.931875772]},"properties":{"stop_id":"40530","stop_code":"40530","stop_name":"Eastbound McLeod at Golspie","routes":"D10"}},{"type":"Feature","geometry":{"type":"Point","coordinates":[-97.0741074202,49.9303228985]},"properties":{"stop_id":"40533","stop_code":"40533","stop_name":"Eastbound McLeod at Dundoon","routes":"D10"}},{"type":"Feature","geometry":{"type":"Point","coordinates":[-97.07419809,49.9304953123]},"properties":{"stop_id":"40532","stop_code":"40532","stop_name":"Westbound McLeod at Dundoon","routes":"D10"}},{"type":"Feature","geometry":{"type":"Point","coordinates":[-97.1525550889,49.9537467275]},"properties":{"stop_id":"30918","stop_code":"30918","stop_name":"Southbound Watson at Leila","routes":"334"}},{"type":"Feature","geometry":{"type":"Point","coordinates":[-97.1537730512,49.9521560586]},"properties":{"stop_id":"30919","stop_code":"30919","stop_name":"Southbound Watson at Kingsbury","routes":"334"}},{"type":"Feature","geometry":{"type":"Point","coordinates":[-97.0672419371,49.9336985618]},"properties":{"stop_id":"40539","stop_code":"40539","stop_name":"Eastbound Edison at Ian","routes":"330"}},{"type":"Feature","geometry":{"type":"Point","coordinates":[-97.0623400552,49.9558433215]},"properties":{"stop_id":"40538","stop_code":"40538","stop_name":"Westbound Headmaster at Rothesay","routes":"442"}},{"type":"Feature","geometry":{"type":"Point","coordinates":[-97.1148271198,49.8273249545]},"properties":{"stop_id":"50578","stop_code":"50578","stop_name":"Southbound St Mary's at Riel North (St. Vital Centre)","routes":"552, 558, FX2"}},{"type":"Feature","geometry":{"type":"Point","coordinates":[-97.1144345322,49.8274085092]},"properties":{"stop_id":"50579","stop_code":"50579","stop_name":"Northbound St Mary's at Riel North (St. Vital Centre)","routes":"552, 558, FX2"}},{"type":"Feature","geometry":{"type":"Point","coordinates":[-97.1129599831,49.8356420028]},"properties":{"stop_id":"50570","stop_code":"50570","stop_name":"Northbound St Mary's at Dakota","routes":"FX2"}},{"type":"Feature","geometry":{"type":"Point","coordinates":[-97.1135685582,49.8350132715]},"properties":{"stop_id":"50571","stop_code":"50571","stop_name":"Southbound St Mary's at Arden","routes":"FX2"}},{"type":"Feature","geometry":{"type":"Point","coordinates":[-97.0952299313,49.919779365]},"properties":{"stop_id":"40488","stop_code":"40488","stop_name":"Northbound Watt at Neil","routes":"43, 551"}},{"type":"Feature","geometry":{"type":"Point","coordinates":[-97.1152498371,49.8307589866]},"properties":{"stop_id":"50574","stop_code":"50574","stop_name":"Southbound St Mary's at Abinojii Mikanah","routes":"FX2"}},{"type":"Feature","geometry":{"type":"Point","coordinates":[-97.1148212074,49.8303382282]},"properties":{"stop_id":"50575","stop_code":"50575","stop_name":"Northbound St Mary's at Abinojii Mikanah","routes":"FX2"}},{"type":"Feature","geometry":{"type":"Point","coordinates":[-97.0753211134,49.8126600582]},"properties":{"stop_id":"50997","stop_code":"50997","stop_name":"Southbound St Anne's at Aldgate","routes":"676, F7"}},{"type":"Feature","geometry":{"type":"Point","coordinates":[-97.0890064652,49.8184819166]},"properties":{"stop_id":"50778","stop_code":"50778","stop_name":"Westbound Southglen at Ashworth","routes":"552, 558"}},{"type":"Feature","geometry":{"type":"Point","coordinates":[-97.2248611563,49.9490128871]},"properties":{"stop_id":"31068","stop_code":"31068","stop_name":"Northbound Inksbrook at Meridian","routes":"336, 881"}},{"type":"Feature","geometry":{"type":"Point","coordinates":[-97.0944442731,49.8035676489]},"properties":{"stop_id":"50800","stop_code":"50800","stop_name":"Eastbound Aldgate at Highbury","routes":"F6"}},{"type":"Feature","geometry":{"type":"Point","coordinates":[-97.0931353867,49.8043376591]},"properties":{"stop_id":"50801","stop_code":"50801","stop_name":"Eastbound Aldgate at Cummings","routes":"F6"}},{"type":"Feature","geometry":{"type":"Point","coordinates":[-97.0819684596,49.8210280279]},"properties":{"stop_id":"50774","stop_code":"50774","stop_name":"Southbound St Anne's at Southglen","routes":"F7"}},{"type":"Feature","geometry":{"type":"Point","coordinates":[-97.0947929142,49.8035374102]},"properties":{"stop_id":"50803","stop_code":"50803","stop_name":"Westbound Aldgate at Highbury","routes":"552, F6"}},{"type":"Feature","geometry":{"type":"Point","coordinates":[-97.1881604327,49.9311023559]},"properties":{"stop_id":"31063","stop_code":"31063","stop_name":"Southbound Buller at Manitoba","routes":"336"}},{"type":"Feature","geometry":{"type":"Point","coordinates":[-97.0958985959,49.8079452627]},"properties":{"stop_id":"50805","stop_code":"50805","stop_name":"Northbound Highbury at John Forsyth","routes":"F6"}},{"type":"Feature","geometry":{"type":"Point","coordinates":[-97.0942315379,49.8114619145]},"properties":{"stop_id":"50806","stop_code":"50806","stop_name":"Northbound Dakota at Warde","routes":"F6"}},{"type":"Feature","geometry":{"type":"Point","coordinates":[-97.1155922575,49.8033383506]},"properties":{"stop_id":"50771","stop_code":"50771","stop_name":"Northbound St Mary's at Normand Park","routes":"676"}},{"type":"Feature","geometry":{"type":"Point","coordinates":[-97.0649949166,49.8408316231]},"properties":{"stop_id":"51021","stop_code":"51021","stop_name":"Westbound Abinojii Mikanah at Island Shore","routes":"D15"}},{"type":"Feature","geometry":{"type":"Point","coordinates":[-97.1128421485,49.8100848757]},"properties":{"stop_id":"50594","stop_code":"50594","stop_name":"Northbound St Mary's at Normand","routes":"676"}},{"type":"Feature","geometry":{"type":"Point","coordinates":[-97.0526672198,49.8336715366]},"properties":{"stop_id":"50595","stop_code":"50595","stop_name":"Southbound De La Seigneurie at Island Lakes","routes":"557"}},{"type":"Feature","geometry":{"type":"Point","coordinates":[-97.112040201,49.8128333068]},"properties":{"stop_id":"50592","stop_code":"50592","stop_name":"Northbound St Mary's at Britannica South","routes":"676"}},{"type":"Feature","geometry":{"type":"Point","coordinates":[-97.1121627769,49.8153989267]},"properties":{"stop_id":"50590","stop_code":"50590","stop_name":"Northbound St Mary's at Britannica","routes":"558, 676"}},{"type":"Feature","geometry":{"type":"Point","coordinates":[-97.057192579,49.8408178185]},"properties":{"stop_id":"51020","stop_code":"51020","stop_name":"Westbound Abinojii Mikanah at De La Seigneurie","routes":"D15"}},{"type":"Feature","geometry":{"type":"Point","coordinates":[-97.1245450924,49.8906103696]},"properties":{"stop_id":"51023","stop_code":"51023","stop_name":"Northbound Tache at Provencher","routes":"D16"}},{"type":"Feature","geometry":{"type":"Point","coordinates":[-97.106354599,49.8299301268]},"properties":{"stop_id":"50598","stop_code":"50598","stop_name":"Northbound Dakota at St. Vital Centre","routes":"556, 676, F6"}},{"type":"Feature","geometry":{"type":"Point","coordinates":[-97.1065836181,49.8297629669]},"properties":{"stop_id":"50599","stop_code":"50599","stop_name":"Southbound Dakota at St. Vital Centre","routes":"556, 676, F6"}},{"type":"Feature","geometry":{"type":"Point","coordinates":[-97.1585172155,49.946195996]},"properties":{"stop_id":"31085","stop_code":"31085","stop_name":"Eastbound Jefferson at Watson","routes":"37, 334"}},{"type":"Feature","geometry":{"type":"Point","coordinates":[-97.1953322779,49.9487544199]},"properties":{"stop_id":"31084","stop_code":"31084","stop_name":"Southbound Keewatin at Inkster Garden","routes":"74, 334, 884"}},{"type":"Feature","geometry":{"type":"Point","coordinates":[-97.1216668218,49.9044970072]},"properties":{"stop_id":"31087","stop_code":"31087","stop_name":"Northbound Annabella at Sutherland","routes":"FX3"}},{"type":"Feature","geometry":{"type":"Point","coordinates":[-97.1249725849,49.8910760418]},"properties":{"stop_id":"51022","stop_code":"51022","stop_name":"Southbound Tache at Provencher","routes":"D16"}},{"type":"Feature","geometry":{"type":"Point","coordinates":[-97.1900164942,49.9607785917]},"properties":{"stop_id":"31081","stop_code":"31081","stop_name":"Westbound Jefferson at Ritchie","routes":"37, 336"}},{"type":"Feature","geometry":{"type":"Point","coordinates":[-97.1820513967,49.9605009309]},"properties":{"stop_id":"31080","stop_code":"31080","stop_name":"Eastbound Jefferson at Mandalay","routes":"37, 332"}},{"type":"Feature","geometry":{"type":"Point","coordinates":[-97.1223761153,49.8682854563]},"properties":{"stop_id":"10022","stop_code":"10022","stop_name":"Southbound Eccles at Bartlet","routes":"895"}},{"type":"Feature","geometry":{"type":"Point","coordinates":[-97.1737163349,49.9467874871]},"properties":{"stop_id":"31082","stop_code":"31082","stop_name":"Southbound Sheppard at Mapleglen","routes":"38, 39"}},{"type":"Feature","geometry":{"type":"Point","coordinates":[-97.077891097,49.8709193871]},"properties":{"stop_id":"51025","stop_code":"51025","stop_name":"Eastbound Elizabeth at Harper","routes":"551"}},{"type":"Feature","geometry":{"type":"Point","coordinates":[-97.1589582883,49.8559652139]},"properties":{"stop_id":"60790","stop_code":"60790","stop_name":"Eastbound Taylor at Wilton","routes":"664"}},{"type":"Feature","geometry":{"type":"Point","coordinates":[-97.1699901962,49.9270387516]},"properties":{"stop_id":"31089","stop_code":"31089","stop_name":"Eastbound Burrows at McPhillips","routes":"336"}},{"type":"Feature","geometry":{"type":"Point","coordinates":[-97.1212944674,49.9047608158]},"properties":{"stop_id":"31088","stop_code":"31088","stop_name":"Westbound Sutherland at Annabella","routes":"FX3"}},{"type":"Feature","geometry":{"type":"Point","coordinates":[-97.065384089,49.8565166777]},"properties":{"stop_id":"51024","stop_code":"51024","stop_name":"Southbound Westmount at Fermor","routes":"551"}},{"type":"Feature","geometry":{"type":"Point","coordinates":[-97.1248295848,49.8915324724]},"properties":{"stop_id":"50176","stop_code":"50176","stop_name":"Westbound Provencher at Tache","routes":"F7, FX4"}},{"type":"Feature","geometry":{"type":"Point","coordinates":[-97.1286835053,49.9308310607]},"properties":{"stop_id":"30147","stop_code":"30147","stop_name":"Northbound Salter at Matheson","routes":"D11"}},{"type":"Feature","geometry":{"type":"Point","coordinates":[-96.9632593635,49.9021598447]},"properties":{"stop_id":"40725","stop_code":"40725","stop_name":"Northbound Alex Taylor at Blairmore South","routes":"48"}},{"type":"Feature","geometry":{"type":"Point","coordinates":[-97.074968203,49.8709247773]},"properties":{"stop_id":"51026","stop_code":"51026","stop_name":"Eastbound Elizabeth at Bleau","routes":"551"}},{"type":"Feature","geometry":{"type":"Point","coordinates":[-97.212835479,49.8316685258]},"properties":{"stop_id":"61049","stop_code":"61049","stop_name":"Eastbound Tuxedo Business Park at Commerce","routes":"641"}},{"type":"Feature","geometry":{"type":"Point","coordinates":[-97.0859000892,49.8651243478]},"properties":{"stop_id":"50118","stop_code":"50118","stop_name":"Northbound Drake at Blackberry","routes":"551"}},{"type":"Feature","geometry":{"type":"Point","coordinates":[-97.0861868019,49.8652640161]},"properties":{"stop_id":"50119","stop_code":"50119","stop_name":"Southbound Drake at Blueberry","routes":"551"}},{"type":"Feature","geometry":{"type":"Point","coordinates":[-97.0969467233,49.8024844419]},"properties":{"stop_id":"50971","stop_code":"50971","stop_name":"Westbound Aldgate at Nault","routes":"552"}},{"type":"Feature","geometry":{"type":"Point","coordinates":[-97.0996079822,49.8016016837]},"properties":{"stop_id":"50972","stop_code":"50972","stop_name":"Westbound Aldgate at Cotter","routes":"552"}},{"type":"Feature","geometry":{"type":"Point","coordinates":[-97.0754642576,49.8710499637]},"properties":{"stop_id":"51028","stop_code":"51028","stop_name":"Westbound Elizabeth at Bleau","routes":"551"}},{"type":"Feature","geometry":{"type":"Point","coordinates":[-97.163028061,49.7926414122]},"properties":{"stop_id":"61040","stop_code":"61040","stop_name":"Southbound Bairdmore at Marrington","routes":"671"}},{"type":"Feature","geometry":{"type":"Point","coordinates":[-97.0852172769,49.8598689015]},"properties":{"stop_id":"50113","stop_code":"50113","stop_name":"Westbound Cottonwood at Boulder","routes":"557"}},{"type":"Feature","geometry":{"type":"Point","coordinates":[-97.0801379831,49.8609361252]},"properties":{"stop_id":"50110","stop_code":"50110","stop_name":"Westbound Cottonwood at Cypress","routes":"551, 557"}},{"type":"Feature","geometry":{"type":"Point","coordinates":[-97.0824672973,49.8604440319]},"properties":{"stop_id":"50111","stop_code":"50111","stop_name":"Westbound Cottonwood at Drake","routes":"551, 557"}},{"type":"Feature","geometry":{"type":"Point","coordinates":[-97.0843308506,49.8625797518]},"properties":{"stop_id":"50114","stop_code":"50114","stop_name":"Northbound Drake at Bittersweet","routes":"551"}},{"type":"Feature","geometry":{"type":"Point","coordinates":[-97.0846314499,49.862719654]},"properties":{"stop_id":"50115","stop_code":"50115","stop_name":"Southbound Drake at Buttonwood","routes":"551"}},{"type":"Feature","geometry":{"type":"Point","coordinates":[-97.1584766659,49.9169167782]},"properties":{"stop_id":"30313","stop_code":"30313","stop_name":"Southbound Arlington at Dufferin","routes":"28"}},{"type":"Feature","geometry":{"type":"Point","coordinates":[-97.0882172868,49.8229844539]},"properties":{"stop_id":"50682","stop_code":"50682","stop_name":"Eastbound Compark at Ashworth","routes":"552"}},{"type":"Feature","geometry":{"type":"Point","coordinates":[-97.1121223389,49.8528629809]},"properties":{"stop_id":"50298","stop_code":"50298","stop_name":"Southbound St Mary's at Fermor","routes":"FX2"}},{"type":"Feature","geometry":{"type":"Point","coordinates":[-97.2606965706,49.9022794964]},"properties":{"stop_id":"20610","stop_code":"20610","stop_name":"Southbound Moray at Saskatchewan","routes":"883"}},{"type":"Feature","geometry":{"type":"Point","coordinates":[-97.1999267902,49.7939319787]},"properties":{"stop_id":"62096","stop_code":"62096","stop_name":"Eastbound Bison at Park West","routes":"678"}},{"type":"Feature","geometry":{"type":"Point","coordinates":[-97.1729287648,49.914546187]},"properties":{"stop_id":"10322","stop_code":"10322","stop_name":"Westbound Logan at Yeomans","routes":"43"}},{"type":"Feature","geometry":{"type":"Point","coordinates":[-97.1684231501,49.9003708749]},"properties":{"stop_id":"10281","stop_code":"10281","stop_name":"Southbound Arlington at Wellington","routes":"28, 224"}},{"type":"Feature","geometry":{"type":"Point","coordinates":[-97.0900146592,49.8228882061]},"properties":{"stop_id":"50681","stop_code":"50681","stop_name":"Northbound Ashworth at Harlesden","routes":"552"}},{"type":"Feature","geometry":{"type":"Point","coordinates":[-97.2015689082,49.789738806]},"properties":{"stop_id":"62094","stop_code":"62094","stop_name":"Northbound Bridge Lake at Willow Creek","routes":"678"}},{"type":"Feature","geometry":{"type":"Point","coordinates":[-97.1659764013,49.8734460577]},"properties":{"stop_id":"10109","stop_code":"10109","stop_name":"Southbound Stafford at Kingsway","routes":"28, 889, D11, D16"}},{"type":"Feature","geometry":{"type":"Point","coordinates":[-97.2040491305,49.791801231]},"properties":{"stop_id":"62095","stop_code":"62095","stop_name":"Northbound Bridge Lake at Bison","routes":"678"}},{"type":"Feature","geometry":{"type":"Point","coordinates":[-96.9937195872,49.9054533967]},"properties":{"stop_id":"40039","stop_code":"40039","stop_name":"Eastbound McMeans at Argus","routes":"48"}},{"type":"Feature","geometry":{"type":"Point","coordinates":[-97.1995169277,49.8270814977]},"properties":{"stop_id":"61134","stop_code":"61134","stop_name":"Southbound Lindenwood at Lindenwood Terrace","routes":"650"}},{"type":"Feature","geometry":{"type":"Point","coordinates":[-97.1547431335,49.9555895913]},"properties":{"stop_id":"30369","stop_code":"30369","stop_name":"Eastbound Leila at Simkin","routes":"38, 332, D10"}},{"type":"Feature","geometry":{"type":"Point","coordinates":[-97.132675229,49.8159206878]},"properties":{"stop_id":"50604","stop_code":"50604","stop_name":"Eastbound St.Amant Access at St.Amant","routes":"556"}},{"type":"Feature","geometry":{"type":"Point","coordinates":[-97.1638661843,49.7984026103]},"properties":{"stop_id":"61137","stop_code":"61137","stop_name":"Southbound Barnes at Lee","routes":"662"}},{"type":"Feature","geometry":{"type":"Point","coordinates":[-97.1889435722,49.8164372451]},"properties":{"stop_id":"60959","stop_code":"60959","stop_name":"Northbound Dovercourt at Scurfield South","routes":"690"}},{"type":"Feature","geometry":{"type":"Point","coordinates":[-97.1195391226,49.8288048669]},"properties":{"stop_id":"50603","stop_code":"50603","stop_name":"Eastbound Abinojii Mikanah at Glen Meadow","routes":"F9"}},{"type":"Feature","geometry":{"type":"Point","coordinates":[-97.2115546376,49.812102469]},"properties":{"stop_id":"60955","stop_code":"60955","stop_name":"Southbound Scurfield at Portwood","routes":"691"}},{"type":"Feature","geometry":{"type":"Point","coordinates":[-97.2113272755,49.8137450538]},"properties":{"stop_id":"60954","stop_code":"60954","stop_name":"Southbound Scurfield at Invermere","routes":"691"}},{"type":"Feature","geometry":{"type":"Point","coordinates":[-97.1906958237,49.813811104]},"properties":{"stop_id":"60957","stop_code":"60957","stop_name":"Southbound Henlow at Fultz","routes":"690"}},{"type":"Feature","geometry":{"type":"Point","coordinates":[-97.2164270447,49.8050985426]},"properties":{"stop_id":"60956","stop_code":"60956","stop_name":"Southbound Scurfield at Ivy Lea","routes":"649, 650, 691"}},{"type":"Feature","geometry":{"type":"Point","coordinates":[-97.1640182222,49.7987918138]},"properties":{"stop_id":"61138","stop_code":"61138","stop_name":"Northbound Barnes at Lee","routes":"662"}},{"type":"Feature","geometry":{"type":"Point","coordinates":[-97.2163063379,49.8053575395]},"properties":{"stop_id":"60950","stop_code":"60950","stop_name":"Northbound Scurfield at Vanderbilt","routes":"649, 650"}},{"type":"Feature","geometry":{"type":"Point","coordinates":[-97.107635334,49.8092262455]},"properties":{"stop_id":"50608","stop_code":"50608","stop_name":"Northbound Paddington at Charing Cross","routes":"552"}},{"type":"Feature","geometry":{"type":"Point","coordinates":[-97.2121683516,49.8097822272]},"properties":{"stop_id":"60952","stop_code":"60952","stop_name":"Northbound Scurfield at Fleetwood West","routes":"649, 650"}},{"type":"Feature","geometry":{"type":"Point","coordinates":[-97.1268935534,49.9335096073]},"properties":{"stop_id":"30144","stop_code":"30144","stop_name":"Southbound Salter at Rupertsland","routes":"D11"}},{"type":"Feature","geometry":{"type":"Point","coordinates":[-97.2880655393,49.8584863258]},"properties":{"stop_id":"60553","stop_code":"60553","stop_name":"Eastbound Roblin at Pepperloaf","routes":"70"}},{"type":"Feature","geometry":{"type":"Point","coordinates":[-97.2876568511,49.8586331958]},"properties":{"stop_id":"60552","stop_code":"60552","stop_name":"Westbound Roblin at Lannoo","routes":"70"}},{"type":"Feature","geometry":{"type":"Point","coordinates":[-97.2898410566,49.8590342747]},"properties":{"stop_id":"60555","stop_code":"60555","stop_name":"Westbound Roblin at William Marshall","routes":"70"}},{"type":"Feature","geometry":{"type":"Point","coordinates":[-97.2902914615,49.8588880132]},"properties":{"stop_id":"60554","stop_code":"60554","stop_name":"Eastbound Roblin at Greenbrier","routes":"70"}},{"type":"Feature","geometry":{"type":"Point","coordinates":[-97.2929466271,49.8593499572]},"properties":{"stop_id":"60557","stop_code":"60557","stop_name":"Eastbound Roblin at Scotswood","routes":"70"}},{"type":"Feature","geometry":{"type":"Point","coordinates":[-97.2924548225,49.8594866235]},"properties":{"stop_id":"60556","stop_code":"60556","stop_name":"Westbound Roblin at Scotswood","routes":"70"}},{"type":"Feature","geometry":{"type":"Point","coordinates":[-97.1270784969,49.8179350926]},"properties":{"stop_id":"50455","stop_code":"50455","stop_name":"Northbound River at Millfield","routes":"556"}},{"type":"Feature","geometry":{"type":"Point","coordinates":[-97.1863600784,49.856523759]},"properties":{"stop_id":"60397","stop_code":"60397","stop_name":"Westbound Grant at Niagara","routes":"FX3"}},{"type":"Feature","geometry":{"type":"Point","coordinates":[-97.1861456761,49.8563045185]},"properties":{"stop_id":"60396","stop_code":"60396","stop_name":"Eastbound Grant at Niagara","routes":"FX3"}},{"type":"Feature","geometry":{"type":"Point","coordinates":[-97.1405580392,49.8412879199]},"properties":{"stop_id":"60794","stop_code":"60794","stop_name":"Eastbound South at Dowker","routes":"694"}},{"type":"Feature","geometry":{"type":"Point","coordinates":[-97.1816784644,49.8563333721]},"properties":{"stop_id":"60393","stop_code":"60393","stop_name":"Westbound Grant at Elm","routes":"FX3"}},{"type":"Feature","geometry":{"type":"Point","coordinates":[-97.1805731567,49.856127107]},"properties":{"stop_id":"60392","stop_code":"60392","stop_name":"Eastbound Grant at Elm","routes":"FX3"}},{"type":"Feature","geometry":{"type":"Point","coordinates":[-97.1914585537,49.8567294649]},"properties":{"stop_id":"60399","stop_code":"60399","stop_name":"Westbound Grant at Campbell","routes":"FX3"}},{"type":"Feature","geometry":{"type":"Point","coordinates":[-97.1626365214,49.8547283753]},"properties":{"stop_id":"60741","stop_code":"60741","stop_name":"Eastbound Taylor at Nathaniel East","routes":"664"}},{"type":"Feature","geometry":{"type":"Point","coordinates":[-97.1071112919,49.9006259285]},"properties":{"stop_id":"50625","stop_code":"50625","stop_name":"Southbound Archibald at La Verendrye North","routes":"551, 886, 887"}},{"type":"Feature","geometry":{"type":"Point","coordinates":[-97.1575000281,49.7881908602]},"properties":{"stop_id":"60034","stop_code":"60034","stop_name":"Southbound Pembina at Killarney","routes":"BLUE"}},{"type":"Feature","geometry":{"type":"Point","coordinates":[-97.0651860819,49.8607770621]},"properties":{"stop_id":"50084","stop_code":"50084","stop_name":"Northbound Westmount at Lachine","routes":"551, 558"}},{"type":"Feature","geometry":{"type":"Point","coordinates":[-97.090697447,49.8345032261]},"properties":{"stop_id":"50513","stop_code":"50513","stop_name":"Northbound St Anne's at Meadowood","routes":"F7"}},{"type":"Feature","geometry":{"type":"Point","coordinates":[-97.1524765894,49.7836491481]},"properties":{"stop_id":"60035","stop_code":"60035","stop_name":"Southbound Baylor at Dalhousie","routes":"662"}},{"type":"Feature","geometry":{"type":"Point","coordinates":[-97.1125175932,49.8491454543]},"properties":{"stop_id":"50553","stop_code":"50553","stop_name":"Southbound St Mary's at Hull","routes":"FX2"}},{"type":"Feature","geometry":{"type":"Point","coordinates":[-97.1573715725,49.7860839478]},"properties":{"stop_id":"60033","stop_code":"60033","stop_name":"Southbound Pembina at Newdale North","routes":"91, BLUE"}},{"type":"Feature","geometry":{"type":"Point","coordinates":[-97.1404555016,49.8878087355]},"properties":{"stop_id":"10673","stop_code":"10673","stop_name":"Southbound Donald at Broadway","routes":"F5, F8"}},{"type":"Feature","geometry":{"type":"Point","coordinates":[-97.0523257493,49.8331710539]},"properties":{"stop_id":"57014","stop_code":"57014","stop_name":"Northbound De La Seigneurie at Lakeview","routes":"557"}},{"type":"Feature","geometry":{"type":"Point","coordinates":[-97.1425753925,49.8917016356]},"properties":{"stop_id":"10670","stop_code":"10670","stop_name":"Southbound Donald at Graham","routes":"F5, F8"}},{"type":"Feature","geometry":{"type":"Point","coordinates":[-97.1102641972,49.8776680913]},"properties":{"stop_id":"57012","stop_code":"57012","stop_name":"Northbound Des Meurons at Dubuc","routes":"F7"}},{"type":"Feature","geometry":{"type":"Point","coordinates":[-97.1209570267,49.8922972198]},"properties":{"stop_id":"57013","stop_code":"57013","stop_name":"Eastbound Provencher at Aulneau","routes":"888, F7"}},{"type":"Feature","geometry":{"type":"Point","coordinates":[-97.1097914046,49.8733787161]},"properties":{"stop_id":"57010","stop_code":"57010","stop_name":"Northbound Des Meurons at Carriere","routes":"F7"}},{"type":"Feature","geometry":{"type":"Point","coordinates":[-97.1847418873,49.8506965912]},"properties":{"stop_id":"60173","stop_code":"60173","stop_name":"Westbound Taylor at Ash","routes":"664"}},{"type":"Feature","geometry":{"type":"Point","coordinates":[-97.1713936997,49.8077418235]},"properties":{"stop_id":"60172","stop_code":"60172","stop_name":"Northbound Chancellor at Lakeside","routes":"676, 678"}},{"type":"Feature","geometry":{"type":"Point","coordinates":[-97.1715929127,49.8072502402]},"properties":{"stop_id":"60171","stop_code":"60171","stop_name":"Southbound Chancellor at Lake Crest","routes":"676, 678"}},{"type":"Feature","geometry":{"type":"Point","coordinates":[-97.1106660986,49.8638042393]},"properties":{"stop_id":"50550","stop_code":"50550","stop_name":"Southbound St Anne's at St. Mary's","routes":"F7"}},{"type":"Feature","geometry":{"type":"Point","coordinates":[-97.1699563884,49.8115780041]},"properties":{"stop_id":"60177","stop_code":"60177","stop_name":"Northbound Chancellor at Lake Albrin","routes":"676, 678"}},{"type":"Feature","geometry":{"type":"Point","coordinates":[-97.1716017396,49.8095981046]},"properties":{"stop_id":"60176","stop_code":"60176","stop_name":"Southbound Chancellor at Lake Lindero","routes":"676, 678"}},{"type":"Feature","geometry":{"type":"Point","coordinates":[-97.1714055633,49.8092711805]},"properties":{"stop_id":"60175","stop_code":"60175","stop_name":"Northbound Chancellor at Lake Lindero","routes":"676, 678"}},{"type":"Feature","geometry":{"type":"Point","coordinates":[-97.1901317798,49.8501603405]},"properties":{"stop_id":"60174","stop_code":"60174","stop_name":"Westbound Taylor at Brock","routes":"664"}},{"type":"Feature","geometry":{"type":"Point","coordinates":[-97.168083627,49.8122140085]},"properties":{"stop_id":"60179","stop_code":"60179","stop_name":"Northbound Chancellor at Lake Lindero East","routes":"676, 678"}},{"type":"Feature","geometry":{"type":"Point","coordinates":[-97.1702769231,49.8115560877]},"properties":{"stop_id":"60178","stop_code":"60178","stop_name":"Southbound Chancellor at Lake Albrin","routes":"676, 678"}},{"type":"Feature","geometry":{"type":"Point","coordinates":[-97.2066966106,49.9475367365]},"properties":{"stop_id":"30784","stop_code":"30784","stop_name":"Northbound King Edward at Garton","routes":"332"}},{"type":"Feature","geometry":{"type":"Point","coordinates":[-97.10045471,49.8065989199]},"properties":{"stop_id":"50635","stop_code":"50635","stop_name":"Westbound Burland at Brixton","routes":"676"}},{"type":"Feature","geometry":{"type":"Point","coordinates":[-97.0076322267,49.9054778414]},"properties":{"stop_id":"40075","stop_code":"40075","stop_name":"Westbound McMeans at Winona","routes":"48"}},{"type":"Feature","geometry":{"type":"Point","coordinates":[-97.0964562456,49.9091584123]},"properties":{"stop_id":"40818","stop_code":"40818","stop_name":"Eastbound Chalmers at Gateway","routes":"FX4"}},{"type":"Feature","geometry":{"type":"Point","coordinates":[-97.002321841,49.8951228563]},"properties":{"stop_id":"40065","stop_code":"40065","stop_name":"Westbound Regent at Day","routes":"FX3"}},{"type":"Feature","geometry":{"type":"Point","coordinates":[-97.1679625452,49.8658317321]},"properties":{"stop_id":"60316","stop_code":"60316","stop_name":"Eastbound Corydon at Wilton","routes":"D19"}},{"type":"Feature","geometry":{"type":"Point","coordinates":[-97.207417007,49.8225087127]},"properties":{"stop_id":"61240","stop_code":"61240","stop_name":"Southbound Kenaston Common at Kenaston (Rona)","routes":"650"}},{"type":"Feature","geometry":{"type":"Point","coordinates":[-97.143884052,49.8710160528]},"properties":{"stop_id":"10071","stop_code":"10071","stop_name":"Northbound Pembina at Nassau","routes":"F8"}},{"type":"Feature","geometry":{"type":"Point","coordinates":[-97.2601877759,49.8858381323]},"properties":{"stop_id":"20143","stop_code":"20143","stop_name":"Westbound Ness at Braintree","routes":"220, D15"}},{"type":"Feature","geometry":{"type":"Point","coordinates":[-97.1455277955,49.8684338351]},"properties":{"stop_id":"10073","stop_code":"10073","stop_name":"Northbound Pembina at Daly","routes":"F8, FX3"}},{"type":"Feature","geometry":{"type":"Point","coordinates":[-97.1451631395,49.8695973489]},"properties":{"stop_id":"10072","stop_code":"10072","stop_name":"Southbound Pembina at Fleet","routes":"F8, FX3"}},{"type":"Feature","geometry":{"type":"Point","coordinates":[-97.1471751441,49.8657527059]},"properties":{"stop_id":"10075","stop_code":"10075","stop_name":"Southbound Pembina at Scotland","routes":"F8, FX3"}},{"type":"Feature","geometry":{"type":"Point","coordinates":[-97.2199397266,49.900994481]},"properties":{"stop_id":"20147","stop_code":"20147","stop_name":"Eastbound Wellington at Flight","routes":"224, D12, D13"}},{"type":"Feature","geometry":{"type":"Point","coordinates":[-97.1472976471,49.8643694282]},"properties":{"stop_id":"10077","stop_code":"10077","stop_name":"Northbound Pembina at Grant","routes":"F8"}},{"type":"Feature","geometry":{"type":"Point","coordinates":[-97.1466533445,49.865933248]},"properties":{"stop_id":"10076","stop_code":"10076","stop_name":"Northbound Pembina at Scotland","routes":"F8, FX3"}},{"type":"Feature","geometry":{"type":"Point","coordinates":[-97.1705063157,49.8651703531]},"properties":{"stop_id":"60313","stop_code":"60313","stop_name":"Westbound Corydon at Rockwood","routes":"D19"}},{"type":"Feature","geometry":{"type":"Point","coordinates":[-97.2605199987,49.8982831032]},"properties":{"stop_id":"20148","stop_code":"20148","stop_name":"Northbound Saulteaux at Saulteaux D","routes":"883"}},{"type":"Feature","geometry":{"type":"Point","coordinates":[-97.0051638919,49.8933998345]},"properties":{"stop_id":"40073","stop_code":"40073","stop_name":"Westbound Pandora at Bond","routes":"444"}},{"type":"Feature","geometry":{"type":"Point","coordinates":[-97.1400253153,49.9283243088]},"properties":{"stop_id":"30240","stop_code":"30240","stop_name":"Northbound McGregor at Cathedral","routes":"F6"}},{"type":"Feature","geometry":{"type":"Point","coordinates":[-97.2373607719,49.8849531663]},"properties":{"stop_id":"20137","stop_code":"20137","stop_name":"Westbound Ness at Air Force","routes":"D15"}},{"type":"Feature","geometry":{"type":"Point","coordinates":[-97.1733528191,49.9335502143]},"properties":{"stop_id":"30537","stop_code":"30537","stop_name":"Westbound Mountain at Fife West","routes":"38"}},{"type":"Feature","geometry":{"type":"Point","coordinates":[-97.1797952575,49.7760675083]},"properties":{"stop_id":"61245","stop_code":"61245","stop_name":"Southbound Tim Sale at Northern Lights","routes":"672"}},{"type":"Feature","geometry":{"type":"Point","coordinates":[-97.1124100087,49.8579768898]},"properties":{"stop_id":"50291","stop_code":"50291","stop_name":"Southbound St Mary's at Elm Park","routes":"FX2"}},{"type":"Feature","geometry":{"type":"Point","coordinates":[-97.1741771219,49.8286993819]},"properties":{"stop_id":"60778","stop_code":"60778","stop_name":"Westbound Clarence at MCI","routes":"690"}},{"type":"Feature","geometry":{"type":"Point","coordinates":[-97.1050939558,49.9108832453]},"properties":{"stop_id":"40816","stop_code":"40816","stop_name":"Northbound Levis at Johnson","routes":"43"}},{"type":"Feature","geometry":{"type":"Point","coordinates":[-97.1647198533,49.8324176724]},"properties":{"stop_id":"60773","stop_code":"60773","stop_name":"Northbound Irene at Clarence","routes":"690"}},{"type":"Feature","geometry":{"type":"Point","coordinates":[-97.1625001934,49.8326433072]},"properties":{"stop_id":"60772","stop_code":"60772","stop_name":"Westbound Clarence at Clarence Station","routes":"690"}},{"type":"Feature","geometry":{"type":"Point","coordinates":[-97.1718529355,49.8342846154]},"properties":{"stop_id":"60775","stop_code":"60775","stop_name":"Southbound Hamelin at Sony","routes":"690"}},{"type":"Feature","geometry":{"type":"Point","coordinates":[-97.1723603519,49.8293093549]},"properties":{"stop_id":"60777","stop_code":"60777","stop_name":"Westbound Clarence at Hamelin West","routes":"690"}},{"type":"Feature","geometry":{"type":"Point","coordinates":[-97.16916293,49.8303921947]},"properties":{"stop_id":"60776","stop_code":"60776","stop_name":"Westbound Clarence at Hamelin","routes":"690"}},{"type":"Feature","geometry":{"type":"Point","coordinates":[-97.1116443283,49.8886735861]},"properties":{"stop_id":"50242","stop_code":"50242","stop_name":"Northbound Des Meurons at Hamel","routes":"F7"}},{"type":"Feature","geometry":{"type":"Point","coordinates":[-97.1120820462,49.8596086476]},"properties":{"stop_id":"50290","stop_code":"50290","stop_name":"Southbound St Mary's at Kingston","routes":"FX2"}},{"type":"Feature","geometry":{"type":"Point","coordinates":[-96.9639420745,49.9004987558]},"properties":{"stop_id":"41019","stop_code":"41019","stop_name":"Northbound Edmund Gale at Kildare","routes":"48"}},{"type":"Feature","geometry":{"type":"Point","coordinates":[-96.9728584183,49.8957619073]},"properties":{"stop_id":"41018","stop_code":"41018","stop_name":"Eastbound Edmund Gale at Audette","routes":"48"}},{"type":"Feature","geometry":{"type":"Point","coordinates":[-97.1271653102,49.8754331698]},"properties":{"stop_id":"51085","stop_code":"51085","stop_name":"Westbound Highfield at Ferndale","routes":"888"}},{"type":"Feature","geometry":{"type":"Point","coordinates":[-97.0773607365,49.9186024701]},"properties":{"stop_id":"41011","stop_code":"41011","stop_name":"Eastbound Kimberly at London","routes":"43"}},{"type":"Feature","geometry":{"type":"Point","coordinates":[-97.0254872402,49.8938832714]},"properties":{"stop_id":"41010","stop_code":"41010","stop_name":"Southbound Plessis at Pandora","routes":"440, D14"}},{"type":"Feature","geometry":{"type":"Point","coordinates":[-97.0690944251,49.9267493256]},"properties":{"stop_id":"41013","stop_code":"41013","stop_name":"Eastbound Tu-Pelo at Budden","routes":"43"}},{"type":"Feature","geometry":{"type":"Point","coordinates":[-97.1122483015,49.8489161841]},"properties":{"stop_id":"50554","stop_code":"50554","stop_name":"Northbound St Mary's at Hull","routes":"FX2"}},{"type":"Feature","geometry":{"type":"Point","coordinates":[-96.9728794668,49.8959241891]},"properties":{"stop_id":"41015","stop_code":"41015","stop_name":"Westbound Edmund Gale at Audette","routes":"48"}},{"type":"Feature","geometry":{"type":"Point","coordinates":[-96.96934751,49.8951426545]},"properties":{"stop_id":"41014","stop_code":"41014","stop_name":"Westbound Edmund Gale at Ravenhurst","routes":"48"}},{"type":"Feature","geometry":{"type":"Point","coordinates":[-96.9733388626,49.8985858097]},"properties":{"stop_id":"41017","stop_code":"41017","stop_name":"Southbound Audette at George Marshall","routes":"48"}},{"type":"Feature","geometry":{"type":"Point","coordinates":[-96.9731824028,49.8986640261]},"properties":{"stop_id":"41016","stop_code":"41016","stop_name":"Northbound Audette at George Marshall","routes":"48"}},{"type":"Feature","geometry":{"type":"Point","coordinates":[-97.193492734,49.8976794842]},"properties":{"stop_id":"10453","stop_code":"10453","stop_name":"Westbound Sargent at Sanford","routes":"D13"}},{"type":"Feature","geometry":{"type":"Point","coordinates":[-97.3157981809,49.859207915]},"properties":{"stop_id":"60695","stop_code":"60695","stop_name":"Southbound Dale at Honeybourne","routes":"223, 885"}},{"type":"Feature","geometry":{"type":"Point","coordinates":[-97.070766983,49.9009074299]},"properties":{"stop_id":"40226","stop_code":"40226","stop_name":"Southbound Panet at Talbot","routes":"38, D10, D17"}},{"type":"Feature","geometry":{"type":"Point","coordinates":[-97.1881441479,49.8973440455]},"properties":{"stop_id":"10457","stop_code":"10457","stop_name":"Eastbound Sargent at Valour","routes":"D13"}},{"type":"Feature","geometry":{"type":"Point","coordinates":[-97.1656174722,49.87336841]},"properties":{"stop_id":"10108","stop_code":"10108","stop_name":"Northbound Stafford at Kingsway","routes":"28, 889, D11, D16"}},{"type":"Feature","geometry":{"type":"Point","coordinates":[-97.1937214479,49.8975211432]},"properties":{"stop_id":"10454","stop_code":"10454","stop_name":"Eastbound Sargent at Sanford","routes":"D13"}},{"type":"Feature","geometry":{"type":"Point","coordinates":[-97.1878319158,49.8975010683]},"properties":{"stop_id":"10458","stop_code":"10458","stop_name":"Westbound Sargent at Valour","routes":"D13"}},{"type":"Feature","geometry":{"type":"Point","coordinates":[-97.1611734161,49.8679818321]},"properties":{"stop_id":"10101","stop_code":"10101","stop_name":"Northbound Stafford at Corydon","routes":"28, 889, D11"}},{"type":"Feature","geometry":{"type":"Point","coordinates":[-97.1602833337,49.8665014968]},"properties":{"stop_id":"10100","stop_code":"10100","stop_name":"Southbound Stafford at Warsaw","routes":"28, D11"}},{"type":"Feature","geometry":{"type":"Point","coordinates":[-97.1616113101,49.8681776836]},"properties":{"stop_id":"10102","stop_code":"10102","stop_name":"Southbound Stafford at Corydon","routes":"28, 889, D11"}},{"type":"Feature","geometry":{"type":"Point","coordinates":[-97.3086239679,49.8502882872]},"properties":{"stop_id":"60607","stop_code":"60607","stop_name":"Westbound Rannock at Charleswood","routes":"885"}},{"type":"Feature","geometry":{"type":"Point","coordinates":[-97.3115836719,49.8555755403]},"properties":{"stop_id":"60600","stop_code":"60600","stop_name":"Westbound Betsworth at Buckle","routes":"223"}},{"type":"Feature","geometry":{"type":"Point","coordinates":[-97.3071315637,49.8551777117]},"properties":{"stop_id":"60603","stop_code":"60603","stop_name":"Northbound Charleswood at Betsworth","routes":"223"}},{"type":"Feature","geometry":{"type":"Point","coordinates":[-97.1082855501,49.8955269436]},"properties":{"stop_id":"50163","stop_code":"50163","stop_name":"Eastbound Provencher at La Fleche","routes":"FX4"}},{"type":"Feature","geometry":{"type":"Point","coordinates":[-97.0678901441,49.9049432098]},"properties":{"stop_id":"40222","stop_code":"40222","stop_name":"Southbound Panet at Keenleyside","routes":"38, D10"}},{"type":"Feature","geometry":{"type":"Point","coordinates":[-97.1488556424,49.8833109302]},"properties":{"stop_id":"10600","stop_code":"10600","stop_name":"Southbound Osborne at Granite","routes":"D19, F6"}},{"type":"Feature","geometry":{"type":"Point","coordinates":[-97.1475757966,49.8920156298]},"properties":{"stop_id":"10581","stop_code":"10581","stop_name":"Eastbound Portage at Edmonton (Portage Place)","routes":"BLUE, F7, FX4"}},{"type":"Feature","geometry":{"type":"Point","coordinates":[-97.149695362,49.8912039955]},"properties":{"stop_id":"10580","stop_code":"10580","stop_name":"Eastbound Portage at Vaughan (The Bay)","routes":"BLUE, F7, FX4"}},{"type":"Feature","geometry":{"type":"Point","coordinates":[-97.1400478566,49.8947913213]},"properties":{"stop_id":"10583","stop_code":"10583","stop_name":"Eastbound Portage at Fort","routes":"BLUE, F7, FX4"}},{"type":"Feature","geometry":{"type":"Point","coordinates":[-97.1435788807,49.8934897514]},"properties":{"stop_id":"10582","stop_code":"10582","stop_name":"Eastbound Portage at Donald (Canada Life Centre)","routes":"BLUE, F7, FX4"}},{"type":"Feature","geometry":{"type":"Point","coordinates":[-97.149007914,49.8855171469]},"properties":{"stop_id":"10585","stop_code":"10585","stop_name":"Eastbound Broadway at Osborne East (Legislature)","routes":"D14, D15"}},{"type":"Feature","geometry":{"type":"Point","coordinates":[-97.1443898326,49.8865046249]},"properties":{"stop_id":"10586","stop_code":"10586","stop_name":"Eastbound Broadway at Edmonton","routes":"D14, D15"}},{"type":"Feature","geometry":{"type":"Point","coordinates":[-97.1383646435,49.8878740746]},"properties":{"stop_id":"10589","stop_code":"10589","stop_name":"Eastbound Broadway at Smith","routes":"D14, D15"}},{"type":"Feature","geometry":{"type":"Point","coordinates":[-97.140415048,49.8874123043]},"properties":{"stop_id":"10588","stop_code":"10588","stop_name":"Eastbound Broadway at Donald","routes":"D14, D15"}},{"type":"Feature","geometry":{"type":"Point","coordinates":[-97.1325324753,49.9379632501]},"properties":{"stop_id":"30219","stop_code":"30219","stop_name":"Westbound Jefferson at McGregor","routes":"37"}},{"type":"Feature","geometry":{"type":"Point","coordinates":[-96.9981925268,49.8932884574]},"properties":{"stop_id":"40708","stop_code":"40708","stop_name":"Eastbound Pandora at Wabasha","routes":"444"}},{"type":"Feature","geometry":{"type":"Point","coordinates":[-96.9927062777,49.8932923785]},"properties":{"stop_id":"40709","stop_code":"40709","stop_name":"Eastbound Pandora at Leola","routes":"444"}},{"type":"Feature","geometry":{"type":"Point","coordinates":[-97.0419899806,49.9419634612]},"properties":{"stop_id":"40706","stop_code":"40706","stop_name":"Eastbound Ragsdill at Middlehurst","routes":"442"}},{"type":"Feature","geometry":{"type":"Point","coordinates":[-97.0921725281,49.9220587338]},"properties":{"stop_id":"40492","stop_code":"40492","stop_name":"Northbound Watt at Chelsea","routes":"43, 551"}},{"type":"Feature","geometry":{"type":"Point","coordinates":[-97.053782458,49.9225710833]},"properties":{"stop_id":"40704","stop_code":"40704","stop_name":"Eastbound Grassie at Molson","routes":"446, D10"}},{"type":"Feature","geometry":{"type":"Point","coordinates":[-97.1350527566,49.9351344742]},"properties":{"stop_id":"30210","stop_code":"30210","stop_name":"Southbound McGregor at Smithfield","routes":"F6"}},{"type":"Feature","geometry":{"type":"Point","coordinates":[-97.0682277621,49.9313493215]},"properties":{"stop_id":"40702","stop_code":"40702","stop_name":"Southbound Gateway at Furniture Park","routes":"43"}},{"type":"Feature","geometry":{"type":"Point","coordinates":[-97.1305784457,49.9405582501]},"properties":{"stop_id":"30216","stop_code":"30216","stop_name":"Northbound McGregor at Hartford","routes":"F6"}},{"type":"Feature","geometry":{"type":"Point","coordinates":[-97.1307389808,49.940731746]},"properties":{"stop_id":"30215","stop_code":"30215","stop_name":"Southbound McGregor at Belmont","routes":"F6"}},{"type":"Feature","geometry":{"type":"Point","coordinates":[-97.0912934682,49.9231506325]},"properties":{"stop_id":"40493","stop_code":"40493","stop_name":"Northbound Watt at Kimberly","routes":"43, 551"}},{"type":"Feature","geometry":{"type":"Point","coordinates":[-97.1497640684,49.8238410569]},"properties":{"stop_id":"60918","stop_code":"60918","stop_name":"Westbound Plaza at Plaza West","routes":"556"}},{"type":"Feature","geometry":{"type":"Point","coordinates":[-97.0927625355,49.9215827236]},"properties":{"stop_id":"40491","stop_code":"40491","stop_name":"Southbound Watt at Chelsea","routes":"43, 551"}},{"type":"Feature","geometry":{"type":"Point","coordinates":[-97.1816294547,49.7779043774]},"properties":{"stop_id":"61243","stop_code":"61243","stop_name":"Southbound Tim Sale at Stan Bailie","routes":"672"}},{"type":"Feature","geometry":{"type":"Point","coordinates":[-97.1977903594,49.8151721292]},"properties":{"stop_id":"60864","stop_code":"60864","stop_name":"Eastbound Scurfield at Kenaston West","routes":"74, 649, 690, 691"}},{"type":"Feature","geometry":{"type":"Point","coordinates":[-97.1012827938,49.9302500415]},"properties":{"stop_id":"40382","stop_code":"40382","stop_name":"Northbound Henderson at Hazel Dell","routes":"442"}},{"type":"Feature","geometry":{"type":"Point","coordinates":[-97.0895171789,49.9145130887]},"properties":{"stop_id":"40831","stop_code":"40831","stop_name":"Southbound Gateway at Munroe","routes":"FX4"}},{"type":"Feature","geometry":{"type":"Point","coordinates":[-97.2916816669,49.8656277566]},"properties":{"stop_id":"20368","stop_code":"20368","stop_name":"Southbound Westwood at Assiniboine","routes":"885"}},{"type":"Feature","geometry":{"type":"Point","coordinates":[-97.1024166557,49.9290543046]},"properties":{"stop_id":"40381","stop_code":"40381","stop_name":"Northbound Henderson at Dunrobin","routes":"442"}},{"type":"Feature","geometry":{"type":"Point","coordinates":[-97.026878173,49.9092796395]},"properties":{"stop_id":"40834","stop_code":"40834","stop_name":"Westbound Devonshire at Dawnville","routes":"440"}},{"type":"Feature","geometry":{"type":"Point","coordinates":[-97.0936690298,49.9367452565]},"properties":{"stop_id":"40387","stop_code":"40387","stop_name":"Northbound Henderson at McLeod","routes":"442, F8"}},{"type":"Feature","geometry":{"type":"Point","coordinates":[-97.0960729856,49.9093410055]},"properties":{"stop_id":"40836","stop_code":"40836","stop_name":"Southbound Gateway at Chalmers","routes":"FX4"}},{"type":"Feature","geometry":{"type":"Point","coordinates":[-97.0658978129,49.933856016]},"properties":{"stop_id":"40794","stop_code":"40794","stop_name":"Southbound Raleigh at Edison","routes":"446"}},{"type":"Feature","geometry":{"type":"Point","coordinates":[-96.9742984936,49.8932954609]},"properties":{"stop_id":"40838","stop_code":"40838","stop_name":"Eastbound Pandora at Redonda","routes":"D14"}},{"type":"Feature","geometry":{"type":"Point","coordinates":[-97.1876872556,49.9411152944]},"properties":{"stop_id":"30696","stop_code":"30696","stop_name":"Westbound Church at Plymouth East","routes":"332"}},{"type":"Feature","geometry":{"type":"Point","coordinates":[-97.0919920979,49.9386245752]},"properties":{"stop_id":"40388","stop_code":"40388","stop_name":"Northbound Henderson at Devon","routes":"442, D10"}},{"type":"Feature","geometry":{"type":"Point","coordinates":[-97.2936148978,49.8782941368]},"properties":{"stop_id":"20361","stop_code":"20361","stop_name":"Southbound Westwood at Amundsen","routes":"885"}},{"type":"Feature","geometry":{"type":"Point","coordinates":[-97.2913483759,49.8691578472]},"properties":{"stop_id":"20366","stop_code":"20366","stop_name":"Southbound Westwood at Leacock","routes":"885"}},{"type":"Feature","geometry":{"type":"Point","coordinates":[-97.1357817255,49.8887859808]},"properties":{"stop_id":"11052","stop_code":"11052","stop_name":"Westbound Broadway at Main","routes":"D14, D15"}},{"type":"Feature","geometry":{"type":"Point","coordinates":[-97.175134478,49.9339740821]},"properties":{"stop_id":"30691","stop_code":"30691","stop_name":"Eastbound Mountain at Bentall East","routes":"38"}},{"type":"Feature","geometry":{"type":"Point","coordinates":[-97.2004288308,49.9384266242]},"properties":{"stop_id":"30690","stop_code":"30690","stop_name":"Eastbound Burrows at Avery","routes":"332, 833, D17"}},{"type":"Feature","geometry":{"type":"Point","coordinates":[-96.979972894,49.9054571552]},"properties":{"stop_id":"40012","stop_code":"40012","stop_name":"Eastbound McMeans at Redonda","routes":"48"}},{"type":"Feature","geometry":{"type":"Point","coordinates":[-96.9805126608,49.9008700515]},"properties":{"stop_id":"40013","stop_code":"40013","stop_name":"Westbound Kildare at Redonda West","routes":"D14"}},{"type":"Feature","geometry":{"type":"Point","coordinates":[-96.9787548657,49.8962788187]},"properties":{"stop_id":"40010","stop_code":"40010","stop_name":"Northbound Redonda at Victoria","routes":"48, 444"}},{"type":"Feature","geometry":{"type":"Point","coordinates":[-96.9801763992,49.9055866391]},"properties":{"stop_id":"40011","stop_code":"40011","stop_name":"Westbound McMeans at Redonda","routes":"48"}},{"type":"Feature","geometry":{"type":"Point","coordinates":[-96.9801854377,49.8960339401]},"properties":{"stop_id":"40016","stop_code":"40016","stop_name":"Westbound Victoria at Brelade","routes":"FX3"}},{"type":"Feature","geometry":{"type":"Point","coordinates":[-96.9803994133,49.8959117421]},"properties":{"stop_id":"40017","stop_code":"40017","stop_name":"Eastbound Victoria at Brelade","routes":"FX3"}},{"type":"Feature","geometry":{"type":"Point","coordinates":[-96.9798994068,49.8982147721]},"properties":{"stop_id":"40014","stop_code":"40014","stop_name":"Southbound Redonda at Murdoch MacKay","routes":"48, 444"}},{"type":"Feature","geometry":{"type":"Point","coordinates":[-96.97895418,49.8961743576]},"properties":{"stop_id":"40015","stop_code":"40015","stop_name":"Southbound Redonda at Victoria","routes":"48, 444"}},{"type":"Feature","geometry":{"type":"Point","coordinates":[-97.1168912171,49.942360338]},"properties":{"stop_id":"30107","stop_code":"30107","stop_name":"Eastbound Partridge at Aikins","routes":"D10"}},{"type":"Feature","geometry":{"type":"Point","coordinates":[-97.1158828538,49.9431984575]},"properties":{"stop_id":"30106","stop_code":"30106","stop_name":"Westbound Leila at Aikins","routes":"D10"}},{"type":"Feature","geometry":{"type":"Point","coordinates":[-97.1146563002,49.9039153063]},"properties":{"stop_id":"30101","stop_code":"30101","stop_name":"Eastbound Higgins at Sutherland","routes":"43, D17, FX3"}},{"type":"Feature","geometry":{"type":"Point","coordinates":[-97.1149214456,49.9039016341]},"properties":{"stop_id":"30100","stop_code":"30100","stop_name":"Westbound Higgins at Sutherland","routes":"43, D17, FX3"}},{"type":"Feature","geometry":{"type":"Point","coordinates":[-97.1895833522,49.9637761132]},"properties":{"stop_id":"30851","stop_code":"30851","stop_name":"Southbound Ritchie at Boundary","routes":"336"}},{"type":"Feature","geometry":{"type":"Point","coordinates":[-97.1066697693,49.8051176454]},"properties":{"stop_id":"50705","stop_code":"50705","stop_name":"Eastbound Burland at Healy","routes":"552, 676"}},{"type":"Feature","geometry":{"type":"Point","coordinates":[-97.1944636489,49.9384327195]},"properties":{"stop_id":"30677","stop_code":"30677","stop_name":"Eastbound Burrows at Keewatin East","routes":"332, 833, D17"}},{"type":"Feature","geometry":{"type":"Point","coordinates":[-97.1856014392,49.9606465477]},"properties":{"stop_id":"30852","stop_code":"30852","stop_name":"Eastbound Jefferson at Dunham","routes":"37"}},{"type":"Feature","geometry":{"type":"Point","coordinates":[-97.1157240187,49.9269059537]},"properties":{"stop_id":"30854","stop_code":"30854","stop_name":"Westbound Matheson at St. Cross","routes":"37"}},{"type":"Feature","geometry":{"type":"Point","coordinates":[-97.1129223408,49.9258618792]},"properties":{"stop_id":"30859","stop_code":"30859","stop_name":"Eastbound Matheson at Scotia","routes":"37"}},{"type":"Feature","geometry":{"type":"Point","coordinates":[-97.1156332062,49.9267335708]},"properties":{"stop_id":"30858","stop_code":"30858","stop_name":"Eastbound Matheson at St. Cross","routes":"37"}},{"type":"Feature","geometry":{"type":"Point","coordinates":[-97.0776317457,49.8480044973]},"properties":{"stop_id":"50366","stop_code":"50366","stop_name":"Westbound Willowlake at Lakewood","routes":"558"}},{"type":"Feature","geometry":{"type":"Point","coordinates":[-97.1926377705,49.9369470616]},"properties":{"stop_id":"30679","stop_code":"30679","stop_name":"Northbound Dorset at Tyndall","routes":"833"}},{"type":"Feature","geometry":{"type":"Point","coordinates":[-97.2235893109,49.927882384]},"properties":{"stop_id":"20535","stop_code":"20535","stop_name":"Southbound Omands Creek at Sylvan","routes":"881"}},{"type":"Feature","geometry":{"type":"Point","coordinates":[-97.0714067427,49.8446806528]},"properties":{"stop_id":"50349","stop_code":"50349","stop_name":"Westbound Beaverhill at Collingwood","routes":"556, 557"}},{"type":"Feature","geometry":{"type":"Point","coordinates":[-97.0708710543,49.8445098106]},"properties":{"stop_id":"50348","stop_code":"50348","stop_name":"Eastbound Beaverhill at Collingwood","routes":"556, 557"}},{"type":"Feature","geometry":{"type":"Point","coordinates":[-97.0174608499,49.9137332135]},"properties":{"stop_id":"40632","stop_code":"40632","stop_name":"Westbound North Meadow at Fireside","routes":"440"}},{"type":"Feature","geometry":{"type":"Point","coordinates":[-97.0204265841,49.913765981]},"properties":{"stop_id":"40633","stop_code":"40633","stop_name":"Westbound North Meadow at Brookshire","routes":"440"}},{"type":"Feature","geometry":{"type":"Point","coordinates":[-97.0656315746,49.8443953557]},"properties":{"stop_id":"50345","stop_code":"50345","stop_name":"Westbound Beaverhill at Baywater","routes":"556, 557"}},{"type":"Feature","geometry":{"type":"Point","coordinates":[-97.0655809957,49.844268578]},"properties":{"stop_id":"50344","stop_code":"50344","stop_name":"Eastbound Beaverhill at Baywater","routes":"556, 557"}},{"type":"Feature","geometry":{"type":"Point","coordinates":[-97.0489519259,49.8506548013]},"properties":{"stop_id":"50343","stop_code":"50343","stop_name":"Eastbound East Mint at Lagimodiere","routes":"558"}},{"type":"Feature","geometry":{"type":"Point","coordinates":[-97.0489293356,49.8508703043]},"properties":{"stop_id":"50342","stop_code":"50342","stop_name":"Westbound East Mint at Lagimodiere","routes":"558"}},{"type":"Feature","geometry":{"type":"Point","coordinates":[-97.0509749505,49.848089292]},"properties":{"stop_id":"50341","stop_code":"50341","stop_name":"Westbound Burmac at Lagimodiere","routes":"556"}},{"type":"Feature","geometry":{"type":"Point","coordinates":[-97.050771128,49.8479689215]},"properties":{"stop_id":"50340","stop_code":"50340","stop_name":"Eastbound Burmac at Lagimodiere","routes":"556"}},{"type":"Feature","geometry":{"type":"Point","coordinates":[-97.1972775351,49.7979205425]},"properties":{"stop_id":"62049","stop_code":"62049","stop_name":"Southbound Centre at North Town","routes":"74"}},{"type":"Feature","geometry":{"type":"Point","coordinates":[-97.2193758674,49.8126098678]},"properties":{"stop_id":"62048","stop_code":"62048","stop_name":"Northbound Brady at Vitran","routes":"649, 650"}},{"type":"Feature","geometry":{"type":"Point","coordinates":[-97.2354115755,49.8773227337]},"properties":{"stop_id":"20214","stop_code":"20214","stop_name":"Westbound Portage at Woodlawn","routes":"22"}},{"type":"Feature","geometry":{"type":"Point","coordinates":[-97.2377316739,49.8770612396]},"properties":{"stop_id":"20215","stop_code":"20215","stop_name":"Westbound Portage at Sharp","routes":"22"}},{"type":"Feature","geometry":{"type":"Point","coordinates":[-97.230759256,49.8774136387]},"properties":{"stop_id":"20212","stop_code":"20212","stop_name":"Westbound Portage at Overdale (Assiniboine Park)","routes":"22, BLUE"}},{"type":"Feature","geometry":{"type":"Point","coordinates":[-97.2278340898,49.8782324155]},"properties":{"stop_id":"20211","stop_code":"20211","stop_name":"Westbound Portage at Linwood","routes":"22"}},{"type":"Feature","geometry":{"type":"Point","coordinates":[-97.2036947498,49.7792205517]},"properties":{"stop_id":"62041","stop_code":"62041","stop_name":"Eastbound Skyline at Berry Hill","routes":"672, 678"}},{"type":"Feature","geometry":{"type":"Point","coordinates":[-97.2077699816,49.7802102498]},"properties":{"stop_id":"62040","stop_code":"62040","stop_name":"Southbound Castlebrook at Windflower","routes":"672"}},{"type":"Feature","geometry":{"type":"Point","coordinates":[-97.1796064899,49.8463073055]},"properties":{"stop_id":"62043","stop_code":"62043","stop_name":"Southbound Waverley at Wilkes","routes":"28, 680"}},{"type":"Feature","geometry":{"type":"Point","coordinates":[-97.1537264166,49.7650220982]},"properties":{"stop_id":"62042","stop_code":"62042","stop_name":"Southbound Pembina at Lemay","routes":"BLUE"}},{"type":"Feature","geometry":{"type":"Point","coordinates":[-97.2195316203,49.8121535157]},"properties":{"stop_id":"62045","stop_code":"62045","stop_name":"Southbound Brady at Vitran","routes":"649, 650"}},{"type":"Feature","geometry":{"type":"Point","coordinates":[-97.2182583853,49.8157859168]},"properties":{"stop_id":"62044","stop_code":"62044","stop_name":"Northbound Fort Whyte at Fort Whyte Alive","routes":"649, 650"}},{"type":"Feature","geometry":{"type":"Point","coordinates":[-97.216013131,49.8110648942]},"properties":{"stop_id":"62047","stop_code":"62047","stop_name":"Westbound Fleetwood at Royal Oak","routes":"649, 650"}},{"type":"Feature","geometry":{"type":"Point","coordinates":[-97.0651815539,49.8591488669]},"properties":{"stop_id":"50085","stop_code":"50085","stop_name":"Northbound Westmount at Maywood","routes":"551, 558"}},{"type":"Feature","geometry":{"type":"Point","coordinates":[-97.0122137528,49.9024443031]},"properties":{"stop_id":"40086","stop_code":"40086","stop_name":"Southbound Madeline at Ralph","routes":"48"}},{"type":"Feature","geometry":{"type":"Point","coordinates":[-97.1047064485,49.8059220503]},"properties":{"stop_id":"50630","stop_code":"50630","stop_name":"Westbound Burland at Paddington","routes":"676"}},{"type":"Feature","geometry":{"type":"Point","coordinates":[-97.1003620542,49.8064804613]},"properties":{"stop_id":"50637","stop_code":"50637","stop_name":"Eastbound Burland at Southfields","routes":"676"}},{"type":"Feature","geometry":{"type":"Point","coordinates":[-97.0634713688,49.8587694506]},"properties":{"stop_id":"50087","stop_code":"50087","stop_name":"Westbound Paterson at Lomond","routes":"551, 558"}},{"type":"Feature","geometry":{"type":"Point","coordinates":[-97.1130036288,49.8020008537]},"properties":{"stop_id":"50703","stop_code":"50703","stop_name":"Eastbound Burland at Aldgate","routes":"676"}},{"type":"Feature","geometry":{"type":"Point","coordinates":[-97.1022980474,49.8063773056]},"properties":{"stop_id":"50636","stop_code":"50636","stop_name":"Westbound Burland at Chancery","routes":"676"}},{"type":"Feature","geometry":{"type":"Point","coordinates":[-97.1096173813,49.8150785172]},"properties":{"stop_id":"50718","stop_code":"50718","stop_name":"Westbound Britannica at Sandrington","routes":"558"}},{"type":"Feature","geometry":{"type":"Point","coordinates":[-97.2141698421,49.8037414522]},"properties":{"stop_id":"60948","stop_code":"60948","stop_name":"Westbound Scurfield at Vineland","routes":"649, 650"}},{"type":"Feature","geometry":{"type":"Point","coordinates":[-97.196785137,49.7804983162]},"properties":{"stop_id":"62022","stop_code":"62022","stop_name":"Southbound Eaglewood at Longspur","routes":"671, 672, 678"}},{"type":"Feature","geometry":{"type":"Point","coordinates":[-97.0724952839,49.8417933563]},"properties":{"stop_id":"50634","stop_code":"50634","stop_name":"Northbound Lakewood at Abinojii Mikanah North","routes":"556, 557, 558, D15, F9"}},{"type":"Feature","geometry":{"type":"Point","coordinates":[-97.0446332641,49.922461882]},"properties":{"stop_id":"40703","stop_code":"40703","stop_name":"Westbound Grassie at Pearn","routes":"446"}},{"type":"Feature","geometry":{"type":"Point","coordinates":[-97.0879921526,49.9351045082]},"properties":{"stop_id":"40526","stop_code":"40526","stop_name":"Westbound McLeod at Roch","routes":"D10"}},{"type":"Feature","geometry":{"type":"Point","coordinates":[-97.0874886025,49.9347993562]},"properties":{"stop_id":"40527","stop_code":"40527","stop_name":"Eastbound McLeod at Roch","routes":"D10"}},{"type":"Feature","geometry":{"type":"Point","coordinates":[-97.1107601291,49.9081064373]},"properties":{"stop_id":"40813","stop_code":"40813","stop_name":"Northbound Stadacona at Talbot","routes":"43"}},{"type":"Feature","geometry":{"type":"Point","coordinates":[-97.1628802791,49.910645276]},"properties":{"stop_id":"10294","stop_code":"10294","stop_name":"Northbound Arlington at Logan","routes":"28"}},{"type":"Feature","geometry":{"type":"Point","coordinates":[-97.0934394496,49.9369123814]},"properties":{"stop_id":"40523","stop_code":"40523","stop_name":"Westbound McLeod at Henderson","routes":"D10"}},{"type":"Feature","geometry":{"type":"Point","coordinates":[-97.1112235231,49.9133580974]},"properties":{"stop_id":"40520","stop_code":"40520","stop_name":"Westbound Johnson at Brazier","routes":"38"}},{"type":"Feature","geometry":{"type":"Point","coordinates":[-97.1115743529,49.9132918604]},"properties":{"stop_id":"40521","stop_code":"40521","stop_name":"Eastbound Johnson at Brazier","routes":"38"}},{"type":"Feature","geometry":{"type":"Point","coordinates":[-97.0834726271,49.9334556571]},"properties":{"stop_id":"40528","stop_code":"40528","stop_name":"Eastbound McLeod at Rothesay","routes":"D10"}},{"type":"Feature","geometry":{"type":"Point","coordinates":[-97.0829444948,49.9334199286]},"properties":{"stop_id":"40529","stop_code":"40529","stop_name":"Westbound McLeod at Rothesay","routes":"D10"}},{"type":"Feature","geometry":{"type":"Point","coordinates":[-97.0953958191,49.8756073753]},"properties":{"stop_id":"50131","stop_code":"50131","stop_name":"Northbound Archibald at Guilbault","routes":"D15"}},{"type":"Feature","geometry":{"type":"Point","coordinates":[-97.0391492763,49.9192388352]},"properties":{"stop_id":"40700","stop_code":"40700","stop_name":"Northbound McLellan at Concordia","routes":"446"}},{"type":"Feature","geometry":{"type":"Point","coordinates":[-97.1418465701,49.8903766657]},"properties":{"stop_id":"10671","stop_code":"10671","stop_name":"Southbound Donald at St. Mary","routes":"F5, F8"}},{"type":"Feature","geometry":{"type":"Point","coordinates":[-97.1689114818,49.9271926025]},"properties":{"stop_id":"31078","stop_code":"31078","stop_name":"Northbound McPhillips at Burrows","routes":"336, F5"}},{"type":"Feature","geometry":{"type":"Point","coordinates":[-97.1695147259,49.8851416169]},"properties":{"stop_id":"11111","stop_code":"11111","stop_name":"Southbound Arlington at Portage South","routes":"28"}},{"type":"Feature","geometry":{"type":"Point","coordinates":[-97.0974189289,49.8924794258]},"properties":{"stop_id":"50748","stop_code":"50748","stop_name":"Northbound Dawson at Plinguet","routes":"886, 887"}},{"type":"Feature","geometry":{"type":"Point","coordinates":[-97.1275804422,49.9218991956]},"properties":{"stop_id":"30073","stop_code":"30073","stop_name":"Southbound Main at Church","routes":"31"}},{"type":"Feature","geometry":{"type":"Point","coordinates":[-97.126212701,49.9241168216]},"properties":{"stop_id":"30071","stop_code":"30071","stop_name":"Southbound Main at Cathedral","routes":"31"}},{"type":"Feature","geometry":{"type":"Point","coordinates":[-97.0874014728,49.8855950179]},"properties":{"stop_id":"50743","stop_code":"50743","stop_name":"Southbound Dawson at Dugald","routes":"886, 887"}},{"type":"Feature","geometry":{"type":"Point","coordinates":[-97.0927806003,49.8893447717]},"properties":{"stop_id":"50742","stop_code":"50742","stop_name":"Southbound Dawson at Messier","routes":"886, 887"}},{"type":"Feature","geometry":{"type":"Point","coordinates":[-97.0973032424,49.8922346576]},"properties":{"stop_id":"50741","stop_code":"50741","stop_name":"Southbound Dawson at Plinguet","routes":"886, 887"}},{"type":"Feature","geometry":{"type":"Point","coordinates":[-97.1005725766,49.8933677579]},"properties":{"stop_id":"50740","stop_code":"50740","stop_name":"Eastbound Plinguet at Dawson","routes":"886, 887"}},{"type":"Feature","geometry":{"type":"Point","coordinates":[-97.0916149501,49.888893796]},"properties":{"stop_id":"50747","stop_code":"50747","stop_name":"Northbound Dawson at Messier","routes":"886, 887"}},{"type":"Feature","geometry":{"type":"Point","coordinates":[-97.2125651371,49.949795223]},"properties":{"stop_id":"31075","stop_code":"31075","stop_name":"Westbound Haggart at Groverdale","routes":"336"}},{"type":"Feature","geometry":{"type":"Point","coordinates":[-97.0850943095,49.8840906727]},"properties":{"stop_id":"50745","stop_code":"50745","stop_name":"Northbound Dawson at Panet","routes":"886, 887"}},{"type":"Feature","geometry":{"type":"Point","coordinates":[-97.0833708708,49.882613938]},"properties":{"stop_id":"50744","stop_code":"50744","stop_name":"Southbound Dawson at Panet","routes":"886, 887"}},{"type":"Feature","geometry":{"type":"Point","coordinates":[-97.1120527356,49.8917655505]},"properties":{"stop_id":"50245","stop_code":"50245","stop_name":"Northbound Des Meurons at De La Cathedrale","routes":"F7"}},{"type":"Feature","geometry":{"type":"Point","coordinates":[-97.1567529186,49.8620017759]},"properties":{"stop_id":"10785","stop_code":"10785","stop_name":"Eastbound Grant at Stafford","routes":"FX3"}},{"type":"Feature","geometry":{"type":"Point","coordinates":[-97.1373780582,49.8219692534]},"properties":{"stop_id":"50714","stop_code":"50714","stop_name":"Northbound River at Avalon","routes":"556"}},{"type":"Feature","geometry":{"type":"Point","coordinates":[-97.1567545236,49.9193360078]},"properties":{"stop_id":"30311","stop_code":"30311","stop_name":"Eastbound Selkirk at Arlington","routes":"D17"}},{"type":"Feature","geometry":{"type":"Point","coordinates":[-97.2076091422,49.9165633952]},"properties":{"stop_id":"21020","stop_code":"21020","stop_name":"Westbound Notre Dame at King Edward","routes":"43, 74, 881, D16, D17, D18"}},{"type":"Feature","geometry":{"type":"Point","coordinates":[-97.2176183107,49.8940776311]},"properties":{"stop_id":"20106","stop_code":"20106","stop_name":"Southbound Ferry at Ellice","routes":"224"}},{"type":"Feature","geometry":{"type":"Point","coordinates":[-97.1342543416,49.829079046]},"properties":{"stop_id":"50394","stop_code":"50394","stop_name":"Southbound River at Kilmarnock","routes":"676"}},{"type":"Feature","geometry":{"type":"Point","coordinates":[-97.1118843695,49.8885875512]},"properties":{"stop_id":"50241","stop_code":"50241","stop_name":"Southbound Des Meurons at Hamel","routes":"F7"}},{"type":"Feature","geometry":{"type":"Point","coordinates":[-97.1408065759,49.8630869905]},"properties":{"stop_id":"10037","stop_code":"10037","stop_name":"Westbound Morley at Daly","routes":"557, 895"}},{"type":"Feature","geometry":{"type":"Point","coordinates":[-97.0934334117,49.8717161718]},"properties":{"stop_id":"50127","stop_code":"50127","stop_name":"Northbound Archibald at Elizabeth","routes":"D15"}},{"type":"Feature","geometry":{"type":"Point","coordinates":[-97.0923932573,49.8709164592]},"properties":{"stop_id":"50126","stop_code":"50126","stop_name":"Eastbound Elizabeth at Archibald","routes":"D15"}},{"type":"Feature","geometry":{"type":"Point","coordinates":[-97.0879280426,49.8694485355]},"properties":{"stop_id":"50125","stop_code":"50125","stop_name":"Southbound Drake at Argonne","routes":"551"}},{"type":"Feature","geometry":{"type":"Point","coordinates":[-97.1383174638,49.8637665856]},"properties":{"stop_id":"10036","stop_code":"10036","stop_name":"Eastbound Morley at Nassau","routes":"557, 895"}},{"type":"Feature","geometry":{"type":"Point","coordinates":[-97.0874674191,49.8680736689]},"properties":{"stop_id":"50123","stop_code":"50123","stop_name":"Southbound Drake at Agate","routes":"551"}},{"type":"Feature","geometry":{"type":"Point","coordinates":[-97.0872088564,49.8679254741]},"properties":{"stop_id":"50122","stop_code":"50122","stop_name":"Northbound Drake at Almond","routes":"551"}},{"type":"Feature","geometry":{"type":"Point","coordinates":[-97.1202608018,49.8500000885]},"properties":{"stop_id":"50900","stop_code":"50900","stop_name":"Northbound Dunkirk at Fermor","routes":"F6"}},{"type":"Feature","geometry":{"type":"Point","coordinates":[-97.0734863881,49.8280562586]},"properties":{"stop_id":"50903","stop_code":"50903","stop_name":"Southbound Shorehill at Waldport","routes":"558"}},{"type":"Feature","geometry":{"type":"Point","coordinates":[-97.0692480665,49.9141858065]},"properties":{"stop_id":"40253","stop_code":"40253","stop_name":"Northbound Louelda at Concordia","routes":"330"}},{"type":"Feature","geometry":{"type":"Point","coordinates":[-97.0718967464,49.826419643]},"properties":{"stop_id":"50905","stop_code":"50905","stop_name":"Northbound Shorehill at Demetrioff","routes":"558"}},{"type":"Feature","geometry":{"type":"Point","coordinates":[-97.0721230063,49.8263244664]},"properties":{"stop_id":"50904","stop_code":"50904","stop_name":"Southbound Shorehill at Demetrioff","routes":"558"}},{"type":"Feature","geometry":{"type":"Point","coordinates":[-97.0749884969,49.8294485255]},"properties":{"stop_id":"50907","stop_code":"50907","stop_name":"Northbound Shorehill at River Valley","routes":"558"}},{"type":"Feature","geometry":{"type":"Point","coordinates":[-97.0731824618,49.8280062218]},"properties":{"stop_id":"50906","stop_code":"50906","stop_name":"Northbound Shorehill at Waldport","routes":"558"}},{"type":"Feature","geometry":{"type":"Point","coordinates":[-97.0691524991,49.91378843]},"properties":{"stop_id":"40254","stop_code":"40254","stop_name":"Eastbound Concordia at Louelda","routes":"442"}},{"type":"Feature","geometry":{"type":"Point","coordinates":[-97.2146283064,49.8947331692]},"properties":{"stop_id":"20101","stop_code":"20101","stop_name":"Westbound Ellice at Roseberry","routes":"224"}},{"type":"Feature","geometry":{"type":"Point","coordinates":[-97.2228865622,49.8783994391]},"properties":{"stop_id":"20283","stop_code":"20283","stop_name":"Eastbound Portage at Amherst","routes":"22"}},{"type":"Feature","geometry":{"type":"Point","coordinates":[-97.176564566,49.8343589484]},"properties":{"stop_id":"61093","stop_code":"61093","stop_name":"Eastbound Buffalo at Beaver","routes":"650"}},{"type":"Feature","geometry":{"type":"Point","coordinates":[-97.1365484652,49.8280006179]},"properties":{"stop_id":"50396","stop_code":"50396","stop_name":"Southbound River at Kilmarnock South","routes":"676"}},{"type":"Feature","geometry":{"type":"Point","coordinates":[-97.1732992873,49.842771816]},"properties":{"stop_id":"61091","stop_code":"61091","stop_name":"Southbound Fennell at Willson","routes":"650"}},{"type":"Feature","geometry":{"type":"Point","coordinates":[-97.1731962195,49.8429231053]},"properties":{"stop_id":"61090","stop_code":"61090","stop_name":"Northbound Fennell at Willson","routes":"650"}},{"type":"Feature","geometry":{"type":"Point","coordinates":[-97.17701072,49.8413551456]},"properties":{"stop_id":"61097","stop_code":"61097","stop_name":"Northbound Otter at Willson","routes":"650"}},{"type":"Feature","geometry":{"type":"Point","coordinates":[-97.17529741,49.8392053099]},"properties":{"stop_id":"61096","stop_code":"61096","stop_name":"Northbound Otter at Seel","routes":"650"}},{"type":"Feature","geometry":{"type":"Point","coordinates":[-97.1732397758,49.8354938649]},"properties":{"stop_id":"61094","stop_code":"61094","stop_name":"Eastbound Buffalo at Otter","routes":"650"}},{"type":"Feature","geometry":{"type":"Point","coordinates":[-97.0829168832,49.8216554184]},"properties":{"stop_id":"50776","stop_code":"50776","stop_name":"Westbound Southglen at Sauve","routes":"552, 558"}},{"type":"Feature","geometry":{"type":"Point","coordinates":[-97.1362542199,49.8280588449]},"properties":{"stop_id":"50397","stop_code":"50397","stop_name":"Northbound River at Kilmarnock South","routes":"676"}},{"type":"Feature","geometry":{"type":"Point","coordinates":[-97.1691505811,49.7964624458]},"properties":{"stop_id":"61141","stop_code":"61141","stop_name":"Westbound Lee at Keslar","routes":"662"}},{"type":"Feature","geometry":{"type":"Point","coordinates":[-97.0766345553,49.8436882481]},"properties":{"stop_id":"50632","stop_code":"50632","stop_name":"Westbound Beaverhill at St. Hilaire","routes":"558"}},{"type":"Feature","geometry":{"type":"Point","coordinates":[-97.1694829125,49.7950194875]},"properties":{"stop_id":"61143","stop_code":"61143","stop_name":"Northbound Keslar at Wayfield","routes":"662"}},{"type":"Feature","geometry":{"type":"Point","coordinates":[-97.1689026364,49.7964045512]},"properties":{"stop_id":"61142","stop_code":"61142","stop_name":"Eastbound Lee at Keslar","routes":"662"}},{"type":"Feature","geometry":{"type":"Point","coordinates":[-97.1667870135,49.7917115678]},"properties":{"stop_id":"61145","stop_code":"61145","stop_name":"Northbound Keslar at Bairdmore","routes":"662"}},{"type":"Feature","geometry":{"type":"Point","coordinates":[-97.1694629343,49.7948122833]},"properties":{"stop_id":"61144","stop_code":"61144","stop_name":"Southbound Keslar at Wayfield","routes":"662"}},{"type":"Feature","geometry":{"type":"Point","coordinates":[-97.1873239001,49.8240667024]},"properties":{"stop_id":"61147","stop_code":"61147","stop_name":"Southbound Linden Ridge at Falcon Ridge","routes":"650"}},{"type":"Feature","geometry":{"type":"Point","coordinates":[-97.1668347822,49.7915504122]},"properties":{"stop_id":"61146","stop_code":"61146","stop_name":"Southbound Keslar at Bairdmore","routes":"662"}},{"type":"Feature","geometry":{"type":"Point","coordinates":[-97.2085552425,49.8063711825]},"properties":{"stop_id":"60946","stop_code":"60946","stop_name":"Westbound Scurfield at Sheffield","routes":"649, 650"}},{"type":"Feature","geometry":{"type":"Point","coordinates":[-97.187368731,49.8243552471]},"properties":{"stop_id":"61148","stop_code":"61148","stop_name":"Northbound Linden Ridge at Falcon Ridge","routes":"650"}},{"type":"Feature","geometry":{"type":"Point","coordinates":[-97.0784743181,49.8818221383]},"properties":{"stop_id":"50639","stop_code":"50639","stop_name":"Eastbound Marion at Turenne","routes":"551, D14"}},{"type":"Feature","geometry":{"type":"Point","coordinates":[-97.1021911459,49.8062676099]},"properties":{"stop_id":"50638","stop_code":"50638","stop_name":"Eastbound Burland at Westbourne","routes":"676"}},{"type":"Feature","geometry":{"type":"Point","coordinates":[-97.128300184,49.834910674]},"properties":{"stop_id":"50607","stop_code":"50607","stop_name":"Southbound River at Moore","routes":"676"}},{"type":"Feature","geometry":{"type":"Point","coordinates":[-97.1982582827,49.8317663271]},"properties":{"stop_id":"60940","stop_code":"60940","stop_name":"Northbound Lindenwood at Deer Run","routes":"641"}},{"type":"Feature","geometry":{"type":"Point","coordinates":[-97.1984515195,49.8318053155]},"properties":{"stop_id":"60941","stop_code":"60941","stop_name":"Southbound Lindenwood at Deer Run","routes":"641"}},{"type":"Feature","geometry":{"type":"Point","coordinates":[-97.2107934583,49.9163427939]},"properties":{"stop_id":"21022","stop_code":"21022","stop_name":"Eastbound Notre Dame at Sherwin","routes":"74"}},{"type":"Feature","geometry":{"type":"Point","coordinates":[-97.1977825833,49.9163389104]},"properties":{"stop_id":"21023","stop_code":"21023","stop_name":"Eastbound Notre Dame at St. James","routes":"74"}},{"type":"Feature","geometry":{"type":"Point","coordinates":[-97.2777815644,49.8589274599]},"properties":{"stop_id":"60540","stop_code":"60540","stop_name":"Westbound Roblin at Grant","routes":"70"}},{"type":"Feature","geometry":{"type":"Point","coordinates":[-97.1949253465,49.9216014186]},"properties":{"stop_id":"21021","stop_code":"21021","stop_name":"Westbound Logan at Keewatin","routes":"43"}},{"type":"Feature","geometry":{"type":"Point","coordinates":[-97.2831633957,49.857829059]},"properties":{"stop_id":"60546","stop_code":"60546","stop_name":"Westbound Roblin at Dieppe","routes":"70"}},{"type":"Feature","geometry":{"type":"Point","coordinates":[-97.210433731,49.8982124244]},"properties":{"stop_id":"21024","stop_code":"21024","stop_name":"Westbound Sargent at Berry","routes":"224"}},{"type":"Feature","geometry":{"type":"Point","coordinates":[-97.2828527957,49.8575635986]},"properties":{"stop_id":"60545","stop_code":"60545","stop_name":"Eastbound Roblin at Dieppe","routes":"70"}},{"type":"Feature","geometry":{"type":"Point","coordinates":[-97.164536149,49.9088545526]},"properties":{"stop_id":"10292","stop_code":"10292","stop_name":"Southbound Arlington at Ross","routes":"28"}},{"type":"Feature","geometry":{"type":"Point","coordinates":[-97.1291662002,49.8315694998]},"properties":{"stop_id":"50390","stop_code":"50390","stop_name":"Southbound River at Parkville","routes":"676"}},{"type":"Feature","geometry":{"type":"Point","coordinates":[-97.1937559669,49.8637724619]},"properties":{"stop_id":"60381","stop_code":"60381","stop_name":"Westbound Corydon at Lindsay","routes":"680, D19"}},{"type":"Feature","geometry":{"type":"Point","coordinates":[-97.1940560641,49.8635612638]},"properties":{"stop_id":"60382","stop_code":"60382","stop_name":"Eastbound Corydon at Lindsay","routes":"680, D19"}},{"type":"Feature","geometry":{"type":"Point","coordinates":[-97.1977579057,49.8639247898]},"properties":{"stop_id":"60383","stop_code":"60383","stop_name":"Westbound Corydon at Lanark","routes":"680, D19"}},{"type":"Feature","geometry":{"type":"Point","coordinates":[-97.1982801679,49.8637260347]},"properties":{"stop_id":"60384","stop_code":"60384","stop_name":"Eastbound Corydon at Lanark","routes":"680, D19"}},{"type":"Feature","geometry":{"type":"Point","coordinates":[-97.2011065614,49.8640578334]},"properties":{"stop_id":"60385","stop_code":"60385","stop_name":"Westbound Corydon at Centennial","routes":"680, D19"}},{"type":"Feature","geometry":{"type":"Point","coordinates":[-97.201406295,49.8638556057]},"properties":{"stop_id":"60386","stop_code":"60386","stop_name":"Eastbound Corydon at Centennial","routes":"680, D19"}},{"type":"Feature","geometry":{"type":"Point","coordinates":[-97.2106543439,49.8150299412]},"properties":{"stop_id":"60389","stop_code":"60389","stop_name":"Southbound Scurfield at Leander","routes":"691"}},{"type":"Feature","geometry":{"type":"Point","coordinates":[-97.1290022058,49.8314948874]},"properties":{"stop_id":"50391","stop_code":"50391","stop_name":"Northbound River at Parkville","routes":"676"}},{"type":"Feature","geometry":{"type":"Point","coordinates":[-97.1476268076,49.9310367156]},"properties":{"stop_id":"30302","stop_code":"30302","stop_name":"Southbound Arlington at Cathedral","routes":"28"}},{"type":"Feature","geometry":{"type":"Point","coordinates":[-97.1326106774,49.8915862953]},"properties":{"stop_id":"10939","stop_code":"10939","stop_name":"Southbound Israel Asper at William Stephenson","routes":"31"}},{"type":"Feature","geometry":{"type":"Point","coordinates":[-97.0765750846,49.8325692479]},"properties":{"stop_id":"50889","stop_code":"50889","stop_name":"Northbound Shorehill at John Bruce","routes":"558"}},{"type":"Feature","geometry":{"type":"Point","coordinates":[-97.0672226159,49.9338331647]},"properties":{"stop_id":"40540","stop_code":"40540","stop_name":"Westbound Edison at Ian","routes":"330"}},{"type":"Feature","geometry":{"type":"Point","coordinates":[-97.0804973131,49.8181521591]},"properties":{"stop_id":"50960","stop_code":"50960","stop_name":"Southbound St Anne's at Warde","routes":"F7"}},{"type":"Feature","geometry":{"type":"Point","coordinates":[-97.1054737481,49.8574497762]},"properties":{"stop_id":"50541","stop_code":"50541","stop_name":"Northbound St Anne's at Crystal","routes":"F7"}},{"type":"Feature","geometry":{"type":"Point","coordinates":[-97.1319281231,49.8299050473]},"properties":{"stop_id":"50392","stop_code":"50392","stop_name":"Southbound River at Falconer","routes":"676"}},{"type":"Feature","geometry":{"type":"Point","coordinates":[-97.1655674459,49.8033949079]},"properties":{"stop_id":"60164","stop_code":"60164","stop_name":"Westbound Markham at Chancellor West","routes":"662"}},{"type":"Feature","geometry":{"type":"Point","coordinates":[-97.1454693172,49.7932518082]},"properties":{"stop_id":"60160","stop_code":"60160","stop_name":"Eastbound Killarney at Briar Cliff","routes":"672"}},{"type":"Feature","geometry":{"type":"Point","coordinates":[-97.1894661022,49.8501049542]},"properties":{"stop_id":"60161","stop_code":"60161","stop_name":"Eastbound Taylor at Brock","routes":"664"}},{"type":"Feature","geometry":{"type":"Point","coordinates":[-97.1832501803,49.8507811267]},"properties":{"stop_id":"60162","stop_code":"60162","stop_name":"Eastbound Taylor at Ash","routes":"664"}},{"type":"Feature","geometry":{"type":"Point","coordinates":[-97.1653536632,49.8035354404]},"properties":{"stop_id":"60163","stop_code":"60163","stop_name":"Eastbound Markham at Chancellor West","routes":"662"}},{"type":"Feature","geometry":{"type":"Point","coordinates":[-97.1094566258,49.8149229729]},"properties":{"stop_id":"50719","stop_code":"50719","stop_name":"Eastbound Britannica at Sandrington","routes":"558"}},{"type":"Feature","geometry":{"type":"Point","coordinates":[-97.0311563893,49.9078593019]},"properties":{"stop_id":"40052","stop_code":"40052","stop_name":"Southbound Kildonan Meadow at Stoney Lake","routes":"440"}},{"type":"Feature","geometry":{"type":"Point","coordinates":[-97.1308886548,49.8301761058]},"properties":{"stop_id":"50393","stop_code":"50393","stop_name":"Northbound River at Falconer","routes":"676"}},{"type":"Feature","geometry":{"type":"Point","coordinates":[-97.0937683873,49.9370527224]},"properties":{"stop_id":"40421","stop_code":"40421","stop_name":"Southbound Henderson at Rowandale","routes":"442, F8"}},{"type":"Feature","geometry":{"type":"Point","coordinates":[-97.0860459342,49.8195213958]},"properties":{"stop_id":"50777","stop_code":"50777","stop_name":"Westbound Southglen at Sundial","routes":"552, 558"}},{"type":"Feature","geometry":{"type":"Point","coordinates":[-97.1689971873,49.9230922591]},"properties":{"stop_id":"30499","stop_code":"30499","stop_name":"Eastbound Selkirk at McPhillips","routes":"332, D17"}},{"type":"Feature","geometry":{"type":"Point","coordinates":[-97.1328520696,49.8633187436]},"properties":{"stop_id":"10060","stop_code":"10060","stop_name":"Northbound Osborne at Maplewood","routes":"557, F6"}},{"type":"Feature","geometry":{"type":"Point","coordinates":[-97.1713291521,49.9542425817]},"properties":{"stop_id":"30601","stop_code":"30601","stop_name":"Eastbound Jefferson at Adsum","routes":"37"}},{"type":"Feature","geometry":{"type":"Point","coordinates":[-97.1422927629,49.8751282468]},"properties":{"stop_id":"10066","stop_code":"10066","stop_name":"Northbound Osborne at Osborne Junction","routes":"D19, F6"}},{"type":"Feature","geometry":{"type":"Point","coordinates":[-97.1422689719,49.8746601225]},"properties":{"stop_id":"10067","stop_code":"10067","stop_name":"Southbound Osborne at Osborne Junction","routes":"F6"}},{"type":"Feature","geometry":{"type":"Point","coordinates":[-97.1374998473,49.8691054937]},"properties":{"stop_id":"10064","stop_code":"10064","stop_name":"Northbound Osborne at Glasgow","routes":"F6"}},{"type":"Feature","geometry":{"type":"Point","coordinates":[-96.9791894558,49.9068737076]},"properties":{"stop_id":"41054","stop_code":"41054","stop_name":"Northbound Redonda at Bramwell","routes":"444"}},{"type":"Feature","geometry":{"type":"Point","coordinates":[-97.2174221603,49.8941105911]},"properties":{"stop_id":"20104","stop_code":"20104","stop_name":"Northbound Ferry at Ellice","routes":"224"}},{"type":"Feature","geometry":{"type":"Point","coordinates":[-97.2697410732,49.8865299806]},"properties":{"stop_id":"20176","stop_code":"20176","stop_name":"Eastbound Ness at Harcourt","routes":"220, D15"}},{"type":"Feature","geometry":{"type":"Point","coordinates":[-97.1428013434,49.8745697201]},"properties":{"stop_id":"10068","stop_code":"10068","stop_name":"Southbound Pembina at Osborne Junction","routes":"D19, F5, F8"}},{"type":"Feature","geometry":{"type":"Point","coordinates":[-97.2788687567,49.8878443555]},"properties":{"stop_id":"20174","stop_code":"20174","stop_name":"Eastbound Ness at Sturgeon","routes":"D15"}},{"type":"Feature","geometry":{"type":"Point","coordinates":[-97.2820251782,49.8879541955]},"properties":{"stop_id":"20173","stop_code":"20173","stop_name":"Eastbound Ness at Pebblewood","routes":"D15"}},{"type":"Feature","geometry":{"type":"Point","coordinates":[-97.285514936,49.8880868753]},"properties":{"stop_id":"20172","stop_code":"20172","stop_name":"Eastbound Ness at Kirby","routes":"D15"}},{"type":"Feature","geometry":{"type":"Point","coordinates":[-97.2884408809,49.8880222237]},"properties":{"stop_id":"20171","stop_code":"20171","stop_name":"Eastbound Ness at School","routes":"D15"}},{"type":"Feature","geometry":{"type":"Point","coordinates":[-97.2181582308,49.9497105033]},"properties":{"stop_id":"31069","stop_code":"31069","stop_name":"Eastbound Haggart at Cleveland","routes":"336"}},{"type":"Feature","geometry":{"type":"Point","coordinates":[-97.1375081371,49.8804663762]},"properties":{"stop_id":"17009","stop_code":"17009","stop_name":"Northbound Donald at Stradbrook","routes":"F5, F8"}},{"type":"Feature","geometry":{"type":"Point","coordinates":[-97.1420953879,49.8744684405]},"properties":{"stop_id":"17008","stop_code":"17008","stop_name":"Eastbound Corydon at Osborne","routes":"F5, F8"}},{"type":"Feature","geometry":{"type":"Point","coordinates":[-97.20192862,49.8745228]},"properties":{"stop_id":"60928","stop_code":"60928","stop_name":"Southbound St James at Academy","routes":"D16"}},{"type":"Feature","geometry":{"type":"Point","coordinates":[-97.1515450134,49.8927177219]},"properties":{"stop_id":"17001","stop_code":"17001","stop_name":"Eastbound Webb at Vaughan","routes":"D19"}},{"type":"Feature","geometry":{"type":"Point","coordinates":[-97.1943888458,49.7765750436]},"properties":{"stop_id":"63014","stop_code":"63014","stop_name":"Southbound Ken Oblik at Waverley","routes":"678"}},{"type":"Feature","geometry":{"type":"Point","coordinates":[-97.1494248539,49.8556782492]},"properties":{"stop_id":"17003","stop_code":"17003","stop_name":"Westbound Station at Jubilee Station","routes":"895"}},{"type":"Feature","geometry":{"type":"Point","coordinates":[-97.1850503732,49.886645524]},"properties":{"stop_id":"17005","stop_code":"17005","stop_name":"Southbound Wolever at Erin","routes":"884, D14"}},{"type":"Feature","geometry":{"type":"Point","coordinates":[-97.1887665755,49.7738785672]},"properties":{"stop_id":"63010","stop_code":"63010","stop_name":"Eastbound Ken Oblik at Northwater","routes":"678"}},{"type":"Feature","geometry":{"type":"Point","coordinates":[-97.1384819863,49.8931470481]},"properties":{"stop_id":"17007","stop_code":"17007","stop_name":"Westbound Graham at Fort","routes":"BLUE, D12, D13, D16, F7, FX4"}},{"type":"Feature","geometry":{"type":"Point","coordinates":[-97.1970731635,49.7839659302]},"properties":{"stop_id":"63012","stop_code":"63012","stop_name":"Eastbound Bridge Lake at Del Monica","routes":"671, 678"}},{"type":"Feature","geometry":{"type":"Point","coordinates":[-96.9789734839,49.9057095621]},"properties":{"stop_id":"41053","stop_code":"41053","stop_name":"Northbound Redonda at McMeans","routes":"444"}},{"type":"Feature","geometry":{"type":"Point","coordinates":[-97.1573142195,49.7714838765]},"properties":{"stop_id":"60762","stop_code":"60762","stop_name":"Eastbound Grandmont at Pembina","routes":"91"}},{"type":"Feature","geometry":{"type":"Point","coordinates":[-97.1367709254,49.8446451444]},"properties":{"stop_id":"60763","stop_code":"60763","stop_name":"Westbound South at Point Road","routes":"694"}},{"type":"Feature","geometry":{"type":"Point","coordinates":[-97.1649905847,49.7708592984]},"properties":{"stop_id":"60760","stop_code":"60760","stop_name":"Eastbound Grandmont at Delorme West","routes":"91"}},{"type":"Feature","geometry":{"type":"Point","coordinates":[-97.1623827153,49.7711417279]},"properties":{"stop_id":"60761","stop_code":"60761","stop_name":"Eastbound Grandmont at Delorme East","routes":"91"}},{"type":"Feature","geometry":{"type":"Point","coordinates":[-97.1406109867,49.8417205351]},"properties":{"stop_id":"60764","stop_code":"60764","stop_name":"Westbound South at Dowker","routes":"694"}},{"type":"Feature","geometry":{"type":"Point","coordinates":[-97.1404321558,49.9010940062]},"properties":{"stop_id":"10664","stop_code":"10664","stop_name":"Southbound Princess at James","routes":"43"}},{"type":"Feature","geometry":{"type":"Point","coordinates":[-97.1427275669,49.8978926498]},"properties":{"stop_id":"10666","stop_code":"10666","stop_name":"Southbound Princess at McDermot","routes":"F8"}},{"type":"Feature","geometry":{"type":"Point","coordinates":[-97.1439861412,49.8963027269]},"properties":{"stop_id":"10667","stop_code":"10667","stop_name":"Southbound Donald at Notre Dame","routes":"F8"}},{"type":"Feature","geometry":{"type":"Point","coordinates":[-97.1441226317,49.894559882]},"properties":{"stop_id":"10668","stop_code":"10668","stop_name":"Southbound Donald at Ellice","routes":"F5, F8"}},{"type":"Feature","geometry":{"type":"Point","coordinates":[-97.0308438597,49.9035633214]},"properties":{"stop_id":"40054","stop_code":"40054","stop_name":"Southbound Kildonan Meadow at Woodside","routes":"440"}},{"type":"Feature","geometry":{"type":"Point","coordinates":[-97.0019831418,49.9053444806]},"properties":{"stop_id":"40051","stop_code":"40051","stop_name":"Eastbound McMeans at Day","routes":"48"}},{"type":"Feature","geometry":{"type":"Point","coordinates":[-97.1093042847,49.8327398681]},"properties":{"stop_id":"50404","stop_code":"50404","stop_name":"Westbound Abinojii Mikanah at Dakota","routes":"F9"}},{"type":"Feature","geometry":{"type":"Point","coordinates":[-96.9685419319,49.895425357]},"properties":{"stop_id":"41008","stop_code":"41008","stop_name":"Northbound Ravenhurst at Edmund Gale","routes":"D14"}},{"type":"Feature","geometry":{"type":"Point","coordinates":[-96.9689235815,49.8982745305]},"properties":{"stop_id":"41009","stop_code":"41009","stop_name":"Northbound Ravenhurst at John Duncan","routes":"D14"}},{"type":"Feature","geometry":{"type":"Point","coordinates":[-97.1667328717,49.9060199579]},"properties":{"stop_id":"10288","stop_code":"10288","stop_name":"Southbound Arlington at Bannatyne","routes":"28, 224"}},{"type":"Feature","geometry":{"type":"Point","coordinates":[-97.1660296352,49.9069353036]},"properties":{"stop_id":"10289","stop_code":"10289","stop_name":"Southbound Arlington at William","routes":"28, 224, D16, D18"}},{"type":"Feature","geometry":{"type":"Point","coordinates":[-97.0670350809,49.9075195145]},"properties":{"stop_id":"41002","stop_code":"41002","stop_name":"Westbound Munroe at Panet","routes":"38"}},{"type":"Feature","geometry":{"type":"Point","coordinates":[-97.0252665728,49.9006528318]},"properties":{"stop_id":"41059","stop_code":"41059","stop_name":"Northbound Plessis at Kildare","routes":"440, 444, D14"}},{"type":"Feature","geometry":{"type":"Point","coordinates":[-97.1681399881,49.9038024796]},"properties":{"stop_id":"10284","stop_code":"10284","stop_name":"Southbound Arlington at Notre Dame","routes":"28, 224"}},{"type":"Feature","geometry":{"type":"Point","coordinates":[-97.223266398,49.9468926279]},"properties":{"stop_id":"31067","stop_code":"31067","stop_name":"Northbound Inksbrook at Inkster","routes":"336, 881"}},{"type":"Feature","geometry":{"type":"Point","coordinates":[-97.1683068782,49.9019701431]},"properties":{"stop_id":"10282","stop_code":"10282","stop_name":"Southbound Arlington at Adele","routes":"28, 224"}},{"type":"Feature","geometry":{"type":"Point","coordinates":[-97.0924567984,49.8382112567]},"properties":{"stop_id":"50406","stop_code":"50406","stop_name":"Eastbound Abinojii Mikanah at St. Anne's","routes":"F9"}},{"type":"Feature","geometry":{"type":"Point","coordinates":[-97.1681818274,49.9001241921]},"properties":{"stop_id":"10280","stop_code":"10280","stop_name":"Northbound Arlington at Wellington","routes":"28"}},{"type":"Feature","geometry":{"type":"Point","coordinates":[-97.1290051957,49.9308002794]},"properties":{"stop_id":"30146","stop_code":"30146","stop_name":"Southbound Salter at Matheson","routes":"D11"}},{"type":"Feature","geometry":{"type":"Point","coordinates":[-97.2936542907,49.8759920183]},"properties":{"stop_id":"20519","stop_code":"20519","stop_name":"Northbound Westwood at Magellan","routes":"885"}},{"type":"Feature","geometry":{"type":"Point","coordinates":[-97.0022009956,49.9054651779]},"properties":{"stop_id":"40050","stop_code":"40050","stop_name":"Westbound McMeans at Day","routes":"48"}},{"type":"Feature","geometry":{"type":"Point","coordinates":[-97.1590508032,49.8718339492]},"properties":{"stop_id":"10118","stop_code":"10118","stop_name":"Eastbound Grosvenor at Lilac","routes":"D16"}},{"type":"Feature","geometry":{"type":"Point","coordinates":[-97.1595108341,49.8718142796]},"properties":{"stop_id":"10119","stop_code":"10119","stop_name":"Westbound Grosvenor at Ruskin","routes":"D16"}},{"type":"Feature","geometry":{"type":"Point","coordinates":[-97.3005123187,49.8657937001]},"properties":{"stop_id":"20510","stop_code":"20510","stop_name":"Eastbound Assiniboine at Rouge","routes":"885"}},{"type":"Feature","geometry":{"type":"Point","coordinates":[-97.162949447,49.8769241098]},"properties":{"stop_id":"10114","stop_code":"10114","stop_name":"Eastbound Academy at Wellington Crescent","routes":"28, D11"}},{"type":"Feature","geometry":{"type":"Point","coordinates":[-97.1696872276,49.9236338711]},"properties":{"stop_id":"30496","stop_code":"30496","stop_name":"Southbound McPhillips at Selkirk","routes":"833, F5"}},{"type":"Feature","geometry":{"type":"Point","coordinates":[-97.2911886583,49.8697401605]},"properties":{"stop_id":"20515","stop_code":"20515","stop_name":"Northbound Westwood at Sandburg","routes":"885"}},{"type":"Feature","geometry":{"type":"Point","coordinates":[-97.1563577081,49.9030757546]},"properties":{"stop_id":"10441","stop_code":"10441","stop_name":"Northbound Sherbrook at Bannatyne (HSC)","routes":"889, D11"}},{"type":"Feature","geometry":{"type":"Point","coordinates":[-97.1567678465,49.9029113803]},"properties":{"stop_id":"10442","stop_code":"10442","stop_name":"Southbound Sherbrook at Bannatyne (HSC)","routes":"889, D11"}},{"type":"Feature","geometry":{"type":"Point","coordinates":[-97.1376377454,49.8228099798]},"properties":{"stop_id":"50401","stop_code":"50401","stop_name":"Eastbound Abinojii Mikanah at River","routes":"F9"}},{"type":"Feature","geometry":{"type":"Point","coordinates":[-97.290698954,49.850888523]},"properties":{"stop_id":"60616","stop_code":"60616","stop_name":"Eastbound Rannock at Pepperloaf","routes":"885"}},{"type":"Feature","geometry":{"type":"Point","coordinates":[-97.2902334521,49.8510705428]},"properties":{"stop_id":"60617","stop_code":"60617","stop_name":"Westbound Rannock at Pepperloaf","routes":"885"}},{"type":"Feature","geometry":{"type":"Point","coordinates":[-97.2982303162,49.8503428496]},"properties":{"stop_id":"60612","stop_code":"60612","stop_name":"Westbound Rannock at Community","routes":"885"}},{"type":"Feature","geometry":{"type":"Point","coordinates":[-97.2972304826,49.8502921677]},"properties":{"stop_id":"60613","stop_code":"60613","stop_name":"Eastbound Rannock at Community","routes":"885"}},{"type":"Feature","geometry":{"type":"Point","coordinates":[-97.3025538339,49.8500285376]},"properties":{"stop_id":"60610","stop_code":"60610","stop_name":"Westbound Rannock at Municipal","routes":"885"}},{"type":"Feature","geometry":{"type":"Point","coordinates":[-97.302488723,49.8499016535]},"properties":{"stop_id":"60611","stop_code":"60611","stop_name":"Eastbound Rannock at Municipal","routes":"885"}},{"type":"Feature","geometry":{"type":"Point","coordinates":[-97.2242848101,49.9423208582]},"properties":{"stop_id":"31066","stop_code":"31066","stop_name":"Westbound Lucas at Barnham","routes":"336"}},{"type":"Feature","geometry":{"type":"Point","coordinates":[-97.0741997533,49.9363960765]},"properties":{"stop_id":"40546","stop_code":"40546","stop_name":"Westbound Edison at MacAulay","routes":"330"}},{"type":"Feature","geometry":{"type":"Point","coordinates":[-97.2867775646,49.8512353286]},"properties":{"stop_id":"60618","stop_code":"60618","stop_name":"Southbound Harstone at Rannock","routes":"885"}},{"type":"Feature","geometry":{"type":"Point","coordinates":[-97.2869637242,49.8510851691]},"properties":{"stop_id":"60619","stop_code":"60619","stop_name":"Eastbound Rannock at Harstone","routes":"885"}},{"type":"Feature","geometry":{"type":"Point","coordinates":[-97.1440400514,49.8869127887]},"properties":{"stop_id":"10593","stop_code":"10593","stop_name":"Westbound Broadway at Edmonton","routes":"D14, D15"}},{"type":"Feature","geometry":{"type":"Point","coordinates":[-97.13877341,49.8881055235]},"properties":{"stop_id":"10590","stop_code":"10590","stop_name":"Westbound Broadway at Smith","routes":"D14, D15"}},{"type":"Feature","geometry":{"type":"Point","coordinates":[-97.1408380797,49.88763498]},"properties":{"stop_id":"10591","stop_code":"10591","stop_name":"Westbound Broadway at Donald","routes":"D14, D15"}},{"type":"Feature","geometry":{"type":"Point","coordinates":[-97.1494797663,49.8851918749]},"properties":{"stop_id":"10596","stop_code":"10596","stop_name":"Northbound Osborne at Broadway (Legislature)","routes":"D19, F6"}},{"type":"Feature","geometry":{"type":"Point","coordinates":[-97.148455964,49.8832055927]},"properties":{"stop_id":"10595","stop_code":"10595","stop_name":"Northbound Osborne at Assiniboine","routes":"D19, F6"}},{"type":"Feature","geometry":{"type":"Point","coordinates":[-97.3203741994,49.8793150489]},"properties":{"stop_id":"20407","stop_code":"20407","stop_name":"Southbound St Charles at Allard","routes":"220"}},{"type":"Feature","geometry":{"type":"Point","coordinates":[-97.150028858,49.8879441334]},"properties":{"stop_id":"10598","stop_code":"10598","stop_name":"Southbound Osborne at York","routes":"D19, F6"}},{"type":"Feature","geometry":{"type":"Point","coordinates":[-97.1499916212,49.8856408124]},"properties":{"stop_id":"10599","stop_code":"10599","stop_name":"Southbound Osborne at Broadway (Legislature)","routes":"D19, F6"}},{"type":"Feature","geometry":{"type":"Point","coordinates":[-97.0452925126,49.9347512699]},"properties":{"stop_id":"40738","stop_code":"40738","stop_name":"Eastbound Sun Valley at Southwell","routes":"442"}},{"type":"Feature","geometry":{"type":"Point","coordinates":[-97.316848065,49.8818453803]},"properties":{"stop_id":"20405","stop_code":"20405","stop_name":"Southbound Buchanan at Portage","routes":"220, D15"}},{"type":"Feature","geometry":{"type":"Point","coordinates":[-97.2203963467,49.942315143]},"properties":{"stop_id":"31065","stop_code":"31065","stop_name":"Westbound Lucas at Tallman","routes":"336"}},{"type":"Feature","geometry":{"type":"Point","coordinates":[-96.9726162111,49.9055264129]},"properties":{"stop_id":"40733","stop_code":"40733","stop_name":"Westbound McMeans at Heatherbloom","routes":"48"}},{"type":"Feature","geometry":{"type":"Point","coordinates":[-96.9703533345,49.9053518234]},"properties":{"stop_id":"40732","stop_code":"40732","stop_name":"Westbound McMeans at Alex Taylor","routes":"48"}},{"type":"Feature","geometry":{"type":"Point","coordinates":[-97.0771215389,49.9372182099]},"properties":{"stop_id":"40547","stop_code":"40547","stop_name":"Eastbound Edison at De Fehr","routes":"330"}},{"type":"Feature","geometry":{"type":"Point","coordinates":[-96.9635836036,49.9020666036]},"properties":{"stop_id":"40730","stop_code":"40730","stop_name":"Southbound Alex Taylor at Corliss","routes":"48"}},{"type":"Feature","geometry":{"type":"Point","coordinates":[-97.0257830686,49.9036929957]},"properties":{"stop_id":"40737","stop_code":"40737","stop_name":"Southbound Kildonan Meadow at Plessis","routes":"440"}},{"type":"Feature","geometry":{"type":"Point","coordinates":[-97.0254631817,49.9094803879]},"properties":{"stop_id":"40736","stop_code":"40736","stop_name":"Southbound Plessis at Devonshire","routes":"440, 444"}},{"type":"Feature","geometry":{"type":"Point","coordinates":[-97.0252410267,49.9036657588]},"properties":{"stop_id":"40735","stop_code":"40735","stop_name":"Northbound Plessis at Kildonan Meadow","routes":"440, 444"}},{"type":"Feature","geometry":{"type":"Point","coordinates":[-96.9759018551,49.9055569368]},"properties":{"stop_id":"40734","stop_code":"40734","stop_name":"Westbound McMeans at Allenby","routes":"48"}},{"type":"Feature","geometry":{"type":"Point","coordinates":[-97.3004954533,49.8845118719]},"properties":{"stop_id":"20357","stop_code":"20357","stop_name":"Southbound Cavalier at Portage North","routes":"223"}},{"type":"Feature","geometry":{"type":"Point","coordinates":[-97.315441909,49.8958479564]},"properties":{"stop_id":"20424","stop_code":"20424","stop_name":"Southbound Buchanan at Lumsden","routes":"220"}},{"type":"Feature","geometry":{"type":"Point","coordinates":[-97.3006021452,49.8866272395]},"properties":{"stop_id":"20355","stop_code":"20355","stop_name":"Northbound Cavalier at Danbury","routes":"223"}},{"type":"Feature","geometry":{"type":"Point","coordinates":[-97.3005649559,49.8888754181]},"properties":{"stop_id":"20353","stop_code":"20353","stop_name":"Southbound Cavalier at Ness","routes":"223, D15"}},{"type":"Feature","geometry":{"type":"Point","coordinates":[-97.1282884933,49.9435435661]},"properties":{"stop_id":"30212","stop_code":"30212","stop_name":"Northbound McGregor at Kingsbury","routes":"F6"}},{"type":"Feature","geometry":{"type":"Point","coordinates":[-97.3154230667,49.8935899684]},"properties":{"stop_id":"20423","stop_code":"20423","stop_name":"Northbound Buchanan at Peltier","routes":"220"}},{"type":"Feature","geometry":{"type":"Point","coordinates":[-97.1881218127,49.8975685703]},"properties":{"stop_id":"10250","stop_code":"10250","stop_name":"Southbound Valour at Sargent","routes":"224"}},{"type":"Feature","geometry":{"type":"Point","coordinates":[-97.0680247133,49.8440305551]},"properties":{"stop_id":"50347","stop_code":"50347","stop_name":"Eastbound Beaverhill at Driftwood","routes":"556, 557"}},{"type":"Feature","geometry":{"type":"Point","coordinates":[-97.2575940761,49.8975554976]},"properties":{"stop_id":"20428","stop_code":"20428","stop_name":"Northbound Saulteaux at Saulteaux C","routes":"883"}},{"type":"Feature","geometry":{"type":"Point","coordinates":[-97.3003031839,49.8844370905]},"properties":{"stop_id":"20358","stop_code":"20358","stop_name":"Northbound Cavalier at Portage","routes":"223"}},{"type":"Feature","geometry":{"type":"Point","coordinates":[-97.211204197,49.8837784159]},"properties":{"stop_id":"20195","stop_code":"20195","stop_name":"Eastbound Ness at Berry","routes":"D15"}},{"type":"Feature","geometry":{"type":"Point","coordinates":[-97.2008250624,49.9386396635]},"properties":{"stop_id":"30689","stop_code":"30689","stop_name":"Westbound Burrows at Dexter","routes":"332, 833, D17"}},{"type":"Feature","geometry":{"type":"Point","coordinates":[-97.2077017654,49.8836253015]},"properties":{"stop_id":"20197","stop_code":"20197","stop_name":"Eastbound Ness at Queen","routes":"D15"}},{"type":"Feature","geometry":{"type":"Point","coordinates":[-97.2108481067,49.8836199988]},"properties":{"stop_id":"20196","stop_code":"20196","stop_name":"Northbound Berry at Ness","routes":"224"}},{"type":"Feature","geometry":{"type":"Point","coordinates":[-97.2174219642,49.9420895028]},"properties":{"stop_id":"31064","stop_code":"31064","stop_name":"Westbound Burrows at Lucas","routes":"336"}},{"type":"Feature","geometry":{"type":"Point","coordinates":[-97.2161115524,49.8839620755]},"properties":{"stop_id":"20193","stop_code":"20193","stop_name":"Eastbound Ness at Roseberry","routes":"D15"}},{"type":"Feature","geometry":{"type":"Point","coordinates":[-97.2186136115,49.8840635663]},"properties":{"stop_id":"20192","stop_code":"20192","stop_name":"Eastbound Ness at Ferry","routes":"D15"}},{"type":"Feature","geometry":{"type":"Point","coordinates":[-97.2068575351,49.9360707337]},"properties":{"stop_id":"30699","stop_code":"30699","stop_name":"Southbound King Edward at Herman","routes":"D17"}},{"type":"Feature","geometry":{"type":"Point","coordinates":[-97.1929087974,49.9367803878]},"properties":{"stop_id":"30681","stop_code":"30681","stop_name":"Southbound Dorset at Tyndall","routes":"833"}},{"type":"Feature","geometry":{"type":"Point","coordinates":[-97.188998584,49.9351361982]},"properties":{"stop_id":"30683","stop_code":"30683","stop_name":"Westbound Tyndall at Chudley","routes":"833"}},{"type":"Feature","geometry":{"type":"Point","coordinates":[-97.2050911216,49.8834499305]},"properties":{"stop_id":"20198","stop_code":"20198","stop_name":"Eastbound Ness at Kensington","routes":"D15"}},{"type":"Feature","geometry":{"type":"Point","coordinates":[-97.197814432,49.9386468211]},"properties":{"stop_id":"30686","stop_code":"30686","stop_name":"Westbound Burrows at Weitzel","routes":"332, 833, D17"}},{"type":"Feature","geometry":{"type":"Point","coordinates":[-97.1971953544,49.9384303025]},"properties":{"stop_id":"30687","stop_code":"30687","stop_name":"Eastbound Burrows at Smithurst","routes":"332, 833, D17"}},{"type":"Feature","geometry":{"type":"Point","coordinates":[-97.1359278899,49.9128140218]},"properties":{"stop_id":"30118","stop_code":"30118","stop_name":"Westbound Selkirk at Charles","routes":"D17"}},{"type":"Feature","geometry":{"type":"Point","coordinates":[-97.1385489729,49.9134768479]},"properties":{"stop_id":"30119","stop_code":"30119","stop_name":"Eastbound Selkirk at Aikins","routes":"D17"}},{"type":"Feature","geometry":{"type":"Point","coordinates":[-96.9846475303,49.8958868509]},"properties":{"stop_id":"40029","stop_code":"40029","stop_name":"Eastbound Victoria at Minikada","routes":"FX3"}},{"type":"Feature","geometry":{"type":"Point","coordinates":[-97.0680471389,49.8441658568]},"properties":{"stop_id":"50346","stop_code":"50346","stop_name":"Westbound Beaverhill at Driftwood","routes":"556, 557"}},{"type":"Feature","geometry":{"type":"Point","coordinates":[-96.9861266752,49.905510426]},"properties":{"stop_id":"40026","stop_code":"40026","stop_name":"Eastbound McMeans at Bayview","routes":"48"}},{"type":"Feature","geometry":{"type":"Point","coordinates":[-96.9855786492,49.905626821]},"properties":{"stop_id":"40025","stop_code":"40025","stop_name":"Westbound McMeans at Bayview","routes":"48"}},{"type":"Feature","geometry":{"type":"Point","coordinates":[-97.1528351326,49.9365888506]},"properties":{"stop_id":"30445","stop_code":"30445","stop_name":"Eastbound Inkster at Airlies","routes":"39"}},{"type":"Feature","geometry":{"type":"Point","coordinates":[-96.9841379833,49.9007623465]},"properties":{"stop_id":"40023","stop_code":"40023","stop_name":"Eastbound Kildare at Widlake","routes":"D14"}},{"type":"Feature","geometry":{"type":"Point","coordinates":[-97.152991267,49.9368791796]},"properties":{"stop_id":"30443","stop_code":"30443","stop_name":"Westbound Inkster at Airlies","routes":"39"}},{"type":"Feature","geometry":{"type":"Point","coordinates":[-96.9830219467,49.9054833466]},"properties":{"stop_id":"40021","stop_code":"40021","stop_name":"Eastbound McMeans at Lancelot","routes":"48"}},{"type":"Feature","geometry":{"type":"Point","coordinates":[-97.1387070268,49.9137132588]},"properties":{"stop_id":"30117","stop_code":"30117","stop_name":"Westbound Selkirk at Aikins","routes":"D17"}},{"type":"Feature","geometry":{"type":"Point","coordinates":[-97.1614038455,49.9428687622]},"properties":{"stop_id":"30842","stop_code":"30842","stop_name":"Eastbound Mapleglen at Bender","routes":"334"}},{"type":"Feature","geometry":{"type":"Point","coordinates":[-97.0886594693,49.9147148119]},"properties":{"stop_id":"40354","stop_code":"40354","stop_name":"Westbound Munroe at Gateway","routes":"38"}},{"type":"Feature","geometry":{"type":"Point","coordinates":[-97.0677748573,49.9510318631]},"properties":{"stop_id":"40605","stop_code":"40605","stop_name":"Southbound Rothesay at Diamond","routes":"442"}},{"type":"Feature","geometry":{"type":"Point","coordinates":[-97.0678109946,49.950825581]},"properties":{"stop_id":"40604","stop_code":"40604","stop_name":"Northbound Rothesay at McIvor","routes":"442"}},{"type":"Feature","geometry":{"type":"Point","coordinates":[-97.1858196689,49.9607758947]},"properties":{"stop_id":"30846","stop_code":"30846","stop_name":"Westbound Jefferson at Dunham","routes":"37"}},{"type":"Feature","geometry":{"type":"Point","coordinates":[-97.0924586143,49.9066909326]},"properties":{"stop_id":"40350","stop_code":"40350","stop_name":"Southbound Grey at Windsor","routes":"330"}},{"type":"Feature","geometry":{"type":"Point","coordinates":[-97.1020917346,49.9522200735]},"properties":{"stop_id":"30660","stop_code":"30660","stop_name":"Westbound Chief Peguis at Main","routes":"D10"}},{"type":"Feature","geometry":{"type":"Point","coordinates":[-97.0712822106,49.9466378104]},"properties":{"stop_id":"40600","stop_code":"40600","stop_name":"Southbound Rothesay at Gilmore","routes":"442"}},{"type":"Feature","geometry":{"type":"Point","coordinates":[-97.1894007284,49.9634404479]},"properties":{"stop_id":"30848","stop_code":"30848","stop_name":"Northbound Ritchie at Skrypnyk","routes":"336"}},{"type":"Feature","geometry":{"type":"Point","coordinates":[-97.165074199,49.942747079]},"properties":{"stop_id":"31055","stop_code":"31055","stop_name":"Northbound Fife at Mapleglen","routes":"39, 334"}},{"type":"Feature","geometry":{"type":"Point","coordinates":[-97.0535381363,49.9403951582]},"properties":{"stop_id":"40359","stop_code":"40359","stop_name":"Eastbound Sun Valley at Regatta West","routes":"442"}},{"type":"Feature","geometry":{"type":"Point","coordinates":[-97.0536954929,49.9406406695]},"properties":{"stop_id":"40358","stop_code":"40358","stop_name":"Westbound Sun Valley at High Point","routes":"442"}},{"type":"Feature","geometry":{"type":"Point","coordinates":[-97.0645288294,49.9541079121]},"properties":{"stop_id":"40609","stop_code":"40609","stop_name":"Southbound Rothesay at Bonner","routes":"442"}},{"type":"Feature","geometry":{"type":"Point","coordinates":[-97.0727066628,49.9563491461]},"properties":{"stop_id":"40608","stop_code":"40608","stop_name":"Northbound Henderson at Strood North","routes":"F8"}},{"type":"Feature","geometry":{"type":"Point","coordinates":[-97.0857655682,49.8445862554]},"properties":{"stop_id":"50358","stop_code":"50358","stop_name":"Eastbound Willowlake at Bluewater","routes":"558"}},{"type":"Feature","geometry":{"type":"Point","coordinates":[-97.0860289744,49.8446086028]},"properties":{"stop_id":"50359","stop_code":"50359","stop_name":"Westbound Willowlake at Bluewater","routes":"558"}},{"type":"Feature","geometry":{"type":"Point","coordinates":[-97.1090762865,49.8617543797]},"properties":{"stop_id":"50548","stop_code":"50548","stop_name":"Southbound St Anne's at Imperial","routes":"F7"}},{"type":"Feature","geometry":{"type":"Point","coordinates":[-97.1709626231,49.9525097706]},"properties":{"stop_id":"30600","stop_code":"30600","stop_name":"Eastbound Jefferson at Maevista","routes":"37"}},{"type":"Feature","geometry":{"type":"Point","coordinates":[-97.0740251245,49.8442475205]},"properties":{"stop_id":"50353","stop_code":"50353","stop_name":"Westbound Beaverhill at Lakewood","routes":"556, 557"}},{"type":"Feature","geometry":{"type":"Point","coordinates":[-97.080323542,49.8436145789]},"properties":{"stop_id":"50354","stop_code":"50354","stop_name":"Westbound Beaverhill at Cherwell","routes":"558"}},{"type":"Feature","geometry":{"type":"Point","coordinates":[-97.0805088776,49.8435007166]},"properties":{"stop_id":"50355","stop_code":"50355","stop_name":"Eastbound Beaverhill at Bromton","routes":"558"}},{"type":"Feature","geometry":{"type":"Point","coordinates":[-97.0833570623,49.8435839078]},"properties":{"stop_id":"50357","stop_code":"50357","stop_name":"Westbound Beaverhill at Bluewater","routes":"558"}},{"type":"Feature","geometry":{"type":"Point","coordinates":[-97.1860045346,49.932480808]},"properties":{"stop_id":"31062","stop_code":"31062","stop_name":"Westbound Gilbert at Burrows","routes":"336"}},{"type":"Feature","geometry":{"type":"Point","coordinates":[-97.2090887651,49.8404887176]},"properties":{"stop_id":"62058","stop_code":"62058","stop_name":"Southbound Kenaston at Sterling Lyon","routes":"74"}},{"type":"Feature","geometry":{"type":"Point","coordinates":[-97.2042129592,49.8260570645]},"properties":{"stop_id":"62059","stop_code":"62059","stop_name":"Northbound Lindenwood at Kenaston","routes":"74, 641, 650"}},{"type":"Feature","geometry":{"type":"Point","coordinates":[-97.2721341227,49.8779935505]},"properties":{"stop_id":"20227","stop_code":"20227","stop_name":"Westbound Portage at Woodhaven","routes":"22, 220, 885, BLUE, FX3"}},{"type":"Feature","geometry":{"type":"Point","coordinates":[-97.2665775466,49.8765162758]},"properties":{"stop_id":"20225","stop_code":"20225","stop_name":"Westbound Portage at Thompson","routes":"22, 220, 885"}},{"type":"Feature","geometry":{"type":"Point","coordinates":[-97.043056168,49.8361179814]},"properties":{"stop_id":"51009","stop_code":"51009","stop_name":"Eastbound Dr. David Friesen at Des Hivernants","routes":"556, 557"}},{"type":"Feature","geometry":{"type":"Point","coordinates":[-97.1688688956,49.8742474324]},"properties":{"stop_id":"62052","stop_code":"62052","stop_name":"Eastbound Academy at Harrow","routes":"D16"}},{"type":"Feature","geometry":{"type":"Point","coordinates":[-97.2109620602,49.8662254523]},"properties":{"stop_id":"62053","stop_code":"62053","stop_name":"Eastbound Corydon at Edgeland","routes":"D19"}},{"type":"Feature","geometry":{"type":"Point","coordinates":[-97.2011072408,49.8745280291]},"properties":{"stop_id":"62050","stop_code":"62050","stop_name":"Westbound Academy at Kenaston","routes":"D16"}},{"type":"Feature","geometry":{"type":"Point","coordinates":[-97.1752898731,49.8733863596]},"properties":{"stop_id":"62051","stop_code":"62051","stop_name":"Eastbound Academy at Oxford","routes":"D16"}},{"type":"Feature","geometry":{"type":"Point","coordinates":[-97.1958057153,49.7952710298]},"properties":{"stop_id":"62056","stop_code":"62056","stop_name":"Westbound Bison at Park East","routes":"74"}},{"type":"Feature","geometry":{"type":"Point","coordinates":[-97.2085457552,49.8420094704]},"properties":{"stop_id":"62057","stop_code":"62057","stop_name":"Northbound Kenaston at Sterling Lyon","routes":"74"}},{"type":"Feature","geometry":{"type":"Point","coordinates":[-97.1267710384,49.9467302298]},"properties":{"stop_id":"30205","stop_code":"30205","stop_name":"Westbound Leila at McGregor","routes":"D10, FX2"}},{"type":"Feature","geometry":{"type":"Point","coordinates":[-97.1265130268,49.9458355546]},"properties":{"stop_id":"30206","stop_code":"30206","stop_name":"Northbound McGregor at Partridge","routes":"F6"}},{"type":"Feature","geometry":{"type":"Point","coordinates":[-97.1270430587,49.9461859372]},"properties":{"stop_id":"30207","stop_code":"30207","stop_name":"Eastbound Partridge at McGregor","routes":"D10, FX2"}},{"type":"Feature","geometry":{"type":"Point","coordinates":[-97.1468740747,49.9161469836]},"properties":{"stop_id":"30200","stop_code":"30200","stop_name":"Eastbound Selkirk at Andrews","routes":"D17"}},{"type":"Feature","geometry":{"type":"Point","coordinates":[-97.3169604643,49.8814152592]},"properties":{"stop_id":"20249","stop_code":"20249","stop_name":"Eastbound Portage at Buchanan","routes":"70, 220, 223"}},{"type":"Feature","geometry":{"type":"Point","coordinates":[-97.0773773054,49.9108310236]},"properties":{"stop_id":"40283","stop_code":"40283","stop_name":"Eastbound Munroe at Besant","routes":"38"}},{"type":"Feature","geometry":{"type":"Point","coordinates":[-97.0774129878,49.9109845322]},"properties":{"stop_id":"40282","stop_code":"40282","stop_name":"Westbound Munroe at Besant","routes":"38"}},{"type":"Feature","geometry":{"type":"Point","coordinates":[-97.0731118343,49.9151047136]},"properties":{"stop_id":"40281","stop_code":"40281","stop_name":"Eastbound Concordia at Besant","routes":"330, 442"}},{"type":"Feature","geometry":{"type":"Point","coordinates":[-97.0744656662,49.9157389034]},"properties":{"stop_id":"40280","stop_code":"40280","stop_name":"Westbound Concordia at Besant","routes":"330, 442"}},{"type":"Feature","geometry":{"type":"Point","coordinates":[-97.084173324,49.9010221493]},"properties":{"stop_id":"40287","stop_code":"40287","stop_name":"Eastbound Nairn at Kent","routes":"FX3"}},{"type":"Feature","geometry":{"type":"Point","coordinates":[-97.0843603294,49.9012231356]},"properties":{"stop_id":"40286","stop_code":"40286","stop_name":"Westbound Nairn at Kent","routes":"FX3"}},{"type":"Feature","geometry":{"type":"Point","coordinates":[-97.0834850972,49.9029267047]},"properties":{"stop_id":"40285","stop_code":"40285","stop_name":"Eastbound Talbot at Kent","routes":"D17"}},{"type":"Feature","geometry":{"type":"Point","coordinates":[-97.0827471086,49.9029234791]},"properties":{"stop_id":"40284","stop_code":"40284","stop_name":"Westbound Talbot at Kent","routes":"D17"}},{"type":"Feature","geometry":{"type":"Point","coordinates":[-96.9832834764,49.9008823868]},"properties":{"stop_id":"40022","stop_code":"40022","stop_name":"Westbound Kildare at Widlake","routes":"D14"}},{"type":"Feature","geometry":{"type":"Point","coordinates":[-97.2074358174,49.9163538287]},"properties":{"stop_id":"20036","stop_code":"20036","stop_name":"Eastbound Notre Dame at King Edward","routes":"74, D16, D18"}},{"type":"Feature","geometry":{"type":"Point","coordinates":[-97.1270316451,49.8375077271]},"properties":{"stop_id":"50387","stop_code":"50387","stop_name":"Eastbound St Vital at Victoria","routes":"676"}},{"type":"Feature","geometry":{"type":"Point","coordinates":[-97.0627116849,49.9556156697]},"properties":{"stop_id":"40611","stop_code":"40611","stop_name":"Northbound Rothesay at Headmaster","routes":"442"}},{"type":"Feature","geometry":{"type":"Point","coordinates":[-97.1130565681,49.9067226764]},"properties":{"stop_id":"40466","stop_code":"40466","stop_name":"Southbound Levis at Nairn","routes":"330, 886, 887"}},{"type":"Feature","geometry":{"type":"Point","coordinates":[-97.0830799527,49.9205233039]},"properties":{"stop_id":"40513","stop_code":"40513","stop_name":"Eastbound Kimberly at Raleigh","routes":"43"}},{"type":"Feature","geometry":{"type":"Point","coordinates":[-97.08318456,49.9206959416]},"properties":{"stop_id":"40512","stop_code":"40512","stop_name":"Westbound Kimberly at Raleigh","routes":"43"}},{"type":"Feature","geometry":{"type":"Point","coordinates":[-97.0862837138,49.9215927456]},"properties":{"stop_id":"40511","stop_code":"40511","stop_name":"Eastbound Kimberly at Golspie","routes":"43, 442"}},{"type":"Feature","geometry":{"type":"Point","coordinates":[-97.0864019019,49.9217745998]},"properties":{"stop_id":"40510","stop_code":"40510","stop_name":"Westbound Kimberly at Golspie","routes":"43, 442"}},{"type":"Feature","geometry":{"type":"Point","coordinates":[-97.1053179143,49.9112107318]},"properties":{"stop_id":"40517","stop_code":"40517","stop_name":"Eastbound Johnson at Levis","routes":"38"}},{"type":"Feature","geometry":{"type":"Point","coordinates":[-97.1038138335,49.9112040961]},"properties":{"stop_id":"40516","stop_code":"40516","stop_name":"Southbound Levis at Johnson","routes":"38, 43"}},{"type":"Feature","geometry":{"type":"Point","coordinates":[-97.1076554906,49.9119865573]},"properties":{"stop_id":"40519","stop_code":"40519","stop_name":"Eastbound Johnson at Roch","routes":"38"}},{"type":"Feature","geometry":{"type":"Point","coordinates":[-97.1072496874,49.9120338936]},"properties":{"stop_id":"40518","stop_code":"40518","stop_name":"Westbound Johnson at Roch","routes":"38"}},{"type":"Feature","geometry":{"type":"Point","coordinates":[-96.9850182524,49.8933386804]},"properties":{"stop_id":"40711","stop_code":"40711","stop_name":"Eastbound Pandora at Wayoata East","routes":"444"}},{"type":"Feature","geometry":{"type":"Point","coordinates":[-97.072382621,49.8858765782]},"properties":{"stop_id":"50754","stop_code":"50754","stop_name":"Eastbound Dugald at Lagimodiere","routes":"886, 887, D14"}},{"type":"Feature","geometry":{"type":"Point","coordinates":[-97.1346521913,49.864993867]},"properties":{"stop_id":"11154","stop_code":"11154","stop_name":"Eastbound Morley at Osborne","routes":"557, 895"}},{"type":"Feature","geometry":{"type":"Point","coordinates":[-97.0487216734,49.8857229635]},"properties":{"stop_id":"50756","stop_code":"50756","stop_name":"Eastbound Dugald at Mazenod","routes":"886, 887, D14"}},{"type":"Feature","geometry":{"type":"Point","coordinates":[-97.0504809395,49.8859415077]},"properties":{"stop_id":"50757","stop_code":"50757","stop_name":"Westbound Dugald at Mazenod","routes":"886, 887, D14"}},{"type":"Feature","geometry":{"type":"Point","coordinates":[-97.0806541903,49.8840710995]},"properties":{"stop_id":"50750","stop_code":"50750","stop_name":"Northbound Panet at Turenne","routes":"886, 887"}},{"type":"Feature","geometry":{"type":"Point","coordinates":[-97.0789993348,49.8857796977]},"properties":{"stop_id":"50751","stop_code":"50751","stop_name":"Northbound Panet at Dugald","routes":"886, 887"}},{"type":"Feature","geometry":{"type":"Point","coordinates":[-97.0809909337,49.8840047224]},"properties":{"stop_id":"50752","stop_code":"50752","stop_name":"Southbound Panet at Turenne","routes":"886, 887"}},{"type":"Feature","geometry":{"type":"Point","coordinates":[-97.0828040503,49.8825145996]},"properties":{"stop_id":"50753","stop_code":"50753","stop_name":"Southbound Panet at Dawson","routes":"886, 887"}},{"type":"Feature","geometry":{"type":"Point","coordinates":[-97.1286116623,49.9434768296]},"properties":{"stop_id":"30211","stop_code":"30211","stop_name":"Southbound McGregor at Kingsbury","routes":"F6"}},{"type":"Feature","geometry":{"type":"Point","coordinates":[-97.0719587959,49.8860314306]},"properties":{"stop_id":"50759","stop_code":"50759","stop_name":"Westbound Dugald at Lagimodiere","routes":"886, 887, D14"}},{"type":"Feature","geometry":{"type":"Point","coordinates":[-97.1150127305,49.9222799402]},"properties":{"stop_id":"30060","stop_code":"30060","stop_name":"Northbound Scotia at Atlantic","routes":"37"}},{"type":"Feature","geometry":{"type":"Point","coordinates":[-97.1156919204,49.922012151]},"properties":{"stop_id":"30061","stop_code":"30061","stop_name":"Southbound Scotia at Atlantic","routes":"37"}},{"type":"Feature","geometry":{"type":"Point","coordinates":[-97.125694025,49.9241983763]},"properties":{"stop_id":"30062","stop_code":"30062","stop_name":"Northbound Main at Cathedral","routes":"31"}},{"type":"Feature","geometry":{"type":"Point","coordinates":[-97.1118122369,49.8597481675]},"properties":{"stop_id":"50289","stop_code":"50289","stop_name":"Northbound St Mary's at Kingston","routes":"FX2"}},{"type":"Feature","geometry":{"type":"Point","coordinates":[-97.2003558468,49.8879998378]},"properties":{"stop_id":"11124","stop_code":"11124","stop_name":"Westbound Maroons at St. James","routes":"74"}},{"type":"Feature","geometry":{"type":"Point","coordinates":[-97.1230492821,49.9230581429]},"properties":{"stop_id":"30065","stop_code":"30065","stop_name":"Westbound Cathedral at Emslie","routes":"37"}},{"type":"Feature","geometry":{"type":"Point","coordinates":[-97.1228481085,49.9228569915]},"properties":{"stop_id":"30066","stop_code":"30066","stop_name":"Eastbound Cathedral at Emslie","routes":"37"}},{"type":"Feature","geometry":{"type":"Point","coordinates":[-97.1194168066,49.9218838188]},"properties":{"stop_id":"30067","stop_code":"30067","stop_name":"Westbound Cathedral at St. Cross","routes":"37"}},{"type":"Feature","geometry":{"type":"Point","coordinates":[-97.1200141116,49.9219294991]},"properties":{"stop_id":"30068","stop_code":"30068","stop_name":"Eastbound Cathedral at St. Cross","routes":"37"}},{"type":"Feature","geometry":{"type":"Point","coordinates":[-97.1109494503,49.8679555993]},"properties":{"stop_id":"50280","stop_code":"50280","stop_name":"Southbound St Mary's at Vivian","routes":"F7, FX2"}},{"type":"Feature","geometry":{"type":"Point","coordinates":[-97.110710563,49.8680146656]},"properties":{"stop_id":"50281","stop_code":"50281","stop_name":"Northbound St Mary's at Vivian","routes":"F7, FX2"}},{"type":"Feature","geometry":{"type":"Point","coordinates":[-97.1108926916,49.8640598006]},"properties":{"stop_id":"50286","stop_code":"50286","stop_name":"Northbound St Mary's at St. Anne's","routes":"FX2"}},{"type":"Feature","geometry":{"type":"Point","coordinates":[-96.9831141201,49.9056108849]},"properties":{"stop_id":"40020","stop_code":"40020","stop_name":"Westbound McMeans at Lancelot","routes":"48"}},{"type":"Feature","geometry":{"type":"Point","coordinates":[-97.1105974955,49.8641359377]},"properties":{"stop_id":"50284","stop_code":"50284","stop_name":"Northbound St Anne's at St. Mary's","routes":"F7"}},{"type":"Feature","geometry":{"type":"Point","coordinates":[-97.1112961016,49.863706581]},"properties":{"stop_id":"50285","stop_code":"50285","stop_name":"Southbound St Mary's at St. Anne's","routes":"FX2"}},{"type":"Feature","geometry":{"type":"Point","coordinates":[-97.1845632827,49.7845169062]},"properties":{"stop_id":"61176","stop_code":"61176","stop_name":"Northbound John Angus at Tellier","routes":"671"}},{"type":"Feature","geometry":{"type":"Point","coordinates":[-97.2097346065,49.8162210559]},"properties":{"stop_id":"61126","stop_code":"61126","stop_name":"Southbound Scurfield at Breckenridge","routes":"691"}},{"type":"Feature","geometry":{"type":"Point","coordinates":[-97.1406288963,49.8630031807]},"properties":{"stop_id":"11125","stop_code":"11125","stop_name":"Eastbound Morley at Daly","routes":"557, 895"}},{"type":"Feature","geometry":{"type":"Point","coordinates":[-96.9893579401,49.8934501384]},"properties":{"stop_id":"40713","stop_code":"40713","stop_name":"Westbound Pandora at Wayoata","routes":"444"}},{"type":"Feature","geometry":{"type":"Point","coordinates":[-97.1934342156,49.8223992163]},"properties":{"stop_id":"61124","stop_code":"61124","stop_name":"Northbound Dovercourt at Falcon Ridge","routes":"642, 650"}},{"type":"Feature","geometry":{"type":"Point","coordinates":[-97.0966846533,49.9599479573]},"properties":{"stop_id":"30793","stop_code":"30793","stop_name":"Westbound Red River at Crofters","routes":"31"}},{"type":"Feature","geometry":{"type":"Point","coordinates":[-97.0637533034,49.8510203547]},"properties":{"stop_id":"50130","stop_code":"50130","stop_name":"Southbound Beaverhill at Park Terrace","routes":"557"}},{"type":"Feature","geometry":{"type":"Point","coordinates":[-97.1293083083,49.9197323474]},"properties":{"stop_id":"30077","stop_code":"30077","stop_name":"Southbound Main at Mountain","routes":"31, FX2"}},{"type":"Feature","geometry":{"type":"Point","coordinates":[-97.0956729549,49.8756389207]},"properties":{"stop_id":"50132","stop_code":"50132","stop_name":"Southbound Archibald at Guilbault","routes":"D15"}},{"type":"Feature","geometry":{"type":"Point","coordinates":[-97.093336137,49.8819599729]},"properties":{"stop_id":"50133","stop_code":"50133","stop_name":"Westbound Marion at Dupuy","routes":"551, D14"}},{"type":"Feature","geometry":{"type":"Point","coordinates":[-97.0876705364,49.8692733739]},"properties":{"stop_id":"50124","stop_code":"50124","stop_name":"Northbound Drake at Alderwood","routes":"551"}},{"type":"Feature","geometry":{"type":"Point","coordinates":[-97.09701192,49.8787552519]},"properties":{"stop_id":"50136","stop_code":"50136","stop_name":"Northbound Archibald at Deniset","routes":"D15"}},{"type":"Feature","geometry":{"type":"Point","coordinates":[-97.0550891926,49.9416805286]},"properties":{"stop_id":"40744","stop_code":"40744","stop_name":"Southbound Gateway at Sun Valley","routes":"442, FX4"}},{"type":"Feature","geometry":{"type":"Point","coordinates":[-97.0977024221,49.879603145]},"properties":{"stop_id":"50138","stop_code":"50138","stop_name":"Southbound Archibald at Tremblay","routes":"D15"}},{"type":"Feature","geometry":{"type":"Point","coordinates":[-97.1831691674,49.7861321371]},"properties":{"stop_id":"61177","stop_code":"61177","stop_name":"Eastbound John Angus at Brookstone West","routes":"671"}},{"type":"Feature","geometry":{"type":"Point","coordinates":[-97.1650898717,49.9071093083]},"properties":{"stop_id":"11126","stop_code":"11126","stop_name":"Eastbound William at Arlington","routes":"833"}},{"type":"Feature","geometry":{"type":"Point","coordinates":[-97.0572076037,49.8300328547]},"properties":{"stop_id":"50916","stop_code":"50916","stop_name":"Northbound De La Seigneurie at Pauline Boutal South","routes":"557"}},{"type":"Feature","geometry":{"type":"Point","coordinates":[-97.0541157542,49.8308444341]},"properties":{"stop_id":"50917","stop_code":"50917","stop_name":"Northbound De La Seigneurie at Lessard","routes":"557"}},{"type":"Feature","geometry":{"type":"Point","coordinates":[-97.0612513697,49.828364615]},"properties":{"stop_id":"50914","stop_code":"50914","stop_name":"Southbound Island Shore at Brian Monkman","routes":"557"}},{"type":"Feature","geometry":{"type":"Point","coordinates":[-97.0585836996,49.8283108877]},"properties":{"stop_id":"50915","stop_code":"50915","stop_name":"Southbound Island Shore at De La Seigneurie","routes":"557"}},{"type":"Feature","geometry":{"type":"Point","coordinates":[-96.9849990965,49.8934642791]},"properties":{"stop_id":"40712","stop_code":"40712","stop_name":"Westbound Pandora at Wayoata East","routes":"444"}},{"type":"Feature","geometry":{"type":"Point","coordinates":[-97.0529673826,49.8313918115]},"properties":{"stop_id":"50918","stop_code":"50918","stop_name":"Northbound De La Seigneurie at Pauline Boutal North","routes":"557"}},{"type":"Feature","geometry":{"type":"Point","coordinates":[-97.0529722543,49.8316167731]},"properties":{"stop_id":"50919","stop_code":"50919","stop_name":"Southbound De La Seigneurie at Pauline Boutal North","routes":"557"}},{"type":"Feature","geometry":{"type":"Point","coordinates":[-97.113200784,49.9173031706]},"properties":{"stop_id":"40372","stop_code":"40372","stop_name":"Northbound Henderson at Harbison","routes":"F8"}},{"type":"Feature","geometry":{"type":"Point","coordinates":[-97.3033456015,49.8957343207]},"properties":{"stop_id":"20342","stop_code":"20342","stop_name":"Eastbound Lumsden at Cavalier","routes":"220, 223"}},{"type":"Feature","geometry":{"type":"Point","coordinates":[-97.1733045422,49.8846887649]},"properties":{"stop_id":"10571","stop_code":"10571","stop_name":"Eastbound Portage at Lipton","routes":"D14, D15"}},{"type":"Feature","geometry":{"type":"Point","coordinates":[-97.2067940162,49.8641640691]},"properties":{"stop_id":"61089","stop_code":"61089","stop_name":"Eastbound Corydon at Kenaston","routes":"D19"}},{"type":"Feature","geometry":{"type":"Point","coordinates":[-97.106546169,49.9246603885]},"properties":{"stop_id":"40377","stop_code":"40377","stop_name":"Northbound Henderson at Sydney","routes":"F8"}},{"type":"Feature","geometry":{"type":"Point","coordinates":[-97.2673931443,49.8634498279]},"properties":{"stop_id":"61086","stop_code":"61086","stop_name":"Southbound William Clement at Roblin South","routes":"FX3"}},{"type":"Feature","geometry":{"type":"Point","coordinates":[-97.2669144927,49.8636045726]},"properties":{"stop_id":"61087","stop_code":"61087","stop_name":"Northbound William Clement at Roblin South","routes":"FX3"}},{"type":"Feature","geometry":{"type":"Point","coordinates":[-97.286254401,49.8534403449]},"properties":{"stop_id":"61080","stop_code":"61080","stop_name":"Westbound Eldridge at Harstone","routes":"885"}},{"type":"Feature","geometry":{"type":"Point","coordinates":[-97.3120137773,49.8504187177]},"properties":{"stop_id":"61081","stop_code":"61081","stop_name":"Westbound Rannock at Bingham","routes":"885"}},{"type":"Feature","geometry":{"type":"Point","coordinates":[-97.1822687158,49.8906496279]},"properties":{"stop_id":"11128","stop_code":"11128","stop_name":"Northbound Wall at St. Matthews","routes":"884"}},{"type":"Feature","geometry":{"type":"Point","coordinates":[-97.1131131098,49.8717148561]},"properties":{"stop_id":"51087","stop_code":"51087","stop_name":"Eastbound Carriere at St. Mary's","routes":"F7"}},{"type":"Feature","geometry":{"type":"Point","coordinates":[-97.2055772932,49.8252596763]},"properties":{"stop_id":"61153","stop_code":"61153","stop_name":"Northbound Columbia Drive at Kenaston","routes":"650"}},{"type":"Feature","geometry":{"type":"Point","coordinates":[-97.1463495132,49.8335101209]},"properties":{"stop_id":"60979","stop_code":"60979","stop_name":"Eastbound Crescent at Kebir","routes":"694"}},{"type":"Feature","geometry":{"type":"Point","coordinates":[-97.1503507894,49.8321529188]},"properties":{"stop_id":"60978","stop_code":"60978","stop_name":"Eastbound Crescent at Pembina East","routes":"694"}},{"type":"Feature","geometry":{"type":"Point","coordinates":[-97.1260343502,49.897812525]},"properties":{"stop_id":"51083","stop_code":"51083","stop_name":"Southbound St Joseph at Hebert","routes":"888"}},{"type":"Feature","geometry":{"type":"Point","coordinates":[-97.1259303173,49.8979817465]},"properties":{"stop_id":"51082","stop_code":"51082","stop_name":"Northbound St Joseph at Hebert","routes":"888"}},{"type":"Feature","geometry":{"type":"Point","coordinates":[-97.0379001078,49.8755284291]},"properties":{"stop_id":"51081","stop_code":"51081","stop_name":"Northbound Ray Marius at Camiel Sys","routes":"887"}},{"type":"Feature","geometry":{"type":"Point","coordinates":[-97.0496269748,49.8743144188]},"properties":{"stop_id":"51080","stop_code":"51080","stop_name":"Southbound Mazenod at Black Diamond","routes":"887"}},{"type":"Feature","geometry":{"type":"Point","coordinates":[-97.1515145905,49.8319016616]},"properties":{"stop_id":"60973","stop_code":"60973","stop_name":"Westbound Chevrier at Pembina West","routes":"649, 694"}},{"type":"Feature","geometry":{"type":"Point","coordinates":[-97.1519143501,49.8316291984]},"properties":{"stop_id":"60972","stop_code":"60972","stop_name":"Eastbound Chevrier at Pembina West","routes":"649"}},{"type":"Feature","geometry":{"type":"Point","coordinates":[-97.1549423793,49.8306250901]},"properties":{"stop_id":"60971","stop_code":"60971","stop_name":"Eastbound Chevrier at Hudson","routes":"649"}},{"type":"Feature","geometry":{"type":"Point","coordinates":[-97.158435719,49.8294484065]},"properties":{"stop_id":"60970","stop_code":"60970","stop_name":"Eastbound Chevrier at Chevrier Station","routes":"649"}},{"type":"Feature","geometry":{"type":"Point","coordinates":[-97.0997369249,49.8820292548]},"properties":{"stop_id":"50621","stop_code":"50621","stop_name":"Westbound Marion at Archibald","routes":"D14, D15"}},{"type":"Feature","geometry":{"type":"Point","coordinates":[-97.1593319588,49.8292827636]},"properties":{"stop_id":"60975","stop_code":"60975","stop_name":"Westbound Chevrier at Chevrier Station","routes":"649, 694"}},{"type":"Feature","geometry":{"type":"Point","coordinates":[-97.1553172673,49.8306400617]},"properties":{"stop_id":"60974","stop_code":"60974","stop_name":"Westbound Chevrier at Hudson","routes":"649, 694"}},{"type":"Feature","geometry":{"type":"Point","coordinates":[-97.1534788044,49.9274062705]},"properties":{"stop_id":"30315","stop_code":"30315","stop_name":"Westbound Mountain at Sinclair","routes":"38"}},{"type":"Feature","geometry":{"type":"Point","coordinates":[-97.3148316592,49.8617933841]},"properties":{"stop_id":"60579","stop_code":"60579","stop_name":"Westbound Windmill at Dale","routes":"885"}},{"type":"Feature","geometry":{"type":"Point","coordinates":[-97.3141441056,49.8615585013]},"properties":{"stop_id":"60578","stop_code":"60578","stop_name":"Northbound Dale at Windmill","routes":"223"}},{"type":"Feature","geometry":{"type":"Point","coordinates":[-97.3141196968,49.86225975]},"properties":{"stop_id":"60577","stop_code":"60577","stop_name":"Southbound Dale at Roblin","routes":"223, 885"}},{"type":"Feature","geometry":{"type":"Point","coordinates":[-97.3170226659,49.8632104722]},"properties":{"stop_id":"60576","stop_code":"60576","stop_name":"Northbound Windmill at Roblin","routes":"885"}},{"type":"Feature","geometry":{"type":"Point","coordinates":[-97.3140312056,49.8632029283]},"properties":{"stop_id":"60574","stop_code":"60574","stop_name":"Eastbound Roblin at Dale","routes":"70, 223, 885"}},{"type":"Feature","geometry":{"type":"Point","coordinates":[-97.3142307497,49.8634666866]},"properties":{"stop_id":"60573","stop_code":"60573","stop_name":"Westbound Roblin at Barker","routes":"70, 223"}},{"type":"Feature","geometry":{"type":"Point","coordinates":[-97.311307018,49.8627134796]},"properties":{"stop_id":"60572","stop_code":"60572","stop_name":"Eastbound Roblin at Sparrow","routes":"70"}},{"type":"Feature","geometry":{"type":"Point","coordinates":[-97.3117834489,49.8630172603]},"properties":{"stop_id":"60571","stop_code":"60571","stop_name":"Westbound Roblin at Willow Ridge","routes":"70"}},{"type":"Feature","geometry":{"type":"Point","coordinates":[-97.2511627132,49.9032782524]},"properties":{"stop_id":"21010","stop_code":"21010","stop_name":"Eastbound Saskatchewan at Wihuri","routes":"883"}},{"type":"Feature","geometry":{"type":"Point","coordinates":[-97.1423699486,49.8945137806]},"properties":{"stop_id":"10640","stop_code":"10640","stop_name":"Northbound Smith at Portage North","routes":"F5, F8"}},{"type":"Feature","geometry":{"type":"Point","coordinates":[-97.1891150011,49.8635920095]},"properties":{"stop_id":"60378","stop_code":"60378","stop_name":"Westbound Corydon at Brock","routes":"680, D19"}},{"type":"Feature","geometry":{"type":"Point","coordinates":[-97.1856270123,49.8634654288]},"properties":{"stop_id":"60375","stop_code":"60375","stop_name":"Westbound Corydon at Niagara","routes":"680, D19"}},{"type":"Feature","geometry":{"type":"Point","coordinates":[-97.1880254202,49.8633320928]},"properties":{"stop_id":"60377","stop_code":"60377","stop_name":"Eastbound Corydon at Brock","routes":"680, D19"}},{"type":"Feature","geometry":{"type":"Point","coordinates":[-97.1861771318,49.8632671649]},"properties":{"stop_id":"60376","stop_code":"60376","stop_name":"Eastbound Corydon at Niagara","routes":"680, D19"}},{"type":"Feature","geometry":{"type":"Point","coordinates":[-97.1810553121,49.8632947327]},"properties":{"stop_id":"60371","stop_code":"60371","stop_name":"Westbound Corydon at Elm","routes":"680, D19"}},{"type":"Feature","geometry":{"type":"Point","coordinates":[-97.1813273093,49.863092121]},"properties":{"stop_id":"60372","stop_code":"60372","stop_name":"Eastbound Corydon at Elm","routes":"680, D19"}},{"type":"Feature","geometry":{"type":"Point","coordinates":[-97.2315647073,49.8469779062]},"properties":{"stop_id":"62071","stop_code":"62071","stop_name":"Southbound Shaftesbury at Shaftesbury Park","routes":"664"}},{"type":"Feature","geometry":{"type":"Point","coordinates":[-97.1471265477,49.8029841275]},"properties":{"stop_id":"61119","stop_code":"61119","stop_name":"Westbound Innovation at Research","routes":"74, F8"}},{"type":"Feature","geometry":{"type":"Point","coordinates":[-97.2084966357,49.8094645843]},"properties":{"stop_id":"60937","stop_code":"60937","stop_name":"Eastbound Scurfield at Fleetwood East","routes":"649, 650, 691"}},{"type":"Feature","geometry":{"type":"Point","coordinates":[-97.1507539581,49.9265172581]},"properties":{"stop_id":"30289","stop_code":"30289","stop_name":"Westbound Mountain at Arlington","routes":"38"}},{"type":"Feature","geometry":{"type":"Point","coordinates":[-97.0992823236,49.9605483112]},"properties":{"stop_id":"30794","stop_code":"30794","stop_name":"Northbound Vince Leah at Red River","routes":"31"}},{"type":"Feature","geometry":{"type":"Point","coordinates":[-97.1483207401,49.8940154463]},"properties":{"stop_id":"10940","stop_code":"10940","stop_name":"Eastbound Ellice at Edmonton","routes":"D12, D13"}},{"type":"Feature","geometry":{"type":"Point","coordinates":[-97.0541829728,49.9520635507]},"properties":{"stop_id":"40619","stop_code":"40619","stop_name":"Eastbound Headmaster at Keith Black","routes":"442"}},{"type":"Feature","geometry":{"type":"Point","coordinates":[-97.1718819996,49.9551058261]},"properties":{"stop_id":"30602","stop_code":"30602","stop_name":"Westbound Adsum at Jefferson","routes":"D10"}},{"type":"Feature","geometry":{"type":"Point","coordinates":[-97.1367559216,49.8681850195]},"properties":{"stop_id":"10063","stop_code":"10063","stop_name":"Northbound Osborne at Brandon","routes":"F6"}},{"type":"Feature","geometry":{"type":"Point","coordinates":[-97.155246707,49.8065410262]},"properties":{"stop_id":"60118","stop_code":"60118","stop_name":"Southbound Pembina at Victoria Hospital","routes":"BLUE, F8"}},{"type":"Feature","geometry":{"type":"Point","coordinates":[-97.1344711073,49.8653597461]},"properties":{"stop_id":"10061","stop_code":"10061","stop_name":"Northbound Osborne at Morley","routes":"F6"}},{"type":"Feature","geometry":{"type":"Point","coordinates":[-97.1109487539,49.883310177]},"properties":{"stop_id":"50236","stop_code":"50236","stop_name":"Northbound Des Meurons at Goulet","routes":"F7"}},{"type":"Feature","geometry":{"type":"Point","coordinates":[-97.1471539351,49.8153708658]},"properties":{"stop_id":"60111","stop_code":"60111","stop_name":"Northbound University at Thatcher","routes":"679, F9"}},{"type":"Feature","geometry":{"type":"Point","coordinates":[-97.1454494762,49.8115925909]},"properties":{"stop_id":"60110","stop_code":"60110","stop_name":"Southbound University at Markham","routes":"679, F9"}},{"type":"Feature","geometry":{"type":"Point","coordinates":[-97.1490819795,49.8169398892]},"properties":{"stop_id":"60113","stop_code":"60113","stop_name":"Southbound University at Wedgewood","routes":"679, F9"}},{"type":"Feature","geometry":{"type":"Point","coordinates":[-97.147300418,49.8151753186]},"properties":{"stop_id":"60112","stop_code":"60112","stop_name":"Southbound University at Thatcher","routes":"679, F9"}},{"type":"Feature","geometry":{"type":"Point","coordinates":[-97.1494406409,49.8173773916]},"properties":{"stop_id":"60114","stop_code":"60114","stop_name":"Northbound University at Wedgewood","routes":"679, F9"}},{"type":"Feature","geometry":{"type":"Point","coordinates":[-97.3010946264,49.8928229537]},"properties":{"stop_id":"20347","stop_code":"20347","stop_name":"Southbound Cavalier at Hamilton","routes":"220, 223"}},{"type":"Feature","geometry":{"type":"Point","coordinates":[-97.1756697858,49.8555462031]},"properties":{"stop_id":"60289","stop_code":"60289","stop_name":"Southbound Cambridge at Grant South","routes":"28, 680"}},{"type":"Feature","geometry":{"type":"Point","coordinates":[-97.2589843698,49.8856221544]},"properties":{"stop_id":"20179","stop_code":"20179","stop_name":"Eastbound Ness at Braintree","routes":"220, D15"}},{"type":"Feature","geometry":{"type":"Point","coordinates":[-97.0861950639,49.9403638823]},"properties":{"stop_id":"40557","stop_code":"40557","stop_name":"Westbound Edison at Roch West","routes":"330, 442"}},{"type":"Feature","geometry":{"type":"Point","coordinates":[-97.1307368075,49.84529443]},"properties":{"stop_id":"60280","stop_code":"60280","stop_name":"Westbound South at Wildwood H","routes":"694"}},{"type":"Feature","geometry":{"type":"Point","coordinates":[-97.1354640416,49.8475205159]},"properties":{"stop_id":"60283","stop_code":"60283","stop_name":"Westbound Oakenwald at Wildwood","routes":"694"}},{"type":"Feature","geometry":{"type":"Point","coordinates":[-97.1397707561,49.8719394753]},"properties":{"stop_id":"10065","stop_code":"10065","stop_name":"Northbound Osborne at Mulvey","routes":"F6"}},{"type":"Feature","geometry":{"type":"Point","coordinates":[-97.1785916303,49.8514724887]},"properties":{"stop_id":"60285","stop_code":"60285","stop_name":"Westbound Taylor at Waverley","routes":"664"}},{"type":"Feature","geometry":{"type":"Point","coordinates":[-97.1777380624,49.8512341769]},"properties":{"stop_id":"60284","stop_code":"60284","stop_name":"Eastbound Taylor at Waverley","routes":"28, 664, 680"}},{"type":"Feature","geometry":{"type":"Point","coordinates":[-97.1757712921,49.8521116948]},"properties":{"stop_id":"60287","stop_code":"60287","stop_name":"Northbound Cambridge at Ebby","routes":"28, 680"}},{"type":"Feature","geometry":{"type":"Point","coordinates":[-97.1760143968,49.8515668281]},"properties":{"stop_id":"60286","stop_code":"60286","stop_name":"Southbound Cambridge at Taylor","routes":"28, 680"}},{"type":"Feature","geometry":{"type":"Point","coordinates":[-97.2645872033,49.8858321973]},"properties":{"stop_id":"20177","stop_code":"20177","stop_name":"Eastbound Ness at Wallasey","routes":"220"}},{"type":"Feature","geometry":{"type":"Point","coordinates":[-97.0896723134,49.9412488452]},"properties":{"stop_id":"40390","stop_code":"40390","stop_name":"Northbound Henderson at Edison","routes":"442, D10, F8"}},{"type":"Feature","geometry":{"type":"Point","coordinates":[-97.044247523,49.8258925998]},"properties":{"stop_id":"51048","stop_code":"51048","stop_name":"Northbound Des Hivernants at Cinnamon Teal","routes":"556"}},{"type":"Feature","geometry":{"type":"Point","coordinates":[-97.2721112258,49.8872130096]},"properties":{"stop_id":"20175","stop_code":"20175","stop_name":"Eastbound Ness at Prairie View","routes":"220, D15"}},{"type":"Feature","geometry":{"type":"Point","coordinates":[-97.2959463942,49.8883757859]},"properties":{"stop_id":"20168","stop_code":"20168","stop_name":"Eastbound Ness at Muriel","routes":"D15"}},{"type":"Feature","geometry":{"type":"Point","coordinates":[-97.1959791659,49.9493491665]},"properties":{"stop_id":"31056","stop_code":"31056","stop_name":"Westbound Inkster Garden at Keewatin","routes":"74"}},{"type":"Feature","geometry":{"type":"Point","coordinates":[-97.1500517589,49.9022735528]},"properties":{"stop_id":"10729","stop_code":"10729","stop_name":"Eastbound William at Isabel","routes":"D16, D18"}},{"type":"Feature","geometry":{"type":"Point","coordinates":[-97.1500445376,49.9024623324]},"properties":{"stop_id":"10728","stop_code":"10728","stop_name":"Westbound William at Isabel","routes":"D16, D18"}},{"type":"Feature","geometry":{"type":"Point","coordinates":[-97.1315895549,49.8617782023]},"properties":{"stop_id":"10059","stop_code":"10059","stop_name":"Northbound Osborne at Baltimore","routes":"557"}},{"type":"Feature","geometry":{"type":"Point","coordinates":[-97.1302617555,49.8601286507]},"properties":{"stop_id":"10058","stop_code":"10058","stop_name":"Northbound Osborne at Jubilee","routes":"557, F6"}},{"type":"Feature","geometry":{"type":"Point","coordinates":[-97.1284344895,49.8580842188]},"properties":{"stop_id":"10057","stop_code":"10057","stop_name":"Northbound Osborne at Wavell","routes":"557"}},{"type":"Feature","geometry":{"type":"Point","coordinates":[-97.145160894,49.9008910206]},"properties":{"stop_id":"10724","stop_code":"10724","stop_name":"Westbound William at Ellen","routes":"D16, D18"}},{"type":"Feature","geometry":{"type":"Point","coordinates":[-97.2833694945,49.8881270471]},"properties":{"stop_id":"20162","stop_code":"20162","stop_name":"Westbound Ness at Heritage","routes":"D15"}},{"type":"Feature","geometry":{"type":"Point","coordinates":[-97.2862893938,49.8882332637]},"properties":{"stop_id":"20163","stop_code":"20163","stop_name":"Westbound Ness at Valley View","routes":"D15"}},{"type":"Feature","geometry":{"type":"Point","coordinates":[-97.2885063216,49.8881401248]},"properties":{"stop_id":"20164","stop_code":"20164","stop_name":"Westbound Ness at School","routes":"D15"}},{"type":"Feature","geometry":{"type":"Point","coordinates":[-97.2911634392,49.8881973591]},"properties":{"stop_id":"20165","stop_code":"20165","stop_name":"Westbound Ness at Vimy","routes":"D15"}},{"type":"Feature","geometry":{"type":"Point","coordinates":[-97.1417219354,49.8997834547]},"properties":{"stop_id":"10722","stop_code":"10722","stop_name":"Westbound William at Princess (RRC Polytech)","routes":"D16, D18"}},{"type":"Feature","geometry":{"type":"Point","coordinates":[-97.155295039,49.7639407155]},"properties":{"stop_id":"60757","stop_code":"60757","stop_name":"Westbound Des Trappistes at Villeneuve","routes":"91"}},{"type":"Feature","geometry":{"type":"Point","coordinates":[-97.1525431071,49.7647333499]},"properties":{"stop_id":"60756","stop_code":"60756","stop_name":"Westbound De L'eglise at Pembina East","routes":"91"}},{"type":"Feature","geometry":{"type":"Point","coordinates":[-97.1565689836,49.7801433499]},"properties":{"stop_id":"60027","stop_code":"60027","stop_name":"Northbound Pembina at De Vos","routes":"91"}},{"type":"Feature","geometry":{"type":"Point","coordinates":[-97.1569697481,49.7794661025]},"properties":{"stop_id":"60026","stop_code":"60026","stop_name":"Southbound Pembina at De Vos","routes":"91"}},{"type":"Feature","geometry":{"type":"Point","coordinates":[-97.1448305911,49.7648707758]},"properties":{"stop_id":"60753","stop_code":"60753","stop_name":"Westbound De L'eglise at St. Pierre","routes":"91"}},{"type":"Feature","geometry":{"type":"Point","coordinates":[-97.1646479472,49.7711057276]},"properties":{"stop_id":"60020","stop_code":"60020","stop_name":"Westbound Grandmont at Lamirande","routes":"91"}},{"type":"Feature","geometry":{"type":"Point","coordinates":[-97.193367607,49.770046615]},"properties":{"stop_id":"63008","stop_code":"63008","stop_name":"Eastbound Ken Oblik at Bass (School Charter)","routes":"678"}},{"type":"Feature","geometry":{"type":"Point","coordinates":[-97.1452378892,49.7680256257]},"properties":{"stop_id":"60750","stop_code":"60750","stop_name":"Eastbound Lemay at St. Pierre","routes":"91"}},{"type":"Feature","geometry":{"type":"Point","coordinates":[-97.1712578026,49.9090058908]},"properties":{"stop_id":"17012","stop_code":"17012","stop_name":"Southbound McPhillips at William","routes":"F5"}},{"type":"Feature","geometry":{"type":"Point","coordinates":[-97.1483776185,49.8968947601]},"properties":{"stop_id":"17013","stop_code":"17013","stop_name":"Eastbound Cumberland at Carlton","routes":"F5"}},{"type":"Feature","geometry":{"type":"Point","coordinates":[-97.1368880698,49.8824712869]},"properties":{"stop_id":"17010","stop_code":"17010","stop_name":"Northbound Donald at River","routes":"F5, F8"}},{"type":"Feature","geometry":{"type":"Point","coordinates":[-97.2915015247,49.8880854143]},"properties":{"stop_id":"20170","stop_code":"20170","stop_name":"Eastbound Ness at Vimy","routes":"D15"}},{"type":"Feature","geometry":{"type":"Point","coordinates":[-97.1567031958,49.7820974393]},"properties":{"stop_id":"60029","stop_code":"60029","stop_name":"Northbound Pembina at Dalhousie South","routes":"91, BLUE"}},{"type":"Feature","geometry":{"type":"Point","coordinates":[-97.1570813252,49.7812849036]},"properties":{"stop_id":"60028","stop_code":"60028","stop_name":"Southbound Pembina at Dalhousie South","routes":"91, BLUE"}},{"type":"Feature","geometry":{"type":"Point","coordinates":[-97.167029041,49.7698391802]},"properties":{"stop_id":"60759","stop_code":"60759","stop_name":"Eastbound Grandmont at le Maire","routes":"91"}},{"type":"Feature","geometry":{"type":"Point","coordinates":[-97.1642210006,49.7658637603]},"properties":{"stop_id":"60758","stop_code":"60758","stop_name":"Westbound Ducharme at le Maire","routes":"91"}},{"type":"Feature","geometry":{"type":"Point","coordinates":[-97.3199273832,49.8508756411]},"properties":{"stop_id":"60594","stop_code":"60594","stop_name":"Southbound Dale at Rannock","routes":"223"}},{"type":"Feature","geometry":{"type":"Point","coordinates":[-97.3152099922,49.8533166721]},"properties":{"stop_id":"60597","stop_code":"60597","stop_name":"Northbound Cullen at Lismer","routes":"885"}},{"type":"Feature","geometry":{"type":"Point","coordinates":[-97.0299572749,49.8275121546]},"properties":{"stop_id":"51040","stop_code":"51040","stop_name":"Southbound Sage Creek at Borealis","routes":"556"}},{"type":"Feature","geometry":{"type":"Point","coordinates":[-97.3200311518,49.8551047649]},"properties":{"stop_id":"60591","stop_code":"60591","stop_name":"Southbound Dale at Alder South","routes":"223"}},{"type":"Feature","geometry":{"type":"Point","coordinates":[-97.3199436028,49.8564257489]},"properties":{"stop_id":"60590","stop_code":"60590","stop_name":"Southbound Dale at Alder North","routes":"223"}},{"type":"Feature","geometry":{"type":"Point","coordinates":[-97.3197829755,49.8522317803]},"properties":{"stop_id":"60593","stop_code":"60593","stop_name":"Southbound Dale at Foxberry","routes":"223"}},{"type":"Feature","geometry":{"type":"Point","coordinates":[-97.3199558847,49.8536644839]},"properties":{"stop_id":"60592","stop_code":"60592","stop_name":"Southbound Dale at Collingham","routes":"223"}},{"type":"Feature","geometry":{"type":"Point","coordinates":[-97.3148619893,49.8557222494]},"properties":{"stop_id":"60599","stop_code":"60599","stop_name":"Westbound Betsworth at Cullen","routes":"223"}},{"type":"Feature","geometry":{"type":"Point","coordinates":[-97.3153015106,49.8554857829]},"properties":{"stop_id":"60598","stop_code":"60598","stop_name":"Northbound Cullen at Betsworth","routes":"885"}},{"type":"Feature","geometry":{"type":"Point","coordinates":[-97.0787075192,49.8570085017]},"properties":{"stop_id":"50104","stop_code":"50104","stop_name":"Southbound Autumnwood at Crestwood","routes":"551, 557, 558, D15, F9"}},{"type":"Feature","geometry":{"type":"Point","coordinates":[-97.1389651327,49.8928939606]},"properties":{"stop_id":"10611","stop_code":"10611","stop_name":"Eastbound Graham at Fort (Wpg Square)","routes":"D12, D13"}},{"type":"Feature","geometry":{"type":"Point","coordinates":[-97.3071245003,49.8828459798]},"properties":{"stop_id":"20241","stop_code":"20241","stop_name":"Westbound Portage at Bedson","routes":"22, 223, BLUE"}},{"type":"Feature","geometry":{"type":"Point","coordinates":[-97.0425739982,49.8215376039]},"properties":{"stop_id":"51045","stop_code":"51045","stop_name":"Westbound Robert Bockstael at Butterfly","routes":"556"}},{"type":"Feature","geometry":{"type":"Point","coordinates":[-97.1423369443,49.9334345808]},"properties":{"stop_id":"31054","stop_code":"31054","stop_name":"Westbound Inkster at Parr","routes":"39"}},{"type":"Feature","geometry":{"type":"Point","coordinates":[-97.0837243357,49.9394055267]},"properties":{"stop_id":"40554","stop_code":"40554","stop_name":"Eastbound Edison at Roch","routes":"330, 442"}},{"type":"Feature","geometry":{"type":"Point","coordinates":[-97.1461776672,49.9248609652]},"properties":{"stop_id":"30271","stop_code":"30271","stop_name":"Eastbound Mountain at McKenzie","routes":"38"}},{"type":"Feature","geometry":{"type":"Point","coordinates":[-97.1577912092,49.9012725896]},"properties":{"stop_id":"10439","stop_code":"10439","stop_name":"Northbound Sherbrook at Notre Dame","routes":"889, D11"}},{"type":"Feature","geometry":{"type":"Point","coordinates":[-97.1581267366,49.8997757636]},"properties":{"stop_id":"10438","stop_code":"10438","stop_name":"Northbound Sherbrook at Cumberland","routes":"889, D11"}},{"type":"Feature","geometry":{"type":"Point","coordinates":[-97.3038312292,49.8667868381]},"properties":{"stop_id":"20509","stop_code":"20509","stop_name":"Eastbound Assiniboine at Maureen","routes":"885"}},{"type":"Feature","geometry":{"type":"Point","coordinates":[-97.3077433321,49.8782856153]},"properties":{"stop_id":"20503","stop_code":"20503","stop_name":"Southbound Bedson at Allard","routes":"885"}},{"type":"Feature","geometry":{"type":"Point","coordinates":[-97.158911161,49.8886794094]},"properties":{"stop_id":"10432","stop_code":"10432","stop_name":"Northbound Sherbrook at Portage North","routes":"889, D11"}},{"type":"Feature","geometry":{"type":"Point","coordinates":[-97.1709967702,49.9545521548]},"properties":{"stop_id":"30603","stop_code":"30603","stop_name":"Westbound Jefferson at Adsum","routes":"37"}},{"type":"Feature","geometry":{"type":"Point","coordinates":[-97.3087934488,49.8677499264]},"properties":{"stop_id":"20507","stop_code":"20507","stop_name":"Southbound Bedson at Assiniboine","routes":"885"}},{"type":"Feature","geometry":{"type":"Point","coordinates":[-97.1635443561,49.8674797708]},"properties":{"stop_id":"10125","stop_code":"10125","stop_name":"Westbound Corydon at Harrow","routes":"D19"}},{"type":"Feature","geometry":{"type":"Point","coordinates":[-97.1583691704,49.8963345353]},"properties":{"stop_id":"10436","stop_code":"10436","stop_name":"Northbound Sherbrook at Sargent","routes":"889, D11"}},{"type":"Feature","geometry":{"type":"Point","coordinates":[-97.1051201383,49.8056499762]},"properties":{"stop_id":"51032","stop_code":"51032","stop_name":"Eastbound Burland at Paddington","routes":"552, 676"}},{"type":"Feature","geometry":{"type":"Point","coordinates":[-97.286008883,49.8533017857]},"properties":{"stop_id":"60620","stop_code":"60620","stop_name":"Eastbound Eldridge at Harstone","routes":"885"}},{"type":"Feature","geometry":{"type":"Point","coordinates":[-97.2798357633,49.8531922323]},"properties":{"stop_id":"60625","stop_code":"60625","stop_name":"Westbound Eldridge at Buckingham","routes":"885"}},{"type":"Feature","geometry":{"type":"Point","coordinates":[-97.279715089,49.8530645096]},"properties":{"stop_id":"60624","stop_code":"60624","stop_name":"Eastbound Eldridge at Buckingham","routes":"885"}},{"type":"Feature","geometry":{"type":"Point","coordinates":[-97.1482181797,49.7976854731]},"properties":{"stop_id":"60681","stop_code":"60681","stop_name":"Westbound Dalhousie at Silverstone West","routes":"671"}},{"type":"Feature","geometry":{"type":"Point","coordinates":[-97.2745696902,49.8530059222]},"properties":{"stop_id":"60629","stop_code":"60629","stop_name":"Westbound Eldridge at Fairmont","routes":"885"}},{"type":"Feature","geometry":{"type":"Point","coordinates":[-97.2748105524,49.8528835824]},"properties":{"stop_id":"60628","stop_code":"60628","stop_name":"Eastbound Eldridge at Fairmont","routes":"885"}},{"type":"Feature","geometry":{"type":"Point","coordinates":[-97.1487080284,49.7975943656]},"properties":{"stop_id":"60680","stop_code":"60680","stop_name":"Eastbound Dalhousie at Allegheny East","routes":"671"}},{"type":"Feature","geometry":{"type":"Point","coordinates":[-97.1186611966,49.8879602982]},"properties":{"stop_id":"50184","stop_code":"50184","stop_name":"Northbound Aulneau at Hamel","routes":"888"}},{"type":"Feature","geometry":{"type":"Point","coordinates":[-97.1491857654,49.9168945637]},"properties":{"stop_id":"30261","stop_code":"30261","stop_name":"Eastbound Selkirk at McGregor","routes":"D17"}},{"type":"Feature","geometry":{"type":"Point","coordinates":[-97.1695611975,49.8853852169]},"properties":{"stop_id":"10573","stop_code":"10573","stop_name":"Eastbound Portage at Arlington","routes":"BLUE, D14, D15, FX4"}},{"type":"Feature","geometry":{"type":"Point","coordinates":[-97.1688690869,49.7785036792]},"properties":{"stop_id":"60895","stop_code":"60895","stop_name":"Southbound Bairdmore at Millstream","routes":"662"}},{"type":"Feature","geometry":{"type":"Point","coordinates":[-97.1506045076,49.9140388396]},"properties":{"stop_id":"30266","stop_code":"30266","stop_name":"Eastbound Dufferin at McGregor","routes":"F6"}},{"type":"Feature","geometry":{"type":"Point","coordinates":[-97.1631193346,49.7850869361]},"properties":{"stop_id":"60682","stop_code":"60682","stop_name":"Westbound Kirkbridge at Brentlawn North","routes":"662, 672"}},{"type":"Feature","geometry":{"type":"Point","coordinates":[-97.0799687845,49.9381649629]},"properties":{"stop_id":"40552","stop_code":"40552","stop_name":"Eastbound Edison at Rothesay","routes":"330, 442"}},{"type":"Feature","geometry":{"type":"Point","coordinates":[-97.0844901561,49.8244160071]},"properties":{"stop_id":"51033","stop_code":"51033","stop_name":"Westbound Compark at St. Anne's","routes":"552"}},{"type":"Feature","geometry":{"type":"Point","coordinates":[-97.2064223567,49.8696902382]},"properties":{"stop_id":"60443","stop_code":"60443","stop_name":"Westbound Tuxedo at Kenaston","routes":"70"}},{"type":"Feature","geometry":{"type":"Point","coordinates":[-97.0929362008,49.9365982634]},"properties":{"stop_id":"40757","stop_code":"40757","stop_name":"Eastbound McLeod at Henderson","routes":"D10"}},{"type":"Feature","geometry":{"type":"Point","coordinates":[-97.1654310714,49.854044105]},"properties":{"stop_id":"60890","stop_code":"60890","stop_name":"Westbound Taylor at Nathaniel","routes":"664"}},{"type":"Feature","geometry":{"type":"Point","coordinates":[-97.1505675437,49.9146409131]},"properties":{"stop_id":"30265","stop_code":"30265","stop_name":"Northbound McGregor at Dufferin","routes":"F6"}},{"type":"Feature","geometry":{"type":"Point","coordinates":[-97.2062135365,49.8106885274]},"properties":{"stop_id":"60891","stop_code":"60891","stop_name":"Westbound Columbia at Scurfield","routes":"649, 650"}},{"type":"Feature","geometry":{"type":"Point","coordinates":[-97.2784847389,49.8872899567]},"properties":{"stop_id":"20436","stop_code":"20436","stop_name":"Southbound Sturgeon at Ness","routes":"883, FX3"}},{"type":"Feature","geometry":{"type":"Point","coordinates":[-97.2782098052,49.8875827009]},"properties":{"stop_id":"20437","stop_code":"20437","stop_name":"Northbound Sturgeon at Ness","routes":"883, FX3"}},{"type":"Feature","geometry":{"type":"Point","coordinates":[-97.2870217379,49.8997935512]},"properties":{"stop_id":"20434","stop_code":"20434","stop_name":"Westbound Apple at Hamilton","routes":"220"}},{"type":"Feature","geometry":{"type":"Point","coordinates":[-97.2122469216,49.9173456903]},"properties":{"stop_id":"20435","stop_code":"20435","stop_name":"Westbound RRC Polytech at RRC Polytech (43)","routes":"43"}},{"type":"Feature","geometry":{"type":"Point","coordinates":[-97.3024728823,49.895208822]},"properties":{"stop_id":"20344","stop_code":"20344","stop_name":"Northbound Cavalier at Voyageur","routes":"220, 223"}},{"type":"Feature","geometry":{"type":"Point","coordinates":[-97.3075581202,49.8959218935]},"properties":{"stop_id":"20433","stop_code":"20433","stop_name":"Eastbound Lumsden at Lake Ridge East","routes":"220, 223"}},{"type":"Feature","geometry":{"type":"Point","coordinates":[-97.3015147292,49.8939444827]},"properties":{"stop_id":"20346","stop_code":"20346","stop_name":"Northbound Cavalier at Gerrond","routes":"220, 223"}},{"type":"Feature","geometry":{"type":"Point","coordinates":[-96.9640598836,49.8957153948]},"properties":{"stop_id":"40875","stop_code":"40875","stop_name":"Westbound Edmund Gale at Chadwick South","routes":"48"}},{"type":"Feature","geometry":{"type":"Point","coordinates":[-97.3009630648,49.8930009212]},"properties":{"stop_id":"20348","stop_code":"20348","stop_name":"Northbound Cavalier at Hamilton","routes":"220, 223"}},{"type":"Feature","geometry":{"type":"Point","coordinates":[-97.3007321012,49.8916482984]},"properties":{"stop_id":"20349","stop_code":"20349","stop_name":"Southbound Cavalier at Morgan","routes":"223, D15"}},{"type":"Feature","geometry":{"type":"Point","coordinates":[-97.1647029454,49.7814150598]},"properties":{"stop_id":"60893","stop_code":"60893","stop_name":"Westbound Kirkbridge at Brentlawn South","routes":"662, 672"}},{"type":"Feature","geometry":{"type":"Point","coordinates":[-97.1986296539,49.9227654807]},"properties":{"stop_id":"20013","stop_code":"20013","stop_name":"Westbound Logan at Dee","routes":"43"}},{"type":"Feature","geometry":{"type":"Point","coordinates":[-97.1588314393,49.8885791964]},"properties":{"stop_id":"10548","stop_code":"10548","stop_name":"Westbound Portage at Sherbrook","routes":"BLUE, FX4"}},{"type":"Feature","geometry":{"type":"Point","coordinates":[-97.2738207257,49.8790981005]},"properties":{"stop_id":"20438","stop_code":"20438","stop_name":"Northbound Booth at Portage","routes":"220, 883, 885"}},{"type":"Feature","geometry":{"type":"Point","coordinates":[-97.3155972414,49.894186164]},"properties":{"stop_id":"20439","stop_code":"20439","stop_name":"Southbound Buchanan at Peltier","routes":"220"}},{"type":"Feature","geometry":{"type":"Point","coordinates":[-97.2332240365,49.8846292591]},"properties":{"stop_id":"20186","stop_code":"20186","stop_name":"Eastbound Ness at Woodlawn","routes":"D15"}},{"type":"Feature","geometry":{"type":"Point","coordinates":[-97.2377976596,49.8848069026]},"properties":{"stop_id":"20185","stop_code":"20185","stop_name":"Eastbound Ness at Sharp","routes":"D15"}},{"type":"Feature","geometry":{"type":"Point","coordinates":[-97.2481969337,49.8851895912]},"properties":{"stop_id":"20182","stop_code":"20182","stop_name":"Eastbound Ness at Strathmillan","routes":"D15"}},{"type":"Feature","geometry":{"type":"Point","coordinates":[-97.2443318458,49.8850500912]},"properties":{"stop_id":"20183","stop_code":"20183","stop_name":"Eastbound Ness at Mount Royal","routes":"D15"}},{"type":"Feature","geometry":{"type":"Point","coordinates":[-97.2540216304,49.8854214938]},"properties":{"stop_id":"20181","stop_code":"20181","stop_name":"Eastbound Ness at Whytewold","routes":"220, D15"}},{"type":"Feature","geometry":{"type":"Point","coordinates":[-97.0428839148,49.9161177789]},"properties":{"stop_id":"40870","stop_code":"40870","stop_name":"Eastbound Concordia at Grantsmuir","routes":"446"}},{"type":"Feature","geometry":{"type":"Point","coordinates":[-97.2289144777,49.884464469]},"properties":{"stop_id":"20188","stop_code":"20188","stop_name":"Eastbound Ness at Winchester","routes":"D15"}},{"type":"Feature","geometry":{"type":"Point","coordinates":[-97.0426781,49.9163841513]},"properties":{"stop_id":"40871","stop_code":"40871","stop_name":"Westbound Concordia at Grantsmuir","routes":"446"}},{"type":"Feature","geometry":{"type":"Point","coordinates":[-97.0480820133,49.9084787733]},"properties":{"stop_id":"41037","stop_code":"41037","stop_name":"Westbound Prairie Crocus at Peguis","routes":"442"}},{"type":"Feature","geometry":{"type":"Point","coordinates":[-97.0558431007,49.9451113012]},"properties":{"stop_id":"41036","stop_code":"41036","stop_name":"Eastbound McIvor at Fair","routes":"442"}},{"type":"Feature","geometry":{"type":"Point","coordinates":[-97.0603897168,49.9471304806]},"properties":{"stop_id":"41035","stop_code":"41035","stop_name":"Eastbound McIvor at Chornick","routes":"442"}},{"type":"Feature","geometry":{"type":"Point","coordinates":[-97.0629642288,49.9482799667]},"properties":{"stop_id":"41034","stop_code":"41034","stop_name":"Eastbound McIvor at Cranlea","routes":"442"}},{"type":"Feature","geometry":{"type":"Point","coordinates":[-97.0629855984,49.9484422345]},"properties":{"stop_id":"41033","stop_code":"41033","stop_name":"Westbound McIvor at Cranlea","routes":"442"}},{"type":"Feature","geometry":{"type":"Point","coordinates":[-97.0603560788,49.9472738373]},"properties":{"stop_id":"41032","stop_code":"41032","stop_name":"Westbound McIvor at Chornick","routes":"442"}},{"type":"Feature","geometry":{"type":"Point","coordinates":[-97.0559194396,49.9452924836]},"properties":{"stop_id":"41031","stop_code":"41031","stop_name":"Westbound McIvor at Fair","routes":"442"}},{"type":"Feature","geometry":{"type":"Point","coordinates":[-97.048002129,49.9083874754]},"properties":{"stop_id":"41030","stop_code":"41030","stop_name":"Eastbound Prairie Crocus at Peguis","routes":"442"}},{"type":"Feature","geometry":{"type":"Point","coordinates":[-97.0781702346,49.9395833206]},"properties":{"stop_id":"40550","stop_code":"40550","stop_name":"Northbound Rothesay at MacAulay","routes":"442"}},{"type":"Feature","geometry":{"type":"Point","coordinates":[-97.1582764711,49.9287509688]},"properties":{"stop_id":"30472","stop_code":"30472","stop_name":"Eastbound Mountain at Airlies","routes":"38"}},{"type":"Feature","geometry":{"type":"Point","coordinates":[-96.9886145502,49.9056346451]},"properties":{"stop_id":"40032","stop_code":"40032","stop_name":"Westbound McMeans at Wayoata","routes":"48"}},{"type":"Feature","geometry":{"type":"Point","coordinates":[-96.9883967303,49.9055139226]},"properties":{"stop_id":"40033","stop_code":"40033","stop_name":"Eastbound McMeans at Wayoata","routes":"48"}},{"type":"Feature","geometry":{"type":"Point","coordinates":[-96.988658123,49.9009039558]},"properties":{"stop_id":"40034","stop_code":"40034","stop_name":"Westbound Kildare at Wayoata","routes":"D14"}},{"type":"Feature","geometry":{"type":"Point","coordinates":[-96.9892200043,49.9007877871]},"properties":{"stop_id":"40035","stop_code":"40035","stop_name":"Eastbound Kildare at Wayoata","routes":"D14"}},{"type":"Feature","geometry":{"type":"Point","coordinates":[-96.9893140323,49.8951764457]},"properties":{"stop_id":"40036","stop_code":"40036","stop_name":"Westbound Regent at Wayoata","routes":"FX3"}},{"type":"Feature","geometry":{"type":"Point","coordinates":[-96.9891662033,49.8950479451]},"properties":{"stop_id":"40037","stop_code":"40037","stop_name":"Eastbound Regent at Wayoata","routes":"FX3"}},{"type":"Feature","geometry":{"type":"Point","coordinates":[-97.0874190284,49.9119148576]},"properties":{"stop_id":"40346","stop_code":"40346","stop_name":"Southbound Grey at Hoskin","routes":"330"}},{"type":"Feature","geometry":{"type":"Point","coordinates":[-97.0888911895,49.9109677055]},"properties":{"stop_id":"40347","stop_code":"40347","stop_name":"Southbound Grey at Wynten","routes":"330"}},{"type":"Feature","geometry":{"type":"Point","coordinates":[-97.0606688028,49.955104737]},"properties":{"stop_id":"40612","stop_code":"40612","stop_name":"Westbound Headmaster at Wilfred Knowles","routes":"442"}},{"type":"Feature","geometry":{"type":"Point","coordinates":[-97.0853604052,49.913248075]},"properties":{"stop_id":"40345","stop_code":"40345","stop_name":"Southbound Grey at Munroe","routes":"330"}},{"type":"Feature","geometry":{"type":"Point","coordinates":[-97.1543432758,49.9222839274]},"properties":{"stop_id":"30309","stop_code":"30309","stop_name":"Southbound Arlington at Burrows","routes":"28"}},{"type":"Feature","geometry":{"type":"Point","coordinates":[-97.0581705184,49.9537855756]},"properties":{"stop_id":"40615","stop_code":"40615","stop_name":"Westbound Headmaster at Douglas Lawrence","routes":"442"}},{"type":"Feature","geometry":{"type":"Point","coordinates":[-97.0562716096,49.9528182329]},"properties":{"stop_id":"40616","stop_code":"40616","stop_name":"Westbound Headmaster at Mildred","routes":"442"}},{"type":"Feature","geometry":{"type":"Point","coordinates":[-97.0563459734,49.9527025461]},"properties":{"stop_id":"40617","stop_code":"40617","stop_name":"Eastbound Headmaster at Jack Hawthorn","routes":"442"}},{"type":"Feature","geometry":{"type":"Point","coordinates":[-97.0548782679,49.9524530239]},"properties":{"stop_id":"40618","stop_code":"40618","stop_name":"Westbound Headmaster at Keith Black","routes":"442"}},{"type":"Feature","geometry":{"type":"Point","coordinates":[-97.2248914337,49.9375718632]},"properties":{"stop_id":"30876","stop_code":"30876","stop_name":"Southbound Oak Point at Eagle","routes":"881"}},{"type":"Feature","geometry":{"type":"Point","coordinates":[-97.1533473413,49.9235543284]},"properties":{"stop_id":"30307","stop_code":"30307","stop_name":"Southbound Arlington at Aberdeen","routes":"28"}},{"type":"Feature","geometry":{"type":"Point","coordinates":[-97.0752521723,49.8294619072]},"properties":{"stop_id":"50902","stop_code":"50902","stop_name":"Southbound Shorehill at River Valley","routes":"558"}},{"type":"Feature","geometry":{"type":"Point","coordinates":[-97.1953036381,49.9469100194]},"properties":{"stop_id":"30872","stop_code":"30872","stop_name":"Southbound Keewatin at Inkster","routes":"74, 334, 884"}},{"type":"Feature","geometry":{"type":"Point","coordinates":[-97.1950126109,49.9464917185]},"properties":{"stop_id":"30871","stop_code":"30871","stop_name":"Northbound Keewatin at Inkster","routes":"74, 334, 884"}},{"type":"Feature","geometry":{"type":"Point","coordinates":[-97.0912759188,49.908425472]},"properties":{"stop_id":"40349","stop_code":"40349","stop_name":"Southbound Grey at Union","routes":"330"}},{"type":"Feature","geometry":{"type":"Point","coordinates":[-97.1377020751,49.8048387341]},"properties":{"stop_id":"62067","stop_code":"62067","stop_name":"Northbound University at Freedman","routes":"662, 671, 672"}},{"type":"Feature","geometry":{"type":"Point","coordinates":[-97.3146629495,49.8438460304]},"properties":{"stop_id":"62065","stop_code":"62065","stop_name":"Southbound McKellar at Munnion","routes":"223"}},{"type":"Feature","geometry":{"type":"Point","coordinates":[-97.1432137708,49.9581127882]},"properties":{"stop_id":"31059","stop_code":"31059","stop_name":"Northbound McPhillips at Templeton","routes":"330"}},{"type":"Feature","geometry":{"type":"Point","coordinates":[-97.1956040841,49.7950879833]},"properties":{"stop_id":"62061","stop_code":"62061","stop_name":"Eastbound Bison at Park East","routes":"74"}},{"type":"Feature","geometry":{"type":"Point","coordinates":[-97.198186711,49.7955150195]},"properties":{"stop_id":"62060","stop_code":"62060","stop_name":"Southbound Centre at Cooper's Town","routes":"74"}},{"type":"Feature","geometry":{"type":"Point","coordinates":[-97.2025950312,49.9240324196]},"properties":{"stop_id":"20015","stop_code":"20015","stop_name":"Westbound Logan at Ada","routes":"43"}},{"type":"Feature","geometry":{"type":"Point","coordinates":[-97.1026108655,49.9116881079]},"properties":{"stop_id":"40474","stop_code":"40474","stop_name":"Northbound Watt at Chalmers","routes":"38, 43, 551"}},{"type":"Feature","geometry":{"type":"Point","coordinates":[-97.172820651,49.8517773096]},"properties":{"stop_id":"62069","stop_code":"62069","stop_name":"Eastbound Taylor at Poseidon","routes":"664"}},{"type":"Feature","geometry":{"type":"Point","coordinates":[-97.2186631908,49.8429931682]},"properties":{"stop_id":"62068","stop_code":"62068","stop_name":"Southbound Outlet Collection at Sterling Lyon","routes":"664, 677"}},{"type":"Feature","geometry":{"type":"Point","coordinates":[-97.0641861066,49.92718907]},"properties":{"stop_id":"40294","stop_code":"40294","stop_name":"Westbound McLeod at London","routes":"330, 446, D10"}},{"type":"Feature","geometry":{"type":"Point","coordinates":[-97.064013013,49.9269882847]},"properties":{"stop_id":"40295","stop_code":"40295","stop_name":"Eastbound McLeod at London","routes":"43, 330, 446, D10"}},{"type":"Feature","geometry":{"type":"Point","coordinates":[-97.0704427604,49.929272426]},"properties":{"stop_id":"40290","stop_code":"40290","stop_name":"Westbound McLeod at Gateway","routes":"330, 446, D10"}},{"type":"Feature","geometry":{"type":"Point","coordinates":[-97.0701182535,49.9290241512]},"properties":{"stop_id":"40291","stop_code":"40291","stop_name":"Eastbound McLeod at Gateway","routes":"43, 330, 446, D10"}},{"type":"Feature","geometry":{"type":"Point","coordinates":[-97.0673898726,49.9282590353]},"properties":{"stop_id":"40292","stop_code":"40292","stop_name":"Westbound McLeod at Gateway East","routes":"330, 446, D10"}},{"type":"Feature","geometry":{"type":"Point","coordinates":[-97.0673956256,49.9281152107]},"properties":{"stop_id":"40293","stop_code":"40293","stop_name":"Eastbound McLeod at Gateway East","routes":"43, 330, 446, D10"}},{"type":"Feature","geometry":{"type":"Point","coordinates":[-97.1964091309,49.9550046552]},"properties":{"stop_id":"30789","stop_code":"30789","stop_name":"Eastbound Old Commonwealth at Dr Jose Rizal","routes":"37, 39, 332, 334, 336"}},{"type":"Feature","geometry":{"type":"Point","coordinates":[-97.198146105,49.954411044]},"properties":{"stop_id":"30788","stop_code":"30788","stop_name":"Eastbound Garton at Mount Auburn","routes":"74, 332"}},{"type":"Feature","geometry":{"type":"Point","coordinates":[-97.2960617229,49.8823329072]},"properties":{"stop_id":"20236","stop_code":"20236","stop_name":"Westbound Portage at Muriel","routes":"22, 220"}},{"type":"Feature","geometry":{"type":"Point","coordinates":[-97.1018351279,49.9129976607]},"properties":{"stop_id":"40477","stop_code":"40477","stop_name":"Southbound Watt at Harbison","routes":"38, 43, 551"}},{"type":"Feature","geometry":{"type":"Point","coordinates":[-97.0677307711,49.9246127389]},"properties":{"stop_id":"40298","stop_code":"40298","stop_name":"Southbound London at Tu Pelo","routes":"43"}},{"type":"Feature","geometry":{"type":"Point","coordinates":[-97.0675105082,49.9245460971]},"properties":{"stop_id":"40299","stop_code":"40299","stop_name":"Northbound London at Tu Pelo","routes":"43"}},{"type":"Feature","geometry":{"type":"Point","coordinates":[-97.2863442789,49.8807862876]},"properties":{"stop_id":"20232","stop_code":"20232","stop_name":"Westbound Portage at Greenway","routes":"22, 220, 885"}},{"type":"Feature","geometry":{"type":"Point","coordinates":[-97.2900389897,49.8814075916]},"properties":{"stop_id":"20233","stop_code":"20233","stop_name":"Westbound Portage at Banting","routes":"22, 220, 885, BLUE"}},{"type":"Feature","geometry":{"type":"Point","coordinates":[-97.0378071747,49.9402825324]},"properties":{"stop_id":"40724","stop_code":"40724","stop_name":"Eastbound Ragsdill at De Vries","routes":"442"}},{"type":"Feature","geometry":{"type":"Point","coordinates":[-97.1457578654,49.924908213]},"properties":{"stop_id":"30270","stop_code":"30270","stop_name":"Westbound Mountain at McKenzie","routes":"38"}},{"type":"Feature","geometry":{"type":"Point","coordinates":[-96.9675052597,49.9068400139]},"properties":{"stop_id":"40726","stop_code":"40726","stop_name":"Northbound Alex Taylor at Foxborough West","routes":"48"}},{"type":"Feature","geometry":{"type":"Point","coordinates":[-97.1486618257,49.9258451833]},"properties":{"stop_id":"30272","stop_code":"30272","stop_name":"Westbound Mountain at Parr","routes":"38"}},{"type":"Feature","geometry":{"type":"Point","coordinates":[-96.9688792087,49.9006574716]},"properties":{"stop_id":"40720","stop_code":"40720","stop_name":"Eastbound Kildare at Ravenhurst","routes":"D14"}},{"type":"Feature","geometry":{"type":"Point","coordinates":[-97.2030973201,49.9240132302]},"properties":{"stop_id":"20016","stop_code":"20016","stop_name":"Eastbound Logan at Ada","routes":"43"}},{"type":"Feature","geometry":{"type":"Point","coordinates":[-96.9626933356,49.9033642298]},"properties":{"stop_id":"40723","stop_code":"40723","stop_name":"Northbound Alex Taylor at Blairmore North","routes":"48"}},{"type":"Feature","geometry":{"type":"Point","coordinates":[-97.1541393871,49.9185027887]},"properties":{"stop_id":"30279","stop_code":"30279","stop_name":"Eastbound Selkirk at Parr","routes":"D17"}},{"type":"Feature","geometry":{"type":"Point","coordinates":[-97.1537885741,49.9185691552]},"properties":{"stop_id":"30278","stop_code":"30278","stop_name":"Westbound Selkirk at Parr","routes":"D17"}},{"type":"Feature","geometry":{"type":"Point","coordinates":[-96.964350267,49.9060199748]},"properties":{"stop_id":"40728","stop_code":"40728","stop_name":"Southbound Alex Taylor at Foxborough East","routes":"48"}},{"type":"Feature","geometry":{"type":"Point","coordinates":[-96.9629556731,49.904079466]},"properties":{"stop_id":"40729","stop_code":"40729","stop_name":"Southbound Alex Taylor at Blairmore North","routes":"48"}},{"type":"Feature","geometry":{"type":"Point","coordinates":[-97.0916134321,49.923515708]},"properties":{"stop_id":"40508","stop_code":"40508","stop_name":"Westbound Kimberly at Watt","routes":"442"}},{"type":"Feature","geometry":{"type":"Point","coordinates":[-97.0916462491,49.9233903186]},"properties":{"stop_id":"40509","stop_code":"40509","stop_name":"Eastbound Kimberly at Watt","routes":"442"}},{"type":"Feature","geometry":{"type":"Point","coordinates":[-97.1876494722,49.7926519127]},"properties":{"stop_id":"62099","stop_code":"62099","stop_name":"Eastbound Joe Keeper at Ruth","routes":"678"}},{"type":"Feature","geometry":{"type":"Point","coordinates":[-97.0992737851,49.9260613833]},"properties":{"stop_id":"40504","stop_code":"40504","stop_name":"Westbound Kimberly at Brazier","routes":"442"}},{"type":"Feature","geometry":{"type":"Point","coordinates":[-97.0991694625,49.9258797703]},"properties":{"stop_id":"40505","stop_code":"40505","stop_name":"Eastbound Kimberly at Brazier","routes":"442"}},{"type":"Feature","geometry":{"type":"Point","coordinates":[-97.0956431015,49.924850359]},"properties":{"stop_id":"40506","stop_code":"40506","stop_name":"Westbound Kimberly at Roch","routes":"442"}},{"type":"Feature","geometry":{"type":"Point","coordinates":[-97.0955109472,49.9246682848]},"properties":{"stop_id":"40507","stop_code":"40507","stop_name":"Eastbound Kimberly at Roch","routes":"442"}},{"type":"Feature","geometry":{"type":"Point","coordinates":[-97.0657298656,49.9530126008]},"properties":{"stop_id":"40607","stop_code":"40607","stop_name":"Southbound Rothesay at Strood","routes":"442"}},{"type":"Feature","geometry":{"type":"Point","coordinates":[-97.0865387598,49.9288739368]},"properties":{"stop_id":"40501","stop_code":"40501","stop_name":"Northbound Leighton at Leighton Loop","routes":"551"}},{"type":"Feature","geometry":{"type":"Point","coordinates":[-97.1037431273,49.9275648761]},"properties":{"stop_id":"40502","stop_code":"40502","stop_name":"Westbound Kimberly at Henderson","routes":"442"}},{"type":"Feature","geometry":{"type":"Point","coordinates":[-97.1035427224,49.9273457135]},"properties":{"stop_id":"40503","stop_code":"40503","stop_name":"Eastbound Kimberly at Henderson","routes":"442"}},{"type":"Feature","geometry":{"type":"Point","coordinates":[-97.1567354694,49.8624602456]},"properties":{"stop_id":"11146","stop_code":"11146","stop_name":"Northbound Stafford at Grant","routes":"28, 889, D11"}},{"type":"Feature","geometry":{"type":"Point","coordinates":[-97.1633517195,49.8707239225]},"properties":{"stop_id":"11147","stop_code":"11147","stop_name":"Northbound Stafford at Grosvenor","routes":"28, 889, D11, D16"}},{"type":"Feature","geometry":{"type":"Point","coordinates":[-97.1684356,49.9044547952]},"properties":{"stop_id":"11144","stop_code":"11144","stop_name":"Westbound Notre Dame at Arlington","routes":"D16, D18, F5"}},{"type":"Feature","geometry":{"type":"Point","coordinates":[-97.1416278684,49.8993321941]},"properties":{"stop_id":"11145","stop_code":"11145","stop_name":"Southbound Princess at William (RRC Polytech)","routes":"F8"}},{"type":"Feature","geometry":{"type":"Point","coordinates":[-97.0980048787,49.8396608485]},"properties":{"stop_id":"50725","stop_code":"50725","stop_name":"Eastbound Beliveau at Behnke","routes":"556"}},{"type":"Feature","geometry":{"type":"Point","coordinates":[-97.1055748796,49.828532112]},"properties":{"stop_id":"50724","stop_code":"50724","stop_name":"Southbound Dakota at Meadowood","routes":"F6"}},{"type":"Feature","geometry":{"type":"Point","coordinates":[-97.0847388333,49.8269207797]},"properties":{"stop_id":"50727","stop_code":"50727","stop_name":"Northbound St Anne's at Novavista","routes":"F7"}},{"type":"Feature","geometry":{"type":"Point","coordinates":[-97.0979992345,49.8398046779]},"properties":{"stop_id":"50726","stop_code":"50726","stop_name":"Westbound Beliveau at Behnke","routes":"556"}},{"type":"Feature","geometry":{"type":"Point","coordinates":[-97.1009449904,49.8547849595]},"properties":{"stop_id":"50728","stop_code":"50728","stop_name":"Westbound Niakwa at Seagrim","routes":"557"}},{"type":"Feature","geometry":{"type":"Point","coordinates":[-97.1834032364,49.9090081926]},"properties":{"stop_id":"11148","stop_code":"11148","stop_name":"Eastbound Notre Dame at Erin","routes":"884, D16, D18"}},{"type":"Feature","geometry":{"type":"Point","coordinates":[-97.1433289794,49.8931079528]},"properties":{"stop_id":"10669","stop_code":"10669","stop_name":"Southbound Donald at Portage South","routes":"F5, F8"}},{"type":"Feature","geometry":{"type":"Point","coordinates":[-97.0635131242,49.9119941639]},"properties":{"stop_id":"40675","stop_code":"40675","stop_name":"Westbound Concordia at Molson","routes":"442"}},{"type":"Feature","geometry":{"type":"Point","coordinates":[-97.1230514875,49.9064983697]},"properties":{"stop_id":"30099","stop_code":"30099","stop_name":"Eastbound Disraeli at Sutherland","routes":"F8"}},{"type":"Feature","geometry":{"type":"Point","coordinates":[-97.1232849694,49.90658311]},"properties":{"stop_id":"30098","stop_code":"30098","stop_name":"Westbound Disraeli at Sutherland","routes":"F8"}},{"type":"Feature","geometry":{"type":"Point","coordinates":[-97.1329391504,49.9097705262]},"properties":{"stop_id":"30095","stop_code":"30095","stop_name":"Northbound Main at Euclid","routes":"31, D17, FX2"}},{"type":"Feature","geometry":{"type":"Point","coordinates":[-97.1336593993,49.9087926886]},"properties":{"stop_id":"30094","stop_code":"30094","stop_name":"Southbound Main at Dufferin","routes":"FX2"}},{"type":"Feature","geometry":{"type":"Point","coordinates":[-97.0658835906,49.9526553685]},"properties":{"stop_id":"40606","stop_code":"40606","stop_name":"Northbound Rothesay at Strood","routes":"442"}},{"type":"Feature","geometry":{"type":"Point","coordinates":[-97.132844341,49.9118648332]},"properties":{"stop_id":"30091","stop_code":"30091","stop_name":"Southbound Main at Selkirk","routes":"31, FX2"}},{"type":"Feature","geometry":{"type":"Point","coordinates":[-97.13313459,49.9119234838]},"properties":{"stop_id":"30090","stop_code":"30090","stop_name":"Westbound Selkirk at Main","routes":"D17"}},{"type":"Feature","geometry":{"type":"Point","coordinates":[-97.133155106,49.9117529096]},"properties":{"stop_id":"30093","stop_code":"30093","stop_name":"Eastbound Selkirk at Main","routes":"D17"}},{"type":"Feature","geometry":{"type":"Point","coordinates":[-97.1949208969,49.9351477087]},"properties":{"stop_id":"30818","stop_code":"30818","stop_name":"Northbound Keewatin at Tyndall","routes":"74, 884"}},{"type":"Feature","geometry":{"type":"Point","coordinates":[-97.1614723123,49.8930916868]},"properties":{"stop_id":"10525","stop_code":"10525","stop_name":"Westbound Ellice at McGee","routes":"D12"}},{"type":"Feature","geometry":{"type":"Point","coordinates":[-97.2805475271,49.8997605618]},"properties":{"stop_id":"20454","stop_code":"20454","stop_name":"Westbound Quail Ridge at Apple East","routes":"220"}},{"type":"Feature","geometry":{"type":"Point","coordinates":[-97.1029529642,49.8543141662]},"properties":{"stop_id":"50538","stop_code":"50538","stop_name":"Northbound St Anne's at Niakwa","routes":"F7"}},{"type":"Feature","geometry":{"type":"Point","coordinates":[-97.1596322412,49.9571695389]},"properties":{"stop_id":"30897","stop_code":"30897","stop_name":"Eastbound Leila at Pipeline","routes":"38, 332, D10"}},{"type":"Feature","geometry":{"type":"Point","coordinates":[-97.1595128867,49.9573745252]},"properties":{"stop_id":"30896","stop_code":"30896","stop_name":"Westbound Leila at Pipeline","routes":"38, 332, D10"}},{"type":"Feature","geometry":{"type":"Point","coordinates":[-97.1453962937,49.9521121608]},"properties":{"stop_id":"30890","stop_code":"30890","stop_name":"Southbound Garden City Hub at Garden City Hub (38)","routes":"38"}},{"type":"Feature","geometry":{"type":"Point","coordinates":[-97.1487003221,49.9582905729]},"properties":{"stop_id":"30893","stop_code":"30893","stop_name":"Eastbound Wal-Mart McPhillips at Wal-Mart","routes":"28, 330, 336"}},{"type":"Feature","geometry":{"type":"Point","coordinates":[-97.1487197512,49.9563299897]},"properties":{"stop_id":"30892","stop_code":"30892","stop_name":"Westbound Court at McPhillips West","routes":"28, 330, 336"}},{"type":"Feature","geometry":{"type":"Point","coordinates":[-97.3190783846,49.847679109]},"properties":{"stop_id":"62064","stop_code":"62064","stop_name":"Southbound Dale at Shepton","routes":"223"}},{"type":"Feature","geometry":{"type":"Point","coordinates":[-97.1618009897,49.9602622519]},"properties":{"stop_id":"30899","stop_code":"30899","stop_name":"Eastbound Ambergate at Pipeline","routes":"332"}},{"type":"Feature","geometry":{"type":"Point","coordinates":[-97.1617948266,49.9604240625]},"properties":{"stop_id":"30898","stop_code":"30898","stop_name":"Westbound Ambergate at Pipeline","routes":"332"}},{"type":"Feature","geometry":{"type":"Point","coordinates":[-97.1218390917,49.8394294783]},"properties":{"stop_id":"50383","stop_code":"50383","stop_name":"Westbound St Vital at Pulberry","routes":"676"}},{"type":"Feature","geometry":{"type":"Point","coordinates":[-97.117136897,49.8408912305]},"properties":{"stop_id":"50382","stop_code":"50382","stop_name":"Eastbound St Vital at Dunkirk","routes":"676"}},{"type":"Feature","geometry":{"type":"Point","coordinates":[-97.1176386954,49.8408634135]},"properties":{"stop_id":"50381","stop_code":"50381","stop_name":"Westbound St Vital at Dunkirk","routes":"676"}},{"type":"Feature","geometry":{"type":"Point","coordinates":[-97.1093914032,49.8116026928]},"properties":{"stop_id":"50439","stop_code":"50439","stop_name":"Northbound Paddington at Grimsby","routes":"552"}},{"type":"Feature","geometry":{"type":"Point","coordinates":[-97.124080454,49.8386562738]},"properties":{"stop_id":"50386","stop_code":"50386","stop_name":"Westbound St Vital at Salme","routes":"676"}},{"type":"Feature","geometry":{"type":"Point","coordinates":[-97.124438376,49.838392222]},"properties":{"stop_id":"50385","stop_code":"50385","stop_name":"Eastbound St Vital at Salme","routes":"676"}},{"type":"Feature","geometry":{"type":"Point","coordinates":[-97.1217320746,49.8393197999]},"properties":{"stop_id":"50384","stop_code":"50384","stop_name":"Eastbound St Vital at Pulberry","routes":"676"}},{"type":"Feature","geometry":{"type":"Point","coordinates":[-97.1064763987,49.8147033298]},"properties":{"stop_id":"50435","stop_code":"50435","stop_name":"Southbound Paddington at Tufnell","routes":"558"}},{"type":"Feature","geometry":{"type":"Point","coordinates":[-97.1025990108,49.815386407]},"properties":{"stop_id":"50434","stop_code":"50434","stop_name":"Southbound Paddington at Whicker","routes":"558"}},{"type":"Feature","geometry":{"type":"Point","coordinates":[-97.1080724524,49.8133441846]},"properties":{"stop_id":"50437","stop_code":"50437","stop_name":"Northbound Paddington at Alburg","routes":"552"}},{"type":"Feature","geometry":{"type":"Point","coordinates":[-97.1062562248,49.8146457553]},"properties":{"stop_id":"50436","stop_code":"50436","stop_name":"Northbound Paddington at Tufnell","routes":"552, 558"}},{"type":"Feature","geometry":{"type":"Point","coordinates":[-97.0614116526,49.8285292139]},"properties":{"stop_id":"50923","stop_code":"50923","stop_name":"Northbound Island Shore at Henry Dormer","routes":"557"}},{"type":"Feature","geometry":{"type":"Point","coordinates":[-97.0587322365,49.8284213222]},"properties":{"stop_id":"50922","stop_code":"50922","stop_name":"Northbound Island Shore at De La Seigneurie","routes":"557"}},{"type":"Feature","geometry":{"type":"Point","coordinates":[-97.0577004616,49.8298792162]},"properties":{"stop_id":"50921","stop_code":"50921","stop_name":"Southbound De La Seigneurie at Dockside","routes":"557"}},{"type":"Feature","geometry":{"type":"Point","coordinates":[-97.0551876004,49.8308174798]},"properties":{"stop_id":"50920","stop_code":"50920","stop_name":"Southbound De La Seigneurie at Langton","routes":"557"}},{"type":"Feature","geometry":{"type":"Point","coordinates":[-97.1678826433,49.9039783071]},"properties":{"stop_id":"10285","stop_code":"10285","stop_name":"Northbound Arlington at Notre Dame","routes":"28, 224"}},{"type":"Feature","geometry":{"type":"Point","coordinates":[-96.9683910287,49.8913928681]},"properties":{"stop_id":"41006","stop_code":"41006","stop_name":"Southbound Ravenhurst at Merkel Manza","routes":"D14"}},{"type":"Feature","geometry":{"type":"Point","coordinates":[-97.1569426158,49.7710281977]},"properties":{"stop_id":"62007","stop_code":"62007","stop_name":"Southbound Pembina at Grandmont","routes":"BLUE"}},{"type":"Feature","geometry":{"type":"Point","coordinates":[-97.168008427,49.9024961251]},"properties":{"stop_id":"10283","stop_code":"10283","stop_name":"Northbound Arlington at Adele","routes":"28, 224"}},{"type":"Feature","geometry":{"type":"Point","coordinates":[-97.1565298526,49.771291476]},"properties":{"stop_id":"62006","stop_code":"62006","stop_name":"Northbound Pembina at Grandmont","routes":"BLUE"}},{"type":"Feature","geometry":{"type":"Point","coordinates":[-97.0252243322,49.8938428054]},"properties":{"stop_id":"41004","stop_code":"41004","stop_name":"Northbound Plessis at Pandora","routes":"440, 444, D14"}},{"type":"Feature","geometry":{"type":"Point","coordinates":[-97.3007551813,49.8862337098]},"properties":{"stop_id":"20356","stop_code":"20356","stop_name":"Southbound Cavalier at Fairlane","routes":"223"}},{"type":"Feature","geometry":{"type":"Point","coordinates":[-97.0961846321,49.9347987517]},"properties":{"stop_id":"40385","stop_code":"40385","stop_name":"Northbound Henderson at Northdale","routes":"442, F8"}},{"type":"Feature","geometry":{"type":"Point","coordinates":[-97.1899806485,49.8177037883]},"properties":{"stop_id":"60960","stop_code":"60960","stop_name":"Northbound Dovercourt at Scurfield","routes":"690"}},{"type":"Feature","geometry":{"type":"Point","coordinates":[-97.1900832732,49.817561472]},"properties":{"stop_id":"60961","stop_code":"60961","stop_name":"Southbound Dovercourt at Scurfield","routes":"642, 690"}},{"type":"Feature","geometry":{"type":"Point","coordinates":[-97.1802187542,49.8181443622]},"properties":{"stop_id":"60962","stop_code":"60962","stop_name":"Eastbound Scurfield at Waverley","routes":"649, 690, 691"}},{"type":"Feature","geometry":{"type":"Point","coordinates":[-97.1802106599,49.8183601172]},"properties":{"stop_id":"60963","stop_code":"60963","stop_name":"Westbound Scurfield at Waverley","routes":"649, 690, 691"}},{"type":"Feature","geometry":{"type":"Point","coordinates":[-97.0929353667,49.9161435784]},"properties":{"stop_id":"40558","stop_code":"40558","stop_name":"Westbound Munroe at Raleigh West","routes":"38"}},{"type":"Feature","geometry":{"type":"Point","coordinates":[-97.1628586816,49.8279535611]},"properties":{"stop_id":"60969","stop_code":"60969","stop_name":"Eastbound Chevrier at Trottier East","routes":"649, 691"}},{"type":"Feature","geometry":{"type":"Point","coordinates":[-97.0813564189,49.8709229164]},"properties":{"stop_id":"51091","stop_code":"51091","stop_name":"Eastbound Elizabeth at De Bourmont","routes":"551, D15"}},{"type":"Feature","geometry":{"type":"Point","coordinates":[-97.1235782675,49.8753300992]},"properties":{"stop_id":"51095","stop_code":"51095","stop_name":"Westbound Highfield at Tache","routes":"888"}},{"type":"Feature","geometry":{"type":"Point","coordinates":[-97.1887046218,49.8031027693]},"properties":{"stop_id":"61169","stop_code":"61169","stop_name":"Southbound Bridgeland at Oak Lawn","routes":"678"}},{"type":"Feature","geometry":{"type":"Point","coordinates":[-97.1878337292,49.8063273715]},"properties":{"stop_id":"61168","stop_code":"61168","stop_name":"Westbound Bridgeland at Clovercrest","routes":"678"}},{"type":"Feature","geometry":{"type":"Point","coordinates":[-97.1828082797,49.8087671881]},"properties":{"stop_id":"61167","stop_code":"61167","stop_name":"Westbound Bridgeland at Beachham","routes":"678"}},{"type":"Feature","geometry":{"type":"Point","coordinates":[-97.1785428485,49.8102023062]},"properties":{"stop_id":"61166","stop_code":"61166","stop_name":"Westbound Bridgeland at Abbeydale","routes":"678"}},{"type":"Feature","geometry":{"type":"Point","coordinates":[-97.175897837,49.8084605644]},"properties":{"stop_id":"61165","stop_code":"61165","stop_name":"Northbound Bridgeland at Appletree","routes":"678"}},{"type":"Feature","geometry":{"type":"Point","coordinates":[-97.1747762597,49.8068687333]},"properties":{"stop_id":"61164","stop_code":"61164","stop_name":"Eastbound Arbour Meadow at Bridgeland","routes":"74, 676, 678"}},{"type":"Feature","geometry":{"type":"Point","coordinates":[-97.1762786822,49.8086824502]},"properties":{"stop_id":"61163","stop_code":"61163","stop_name":"Southbound Bridgeland at Brockington","routes":"678"}},{"type":"Feature","geometry":{"type":"Point","coordinates":[-97.1787732148,49.8099900496]},"properties":{"stop_id":"61162","stop_code":"61162","stop_name":"Eastbound Bridgeland at Lake Forest","routes":"678"}},{"type":"Feature","geometry":{"type":"Point","coordinates":[-97.1830951956,49.8085288257]},"properties":{"stop_id":"61161","stop_code":"61161","stop_name":"Eastbound Bridgeland at Beachham","routes":"678"}},{"type":"Feature","geometry":{"type":"Point","coordinates":[-97.1879176175,49.8059418957]},"properties":{"stop_id":"61160","stop_code":"61160","stop_name":"Eastbound Bridgeland at Bridlewood","routes":"678"}},{"type":"Feature","geometry":{"type":"Point","coordinates":[-97.1539507092,49.8106491204]},"properties":{"stop_id":"61215","stop_code":"61215","stop_name":"Eastbound Southpark at Southpark Station","routes":"662, 678, BLUE"}},{"type":"Feature","geometry":{"type":"Point","coordinates":[-97.1546493962,49.8105523239]},"properties":{"stop_id":"61214","stop_code":"61214","stop_name":"Westbound Southpark at Southpark Station","routes":"BLUE"}},{"type":"Feature","geometry":{"type":"Point","coordinates":[-97.1575334497,49.8081785952]},"properties":{"stop_id":"61217","stop_code":"61217","stop_name":"Southbound Southwest Transitway at Markham Station","routes":"BLUE"}},{"type":"Feature","geometry":{"type":"Point","coordinates":[-97.1573896554,49.8086710373]},"properties":{"stop_id":"61216","stop_code":"61216","stop_name":"Northbound Southwest Transitway at Markham Station","routes":"662, 678, BLUE"}},{"type":"Feature","geometry":{"type":"Point","coordinates":[-97.1562078227,49.8218480489]},"properties":{"stop_id":"61211","stop_code":"61211","stop_name":"Southbound Southwest Transitway at Plaza Station","routes":"BLUE"}},{"type":"Feature","geometry":{"type":"Point","coordinates":[-97.1560073651,49.822366571]},"properties":{"stop_id":"61210","stop_code":"61210","stop_name":"Northbound Southwest Transitway at Plaza Station","routes":"BLUE"}},{"type":"Feature","geometry":{"type":"Point","coordinates":[-97.1569981566,49.813854988]},"properties":{"stop_id":"61213","stop_code":"61213","stop_name":"Southbound Southwest Transitway at Chancellor Station","routes":"BLUE"}},{"type":"Feature","geometry":{"type":"Point","coordinates":[-97.1567092689,49.8156044344]},"properties":{"stop_id":"61212","stop_code":"61212","stop_name":"Northbound Southwest Transitway at Chancellor Station","routes":"BLUE"}},{"type":"Feature","geometry":{"type":"Point","coordinates":[-97.2970664878,49.8601032423]},"properties":{"stop_id":"60561","stop_code":"60561","stop_name":"Eastbound Roblin at Community","routes":"70"}},{"type":"Feature","geometry":{"type":"Point","coordinates":[-97.2996026412,49.8607881553]},"properties":{"stop_id":"60562","stop_code":"60562","stop_name":"Westbound Roblin at Elmvale","routes":"70"}},{"type":"Feature","geometry":{"type":"Point","coordinates":[-97.2116381398,49.9104551661]},"properties":{"stop_id":"21003","stop_code":"21003","stop_name":"Southbound Sherwin at Dublin","routes":"224"}},{"type":"Feature","geometry":{"type":"Point","coordinates":[-97.1988145649,49.7988170044]},"properties":{"stop_id":"61219","stop_code":"61219","stop_name":"Westbound North Town at Centre St.","routes":"676"}},{"type":"Feature","geometry":{"type":"Point","coordinates":[-97.3027349484,49.8611399461]},"properties":{"stop_id":"60565","stop_code":"60565","stop_name":"Eastbound Roblin at Berkley","routes":"70"}},{"type":"Feature","geometry":{"type":"Point","coordinates":[-97.3033355308,49.8614725668]},"properties":{"stop_id":"60566","stop_code":"60566","stop_name":"Westbound Roblin at Berkley","routes":"70"}},{"type":"Feature","geometry":{"type":"Point","coordinates":[-97.3061976957,49.8619912077]},"properties":{"stop_id":"60567","stop_code":"60567","stop_name":"Westbound Roblin at Charleswood","routes":"70"}},{"type":"Feature","geometry":{"type":"Point","coordinates":[-97.1847640492,49.7843491487]},"properties":{"stop_id":"61184","stop_code":"61184","stop_name":"Southbound John Angus at Tellier","routes":"671"}},{"type":"Feature","geometry":{"type":"Point","coordinates":[-97.1751984611,49.7882464847]},"properties":{"stop_id":"61181","stop_code":"61181","stop_name":"Westbound John Angus at Kingfisher","routes":"671"}},{"type":"Feature","geometry":{"type":"Point","coordinates":[-97.1709562984,49.7879995951]},"properties":{"stop_id":"61180","stop_code":"61180","stop_name":"Eastbound Sandusky at Bairdmore","routes":"671"}},{"type":"Feature","geometry":{"type":"Point","coordinates":[-97.1825708621,49.7865275213]},"properties":{"stop_id":"61183","stop_code":"61183","stop_name":"Westbound John Angus at Caribou","routes":"671"}},{"type":"Feature","geometry":{"type":"Point","coordinates":[-97.1789836708,49.787712445]},"properties":{"stop_id":"61182","stop_code":"61182","stop_name":"Westbound John Angus at Shipley","routes":"671"}},{"type":"Feature","geometry":{"type":"Point","coordinates":[-97.1896723795,49.7708164035]},"properties":{"stop_id":"63009","stop_code":"63009","stop_name":"Eastbound Ken Oblik at Hughes","routes":"678"}},{"type":"Feature","geometry":{"type":"Point","coordinates":[-97.2139507281,49.8395204229]},"properties":{"stop_id":"61189","stop_code":"61189","stop_name":"Northbound Seasons of Tuxedo at Ikea","routes":"664, 677"}},{"type":"Feature","geometry":{"type":"Point","coordinates":[-97.1156337942,49.8305403616]},"properties":{"stop_id":"50402","stop_code":"50402","stop_name":"Westbound Abinojii Mikanah at St. Mary's","routes":"F9"}},{"type":"Feature","geometry":{"type":"Point","coordinates":[-97.0317304136,49.831788072]},"properties":{"stop_id":"50992","stop_code":"50992","stop_name":"Eastbound Sage Creek at Charity","routes":"556"}},{"type":"Feature","geometry":{"type":"Point","coordinates":[-97.0797799894,49.945717639]},"properties":{"stop_id":"40584","stop_code":"40584","stop_name":"Eastbound Donwood at Pinecrest West","routes":"446"}},{"type":"Feature","geometry":{"type":"Point","coordinates":[-97.1631604206,49.8772332886]},"properties":{"stop_id":"10115","stop_code":"10115","stop_name":"Westbound Academy at Wellington Crescent","routes":"28, D11"}},{"type":"Feature","geometry":{"type":"Point","coordinates":[-97.2068985712,49.9477287562]},"properties":{"stop_id":"30785","stop_code":"30785","stop_name":"Southbound King Edward at Garton","routes":"332"}},{"type":"Feature","geometry":{"type":"Point","coordinates":[-97.2929151378,49.8720863208]},"properties":{"stop_id":"20517","stop_code":"20517","stop_name":"Northbound Westwood at Wordsworth","routes":"885"}},{"type":"Feature","geometry":{"type":"Point","coordinates":[-97.1188670205,49.9277756056]},"properties":{"stop_id":"31041","stop_code":"31041","stop_name":"Eastbound Matheson at Cochrane","routes":"37"}},{"type":"Feature","geometry":{"type":"Point","coordinates":[-97.0753901071,49.9442955026]},"properties":{"stop_id":"40580","stop_code":"40580","stop_name":"Westbound Donwood at Pinecrest","routes":"446"}},{"type":"Feature","geometry":{"type":"Point","coordinates":[-96.9679515396,49.8952260931]},"properties":{"stop_id":"40872","stop_code":"40872","stop_name":"Eastbound Edmund Gale at Ravenhurst","routes":"48"}},{"type":"Feature","geometry":{"type":"Point","coordinates":[-97.0788399103,49.9455221449]},"properties":{"stop_id":"40583","stop_code":"40583","stop_name":"Westbound Donwood at Pinecrest","routes":"446"}},{"type":"Feature","geometry":{"type":"Point","coordinates":[-97.1416167958,49.8096780986]},"properties":{"stop_id":"60108","stop_code":"60108","stop_name":"Northbound University at Dysart","routes":"679, 889, F9"}},{"type":"Feature","geometry":{"type":"Point","coordinates":[-97.1454885502,49.8120249835]},"properties":{"stop_id":"60109","stop_code":"60109","stop_name":"Northbound University at Markham","routes":"679, F9"}},{"type":"Feature","geometry":{"type":"Point","coordinates":[-97.1225416975,49.9289506282]},"properties":{"stop_id":"31040","stop_code":"31040","stop_name":"Eastbound Matheson at Main","routes":"37"}},{"type":"Feature","geometry":{"type":"Point","coordinates":[-97.1316919084,49.9146526823]},"properties":{"stop_id":"30087","stop_code":"30087","stop_name":"Northbound Main at Burrows","routes":"31"}},{"type":"Feature","geometry":{"type":"Point","coordinates":[-97.1396007949,49.8071540469]},"properties":{"stop_id":"60103","stop_code":"60103","stop_name":"Northbound University at Chancellor Matheson","routes":"679, 889, BLUE, F9"}},{"type":"Feature","geometry":{"type":"Point","coordinates":[-97.1294994581,49.8092309756]},"properties":{"stop_id":"60106","stop_code":"60106","stop_name":"Westbound Dafoe at U of M Station (662, 671, 672)","routes":"662, 671, 672"}},{"type":"Feature","geometry":{"type":"Point","coordinates":[-97.1412569947,49.8085479267]},"properties":{"stop_id":"60107","stop_code":"60107","stop_name":"Southbound University at Dysart","routes":"679, 889, BLUE, F9"}},{"type":"Feature","geometry":{"type":"Point","coordinates":[-97.1365298669,49.8067718075]},"properties":{"stop_id":"60105","stop_code":"60105","stop_name":"Westbound Dafoe at Agriculture","routes":"74, 662, 671, 672, 679, 889, BLUE, F8, F9"}},{"type":"Feature","geometry":{"type":"Point","coordinates":[-97.1677502598,49.8585693727]},"properties":{"stop_id":"60299","stop_code":"60299","stop_name":"Westbound Grant at Thurso","routes":"28"}},{"type":"Feature","geometry":{"type":"Point","coordinates":[-97.1670125872,49.858575683]},"properties":{"stop_id":"60292","stop_code":"60292","stop_name":"Eastbound Grant at Thurso","routes":"28"}},{"type":"Feature","geometry":{"type":"Point","coordinates":[-97.1756826991,49.8559421886]},"properties":{"stop_id":"60290","stop_code":"60290","stop_name":"Eastbound Grant at Cambridge (Park & Ride)","routes":"FX3"}},{"type":"Feature","geometry":{"type":"Point","coordinates":[-97.1706480874,49.857364898]},"properties":{"stop_id":"60291","stop_code":"60291","stop_name":"Eastbound Grant at Nathaniel","routes":"28, FX3"}},{"type":"Feature","geometry":{"type":"Point","coordinates":[-97.1636349833,49.8599523569]},"properties":{"stop_id":"60297","stop_code":"60297","stop_name":"Westbound Grant at Wilton","routes":"28, FX3"}},{"type":"Feature","geometry":{"type":"Point","coordinates":[-97.1624461626,49.8601133904]},"properties":{"stop_id":"60294","stop_code":"60294","stop_name":"Eastbound Grant at Wilton","routes":"28, FX3"}},{"type":"Feature","geometry":{"type":"Point","coordinates":[-97.1227150436,49.9291513286]},"properties":{"stop_id":"31043","stop_code":"31043","stop_name":"Westbound Matheson at Main","routes":"37"}},{"type":"Feature","geometry":{"type":"Point","coordinates":[-97.13016729,49.9180551639]},"properties":{"stop_id":"30081","stop_code":"30081","stop_name":"Northbound Main at Boyd","routes":"31, FX2"}},{"type":"Feature","geometry":{"type":"Point","coordinates":[-97.2072148271,49.8227124673]},"properties":{"stop_id":"61152","stop_code":"61152","stop_name":"Northbound Columbia Drive at Kenaston Common","routes":"650"}},{"type":"Feature","geometry":{"type":"Point","coordinates":[-97.1639827429,49.8867450733]},"properties":{"stop_id":"17020","stop_code":"17020","stop_name":"Westbound Broadway at Portage","routes":"F7"}},{"type":"Feature","geometry":{"type":"Point","coordinates":[-97.1663706073,49.9313620311]},"properties":{"stop_id":"30475","stop_code":"30475","stop_name":"Eastbound Mountain at McPhillips East","routes":"38"}},{"type":"Feature","geometry":{"type":"Point","coordinates":[-97.1387730082,49.8598790477]},"properties":{"stop_id":"10041","stop_code":"10041","stop_name":"Eastbound Rathgar at Daly","routes":"895"}},{"type":"Feature","geometry":{"type":"Point","coordinates":[-97.13822119,49.8593934337]},"properties":{"stop_id":"10042","stop_code":"10042","stop_name":"Southbound Daly at Beresford","routes":"895"}},{"type":"Feature","geometry":{"type":"Point","coordinates":[-97.1520986129,49.8964504944]},"properties":{"stop_id":"10735","stop_code":"10735","stop_name":"Northbound Balmoral at Sargent","routes":"F6"}},{"type":"Feature","geometry":{"type":"Point","coordinates":[-97.152362843,49.903021064]},"properties":{"stop_id":"10732","stop_code":"10732","stop_name":"Eastbound William at Kate","routes":"D11, D16, D18"}},{"type":"Feature","geometry":{"type":"Point","coordinates":[-97.1522460021,49.9031631193]},"properties":{"stop_id":"10733","stop_code":"10733","stop_name":"Westbound William at Kate","routes":"D11, D16, D18"}},{"type":"Feature","geometry":{"type":"Point","coordinates":[-97.1380293581,49.879944054]},"properties":{"stop_id":"10730","stop_code":"10730","stop_name":"Eastbound Stradbrook at Donald","routes":"D16"}},{"type":"Feature","geometry":{"type":"Point","coordinates":[-97.1520184194,49.7836418303]},"properties":{"stop_id":"60036","stop_code":"60036","stop_name":"Southbound Dalhousie at Baylor","routes":"662"}},{"type":"Feature","geometry":{"type":"Point","coordinates":[-97.1187789204,49.9278911091]},"properties":{"stop_id":"31042","stop_code":"31042","stop_name":"Westbound Matheson at Cochrane","routes":"37"}},{"type":"Feature","geometry":{"type":"Point","coordinates":[-97.1620231942,49.7828477233]},"properties":{"stop_id":"60742","stop_code":"60742","stop_name":"Eastbound Kirkbridge at Allendale","routes":"662, 672"}},{"type":"Feature","geometry":{"type":"Point","coordinates":[-97.1631842801,49.7855737056]},"properties":{"stop_id":"60743","stop_code":"60743","stop_name":"Eastbound Kirkbridge at Hawstead","routes":"662, 672"}},{"type":"Feature","geometry":{"type":"Point","coordinates":[-97.1569784999,49.7869232314]},"properties":{"stop_id":"60032","stop_code":"60032","stop_name":"Northbound Pembina at Newdale North","routes":"91, BLUE"}},{"type":"Feature","geometry":{"type":"Point","coordinates":[-97.158069815,49.7889195454]},"properties":{"stop_id":"60745","stop_code":"60745","stop_name":"Eastbound Kirkbridge at Pembina West","routes":"662, 672"}},{"type":"Feature","geometry":{"type":"Point","coordinates":[-97.1552048371,49.7666828096]},"properties":{"stop_id":"60746","stop_code":"60746","stop_name":"Southbound Pembina at Station","routes":"91, BLUE"}},{"type":"Feature","geometry":{"type":"Point","coordinates":[-97.1528123464,49.765322337]},"properties":{"stop_id":"60747","stop_code":"60747","stop_name":"Eastbound Lemay at Pembina","routes":"91"}},{"type":"Feature","geometry":{"type":"Point","coordinates":[-97.1483203073,49.7669506093]},"properties":{"stop_id":"60749","stop_code":"60749","stop_name":"Eastbound Lemay at La Barriere","routes":"91"}},{"type":"Feature","geometry":{"type":"Point","coordinates":[-97.1470799861,49.7860005297]},"properties":{"stop_id":"60039","stop_code":"60039","stop_name":"Northbound Dalhousie at Ryerson","routes":"662"}},{"type":"Feature","geometry":{"type":"Point","coordinates":[-97.1824367852,49.799388447]},"properties":{"stop_id":"63013","stop_code":"63013","stop_name":"Southbound Frontier at Cadboro","routes":"678"}},{"type":"Feature","geometry":{"type":"Point","coordinates":[-97.1532365444,49.8407263534]},"properties":{"stop_id":"60246","stop_code":"60246","stop_name":"Southbound Pembina at McGillivray","routes":"649, 889, F8"}},{"type":"Feature","geometry":{"type":"Point","coordinates":[-97.0842851781,49.8464957114]},"properties":{"stop_id":"50360","stop_code":"50360","stop_name":"Eastbound Willowlake at Willow Point","routes":"558"}},{"type":"Feature","geometry":{"type":"Point","coordinates":[-97.2047024487,49.8177172356]},"properties":{"stop_id":"61107","stop_code":"61107","stop_name":"Northbound Columbia at Marygrove North","routes":"74, 650, 691"}},{"type":"Feature","geometry":{"type":"Point","coordinates":[-97.1497621052,49.8872742385]},"properties":{"stop_id":"10607","stop_code":"10607","stop_name":"Northbound Osborne at York","routes":"D19, F6"}},{"type":"Feature","geometry":{"type":"Point","coordinates":[-97.2000167945,49.8997330037]},"properties":{"stop_id":"10609","stop_code":"10609","stop_name":"Northbound St James at Superstore","routes":"74, D13"}},{"type":"Feature","geometry":{"type":"Point","coordinates":[-97.1233881905,49.8935150079]},"properties":{"stop_id":"50834","stop_code":"50834","stop_name":"Southbound St Joseph at Notre Dame","routes":"888"}},{"type":"Feature","geometry":{"type":"Point","coordinates":[-97.2159076125,49.8109103511]},"properties":{"stop_id":"62046","stop_code":"62046","stop_name":"Eastbound Fleetwood at Royal Oak","routes":"649, 650"}},{"type":"Feature","geometry":{"type":"Point","coordinates":[-97.221457463,49.9252321446]},"properties":{"stop_id":"20536","stop_code":"20536","stop_name":"Eastbound Logan at Parent","routes":"881"}},{"type":"Feature","geometry":{"type":"Point","coordinates":[-97.0801942933,49.8475792921]},"properties":{"stop_id":"50363","stop_code":"50363","stop_name":"Westbound Willowlake at Pebble Beach","routes":"558"}},{"type":"Feature","geometry":{"type":"Point","coordinates":[-97.1572932537,49.8693773226]},"properties":{"stop_id":"10130","stop_code":"10130","stop_name":"Eastbound Corydon at Lilac","routes":"D19"}},{"type":"Feature","geometry":{"type":"Point","coordinates":[-97.1781903695,49.8843339971]},"properties":{"stop_id":"10131","stop_code":"10131","stop_name":"Westbound Portage at Dominion","routes":"BLUE, D14, D15, FX4"}},{"type":"Feature","geometry":{"type":"Point","coordinates":[-97.2133311473,49.925700716]},"properties":{"stop_id":"20530","stop_code":"20530","stop_name":"Westbound Logan at Bannister","routes":"881"}},{"type":"Feature","geometry":{"type":"Point","coordinates":[-97.2126079639,49.8506625252]},"properties":{"stop_id":"60839","stop_code":"60839","stop_name":"Westbound Taylor at Morpeth","routes":"664"}},{"type":"Feature","geometry":{"type":"Point","coordinates":[-97.1482820595,49.8913882828]},"properties":{"stop_id":"10138","stop_code":"10138","stop_name":"Southbound Kennedy at Portage South","routes":"D19"}},{"type":"Feature","geometry":{"type":"Point","coordinates":[-97.1952731897,49.9577933649]},"properties":{"stop_id":"31044","stop_code":"31044","stop_name":"Southbound Dr. Jose Rizal at Highwater","routes":"37, 336"}},{"type":"Feature","geometry":{"type":"Point","coordinates":[-97.2132801001,49.9255739996]},"properties":{"stop_id":"20538","stop_code":"20538","stop_name":"Eastbound Logan at Bannister","routes":"881"}},{"type":"Feature","geometry":{"type":"Point","coordinates":[-97.1949157668,49.9222309148]},"properties":{"stop_id":"10428","stop_code":"10428","stop_name":"Northbound Keewatin at Gallagher","routes":"74, 884"}},{"type":"Feature","geometry":{"type":"Point","coordinates":[-97.1603218802,49.8925876805]},"properties":{"stop_id":"10429","stop_code":"10429","stop_name":"Southbound Maryland at Ellice","routes":"889, D11"}},{"type":"Feature","geometry":{"type":"Point","coordinates":[-97.1602715395,49.9015998705]},"properties":{"stop_id":"10422","stop_code":"10422","stop_name":"Eastbound Notre Dame at McGee (HSC)","routes":"F5"}},{"type":"Feature","geometry":{"type":"Point","coordinates":[-97.1604001176,49.9018807584]},"properties":{"stop_id":"10423","stop_code":"10423","stop_name":"Westbound Notre Dame at Pearl (HSC)","routes":"F5"}},{"type":"Feature","geometry":{"type":"Point","coordinates":[-97.1600696952,49.8962896143]},"properties":{"stop_id":"10426","stop_code":"10426","stop_name":"Southbound Maryland at Sargent","routes":"889, D11"}},{"type":"Feature","geometry":{"type":"Point","coordinates":[-97.206972003,49.820630845]},"properties":{"stop_id":"61151","stop_code":"61151","stop_name":"Northbound Columbia Drive at McGillivray North","routes":"650"}},{"type":"Feature","geometry":{"type":"Point","coordinates":[-97.1597605557,49.9007552149]},"properties":{"stop_id":"10424","stop_code":"10424","stop_name":"Southbound Maryland at Notre Dame","routes":"889, D11"}},{"type":"Feature","geometry":{"type":"Point","coordinates":[-97.0807193371,49.8473181474]},"properties":{"stop_id":"50362","stop_code":"50362","stop_name":"Eastbound Willowlake at Pebble Beach","routes":"558"}},{"type":"Feature","geometry":{"type":"Point","coordinates":[-97.0674493821,49.9609029415]},"properties":{"stop_id":"40404","stop_code":"40404","stop_name":"Southbound Glenway at Glenway Loop","routes":"F8"}},{"type":"Feature","geometry":{"type":"Point","coordinates":[-97.1894003574,49.8425570818]},"properties":{"stop_id":"60635","stop_code":"60635","stop_name":"Northbound Lindenwood at Kingsborough","routes":"641"}},{"type":"Feature","geometry":{"type":"Point","coordinates":[-97.2711106261,49.8528643634]},"properties":{"stop_id":"60630","stop_code":"60630","stop_name":"Westbound Eldridge at Oakdale","routes":"885"}},{"type":"Feature","geometry":{"type":"Point","coordinates":[-97.2716014588,49.8527547583]},"properties":{"stop_id":"60631","stop_code":"60631","stop_name":"Eastbound Eldridge at Oakdale","routes":"885"}},{"type":"Feature","geometry":{"type":"Point","coordinates":[-97.1750407798,49.9585827023]},"properties":{"stop_id":"30607","stop_code":"30607","stop_name":"Eastbound Jefferson at Manila","routes":"37, 332"}},{"type":"Feature","geometry":{"type":"Point","coordinates":[-97.0778452647,49.8478821122]},"properties":{"stop_id":"50365","stop_code":"50365","stop_name":"Eastbound Willowlake at Lakewood","routes":"558"}},{"type":"Feature","geometry":{"type":"Point","coordinates":[-97.1662540144,49.9318639018]},"properties":{"stop_id":"30476","stop_code":"30476","stop_name":"Northbound McPhillips at Mountain","routes":"F5"}},{"type":"Feature","geometry":{"type":"Point","coordinates":[-97.062914039,49.9005244175]},"properties":{"stop_id":"40197","stop_code":"40197","stop_name":"Southbound Stapon at Reenders","routes":"D17"}},{"type":"Feature","geometry":{"type":"Point","coordinates":[-97.0635474895,49.8972248261]},"properties":{"stop_id":"40196","stop_code":"40196","stop_name":"Eastbound Regent at Stapon","routes":"38, 440, D10, D17, F9, FX3"}},{"type":"Feature","geometry":{"type":"Point","coordinates":[-97.064103646,49.8975939324]},"properties":{"stop_id":"40195","stop_code":"40195","stop_name":"Westbound Regent at Stapon","routes":"38, D10, D17, F9, FX3"}},{"type":"Feature","geometry":{"type":"Point","coordinates":[-97.0634108465,49.8992464338]},"properties":{"stop_id":"40194","stop_code":"40194","stop_name":"Northbound Stapon at Reenders South","routes":"D17"}},{"type":"Feature","geometry":{"type":"Point","coordinates":[-97.0623297673,49.9008564514]},"properties":{"stop_id":"40193","stop_code":"40193","stop_name":"Northbound Stapon at Reenders","routes":"D17"}},{"type":"Feature","geometry":{"type":"Point","coordinates":[-97.0785271357,49.8545408414]},"properties":{"stop_id":"50311","stop_code":"50311","stop_name":"Northbound Lakewood at Southdale Centre","routes":"551, 557, 558, D15, F9"}},{"type":"Feature","geometry":{"type":"Point","coordinates":[-97.0643452065,49.9019965666]},"properties":{"stop_id":"40199","stop_code":"40199","stop_name":"Westbound Reenders at Lagimodiere East","routes":"D17"}},{"type":"Feature","geometry":{"type":"Point","coordinates":[-97.0429028849,49.9472949642]},"properties":{"stop_id":"40863","stop_code":"40863","stop_name":"Westbound Headmaster at Tamarisk","routes":"442"}},{"type":"Feature","geometry":{"type":"Point","coordinates":[-97.3162978838,49.8868565302]},"properties":{"stop_id":"20403","stop_code":"20403","stop_name":"Southbound Buchanan at Fairlane","routes":"220, D15"}},{"type":"Feature","geometry":{"type":"Point","coordinates":[-97.3161066403,49.88875167]},"properties":{"stop_id":"20402","stop_code":"20402","stop_name":"Southbound Buchanan at Ness","routes":"220, D15"}},{"type":"Feature","geometry":{"type":"Point","coordinates":[-97.3158703373,49.8911408722]},"properties":{"stop_id":"20401","stop_code":"20401","stop_name":"Southbound Buchanan at Hamilton","routes":"220, D15"}},{"type":"Feature","geometry":{"type":"Point","coordinates":[-97.1803023895,49.88407038]},"properties":{"stop_id":"10555","stop_code":"10555","stop_name":"Westbound Portage at Wall","routes":"D14, D15"}},{"type":"Feature","geometry":{"type":"Point","coordinates":[-97.1708714209,49.8853429615]},"properties":{"stop_id":"10552","stop_code":"10552","stop_name":"Westbound Portage at Burnell","routes":"BLUE, D14, D15, FX4"}},{"type":"Feature","geometry":{"type":"Point","coordinates":[-97.1735179902,49.884934998]},"properties":{"stop_id":"10553","stop_code":"10553","stop_name":"Westbound Portage at Lipton","routes":"D14, D15"}},{"type":"Feature","geometry":{"type":"Point","coordinates":[-97.1644869745,49.8870319147]},"properties":{"stop_id":"10550","stop_code":"10550","stop_name":"Westbound Portage at Broadway","routes":"BLUE, FX4"}},{"type":"Feature","geometry":{"type":"Point","coordinates":[-97.3165170981,49.8845570261]},"properties":{"stop_id":"20404","stop_code":"20404","stop_name":"Southbound Buchanan at Livinia","routes":"220, D15"}},{"type":"Feature","geometry":{"type":"Point","coordinates":[-97.1779215766,49.8037970008]},"properties":{"stop_id":"61157","stop_code":"61157","stop_name":"Westbound Bridgeland at Highland Creek","routes":"74, 676"}},{"type":"Feature","geometry":{"type":"Point","coordinates":[-97.3202001994,49.8791146371]},"properties":{"stop_id":"20408","stop_code":"20408","stop_name":"Northbound St Charles at Allard","routes":"220"}},{"type":"Feature","geometry":{"type":"Point","coordinates":[-97.1890694477,49.8826697112]},"properties":{"stop_id":"10558","stop_code":"10558","stop_name":"Westbound Portage at Valour","routes":"BLUE, D15, FX4"}},{"type":"Feature","geometry":{"type":"Point","coordinates":[-97.2088933467,49.9052136631]},"properties":{"stop_id":"21006","stop_code":"21006","stop_name":"Northbound Berry at Saskatchewan","routes":"224"}},{"type":"Feature","geometry":{"type":"Point","coordinates":[-97.2075743647,49.8573669316]},"properties":{"stop_id":"67001","stop_code":"67001","stop_name":"Westbound Grant at Kenaston West","routes":"FX3"}},{"type":"Feature","geometry":{"type":"Point","coordinates":[-97.1637472534,49.9347565301]},"properties":{"stop_id":"30462","stop_code":"30462","stop_name":"Northbound McPhillips at Machray","routes":"F5"}},{"type":"Feature","geometry":{"type":"Point","coordinates":[-97.1637587058,49.935188469]},"properties":{"stop_id":"30463","stop_code":"30463","stop_name":"Southbound McPhillips at Machray","routes":"F5"}},{"type":"Feature","geometry":{"type":"Point","coordinates":[-97.1635691714,49.9306430151]},"properties":{"stop_id":"30468","stop_code":"30468","stop_name":"Westbound Mountain at Radford","routes":"38"}},{"type":"Feature","geometry":{"type":"Point","coordinates":[-97.0437294924,49.9471919983]},"properties":{"stop_id":"40862","stop_code":"40862","stop_name":"Eastbound Headmaster at Vintage Hills","routes":"442"}},{"type":"Feature","geometry":{"type":"Point","coordinates":[-97.0731686016,49.9563028638]},"properties":{"stop_id":"40408","stop_code":"40408","stop_name":"Southbound Henderson at Strood North","routes":"F8"}},{"type":"Feature","geometry":{"type":"Point","coordinates":[-97.038005799,49.9014181769]},"properties":{"stop_id":"41020","stop_code":"41020","stop_name":"Eastbound Transcona at Edward Schreyer","routes":"48"}},{"type":"Feature","geometry":{"type":"Point","coordinates":[-97.0383024881,49.9016570782]},"properties":{"stop_id":"41021","stop_code":"41021","stop_name":"Westbound Transcona at Edward Schreyer","routes":"48"}},{"type":"Feature","geometry":{"type":"Point","coordinates":[-97.0501012202,49.9029628371]},"properties":{"stop_id":"41024","stop_code":"41024","stop_name":"Westbound El Tassi at Peguis","routes":"442"}},{"type":"Feature","geometry":{"type":"Point","coordinates":[-97.0572275283,49.9048007249]},"properties":{"stop_id":"41026","stop_code":"41026","stop_name":"Westbound El Tassi at Art Miki","routes":"442"}},{"type":"Feature","geometry":{"type":"Point","coordinates":[-97.0576639413,49.9064181678]},"properties":{"stop_id":"41027","stop_code":"41027","stop_name":"Northbound Art Miki at Ravelston","routes":"442"}},{"type":"Feature","geometry":{"type":"Point","coordinates":[-97.054811012,49.9084391292]},"properties":{"stop_id":"41028","stop_code":"41028","stop_name":"Northbound Philip Lee at Golden Boy","routes":"442"}},{"type":"Feature","geometry":{"type":"Point","coordinates":[-97.0519317611,49.9086875472]},"properties":{"stop_id":"41029","stop_code":"41029","stop_name":"Eastbound Prairie Crocus at Angela Everts","routes":"442"}},{"type":"Feature","geometry":{"type":"Point","coordinates":[-97.0754440642,49.8442441435]},"properties":{"stop_id":"50367","stop_code":"50367","stop_name":"Southbound Lakewood at Beaverhill","routes":"D15, F9"}},{"type":"Feature","geometry":{"type":"Point","coordinates":[-97.2233947177,49.9464358576]},"properties":{"stop_id":"30868","stop_code":"30868","stop_name":"Southbound Inksbrook at Inkster","routes":"336, 881"}},{"type":"Feature","geometry":{"type":"Point","coordinates":[-97.0909212941,49.9579551471]},"properties":{"stop_id":"30929","stop_code":"30929","stop_name":"Eastbound Red River at Main","routes":"31"}},{"type":"Feature","geometry":{"type":"Point","coordinates":[-97.1146728823,49.9142058826]},"properties":{"stop_id":"40370","stop_code":"40370","stop_name":"Northbound Henderson at Johnson","routes":"38, F8"}},{"type":"Feature","geometry":{"type":"Point","coordinates":[-97.12469142,49.9618710524]},"properties":{"stop_id":"30984","stop_code":"30984","stop_name":"Eastbound North Point at Aquila","routes":"330"}},{"type":"Feature","geometry":{"type":"Point","coordinates":[-97.2012906276,49.9444755924]},"properties":{"stop_id":"30649","stop_code":"30649","stop_name":"Eastbound Kinver at Kairistine","routes":"332"}},{"type":"Feature","geometry":{"type":"Point","coordinates":[-97.1096424549,49.921373836]},"properties":{"stop_id":"40375","stop_code":"40375","stop_name":"Northbound Henderson at Munroe","routes":"F8"}},{"type":"Feature","geometry":{"type":"Point","coordinates":[-97.0571214338,49.8405107882]},"properties":{"stop_id":"51019","stop_code":"51019","stop_name":"Eastbound Abinojii Mikanah at De La Seigneurie","routes":"D15"}},{"type":"Feature","geometry":{"type":"Point","coordinates":[-97.1136128097,49.9242360406]},"properties":{"stop_id":"30860","stop_code":"30860","stop_name":"Southbound Scotia at Inkster","routes":"37"}},{"type":"Feature","geometry":{"type":"Point","coordinates":[-97.1533349035,49.9271611116]},"properties":{"stop_id":"30317","stop_code":"30317","stop_name":"Eastbound Mountain at Sinclair","routes":"38"}},{"type":"Feature","geometry":{"type":"Point","coordinates":[-97.1040732754,49.9273184227]},"properties":{"stop_id":"40379","stop_code":"40379","stop_name":"Northbound Henderson at Kimberly","routes":"F8"}},{"type":"Feature","geometry":{"type":"Point","coordinates":[-97.2243611526,49.9375907188]},"properties":{"stop_id":"30863","stop_code":"30863","stop_name":"Northbound Oak Point at Eagle","routes":"881"}},{"type":"Feature","geometry":{"type":"Point","coordinates":[-97.1567464289,49.9191829644]},"properties":{"stop_id":"30312","stop_code":"30312","stop_name":"Southbound Arlington at Selkirk","routes":"28"}},{"type":"Feature","geometry":{"type":"Point","coordinates":[-97.1073153221,49.8594588303]},"properties":{"stop_id":"50543","stop_code":"50543","stop_name":"Southbound St Anne's at Sherwood","routes":"F7"}},{"type":"Feature","geometry":{"type":"Point","coordinates":[-97.1556622812,49.9205779107]},"properties":{"stop_id":"30310","stop_code":"30310","stop_name":"Southbound Arlington at Manitoba","routes":"28"}},{"type":"Feature","geometry":{"type":"Point","coordinates":[-97.2248751386,49.949390886]},"properties":{"stop_id":"30867","stop_code":"30867","stop_name":"Westbound Meridian at Inksbrook","routes":"336, 881"}},{"type":"Feature","geometry":{"type":"Point","coordinates":[-97.1733160969,49.8519200559]},"properties":{"stop_id":"62070","stop_code":"62070","stop_name":"Westbound Taylor at Poseidon","routes":"664"}},{"type":"Feature","geometry":{"type":"Point","coordinates":[-97.0870594417,49.9442280269]},"properties":{"stop_id":"40392","stop_code":"40392","stop_name":"Northbound Henderson at Sutton","routes":"330, D10, F8"}},{"type":"Feature","geometry":{"type":"Point","coordinates":[-97.2195828748,49.841433189]},"properties":{"stop_id":"62072","stop_code":"62072","stop_name":"Southbound Seasons of Tuxedo at Sterling Lyon South","routes":"664, 677"}},{"type":"Feature","geometry":{"type":"Point","coordinates":[-97.2135365694,49.8424554072]},"properties":{"stop_id":"62073","stop_code":"62073","stop_name":"Northbound Outlet Collection at Sterling Lyon","routes":"664, 677"}},{"type":"Feature","geometry":{"type":"Point","coordinates":[-97.1968296515,49.7845378234]},"properties":{"stop_id":"62074","stop_code":"62074","stop_name":"Southbound Bridge Lake at Del Monica","routes":"671, 678"}},{"type":"Feature","geometry":{"type":"Point","coordinates":[-97.1952797358,49.7780191713]},"properties":{"stop_id":"62075","stop_code":"62075","stop_name":"Southbound Eaglewood at Waverley","routes":"671, 672, 678"}},{"type":"Feature","geometry":{"type":"Point","coordinates":[-97.1844966197,49.7799823093]},"properties":{"stop_id":"62076","stop_code":"62076","stop_name":"Northbound Waverley at Payworks","routes":"671, 672"}},{"type":"Feature","geometry":{"type":"Point","coordinates":[-97.2092210292,49.841426248]},"properties":{"stop_id":"62077","stop_code":"62077","stop_name":"Eastbound Sterling Lyon at Kenaston","routes":"677"}},{"type":"Feature","geometry":{"type":"Point","coordinates":[-97.1951193439,49.7782235574]},"properties":{"stop_id":"62078","stop_code":"62078","stop_name":"Northbound Eaglewood at Waverley","routes":"671, 672, 678"}},{"type":"Feature","geometry":{"type":"Point","coordinates":[-97.1997002078,49.7798061125]},"properties":{"stop_id":"62079","stop_code":"62079","stop_name":"Eastbound Skyline at Highpark","routes":"672, 678"}},{"type":"Feature","geometry":{"type":"Point","coordinates":[-97.0927782453,49.9589482083]},"properties":{"stop_id":"30792","stop_code":"30792","stop_name":"Westbound Red River at Main","routes":"31"}},{"type":"Feature","geometry":{"type":"Point","coordinates":[-97.3189451945,49.8811832388]},"properties":{"stop_id":"20248","stop_code":"20248","stop_name":"Eastbound Portage at St. Charles","routes":"70, 220, 223"}},{"type":"Feature","geometry":{"type":"Point","coordinates":[-97.096902559,49.9632616859]},"properties":{"stop_id":"30796","stop_code":"30796","stop_name":"Northbound Vince Leah at Ferngrove","routes":"31"}},{"type":"Feature","geometry":{"type":"Point","coordinates":[-97.0948371399,49.9625980773]},"properties":{"stop_id":"30797","stop_code":"30797","stop_name":"Northbound Red Maple at Vince Leah","routes":"31"}},{"type":"Feature","geometry":{"type":"Point","coordinates":[-97.1318516048,49.9090783568]},"properties":{"stop_id":"30113","stop_code":"30113","stop_name":"Eastbound Euclid at Main","routes":"31, D17"}},{"type":"Feature","geometry":{"type":"Point","coordinates":[-97.0987779937,49.9620242014]},"properties":{"stop_id":"30795","stop_code":"30795","stop_name":"Northbound Vince Leah at Spruce Thicket","routes":"31"}},{"type":"Feature","geometry":{"type":"Point","coordinates":[-97.1710638171,49.9052968962]},"properties":{"stop_id":"10414","stop_code":"10414","stop_name":"Westbound Notre Dame at McPhillips","routes":"D16, D18, F5"}},{"type":"Feature","geometry":{"type":"Point","coordinates":[-97.3043171739,49.8831107283]},"properties":{"stop_id":"20240","stop_code":"20240","stop_name":"Westbound Portage at Raquette","routes":"22, 223"}},{"type":"Feature","geometry":{"type":"Point","coordinates":[-97.3121973832,49.8822813977]},"properties":{"stop_id":"20243","stop_code":"20243","stop_name":"Westbound Portage at Knox","routes":"22, 223, 885"}},{"type":"Feature","geometry":{"type":"Point","coordinates":[-97.0897033078,49.9619558144]},"properties":{"stop_id":"30799","stop_code":"30799","stop_name":"Eastbound Fernbank at Riverstone","routes":"31"}},{"type":"Feature","geometry":{"type":"Point","coordinates":[-97.312535359,49.8841662567]},"properties":{"stop_id":"20245","stop_code":"20245","stop_name":"Eastbound Unicity at Unicity Hub","routes":"BLUE"}},{"type":"Feature","geometry":{"type":"Point","coordinates":[-97.3187119662,49.8814856789]},"properties":{"stop_id":"20247","stop_code":"20247","stop_name":"Westbound Portage at Stewart","routes":"70, 220, 223"}},{"type":"Feature","geometry":{"type":"Point","coordinates":[-97.3164053409,49.8817669848]},"properties":{"stop_id":"20246","stop_code":"20246","stop_name":"Westbound Portage at Buchanan","routes":"70, 220, 223, D15"}},{"type":"Feature","geometry":{"type":"Point","coordinates":[-97.1492768704,49.9166981304]},"properties":{"stop_id":"30262","stop_code":"30262","stop_name":"Southbound McGregor at Selkirk","routes":"F6"}},{"type":"Feature","geometry":{"type":"Point","coordinates":[-97.1486835356,49.9169135192]},"properties":{"stop_id":"30260","stop_code":"30260","stop_name":"Westbound Selkirk at McGregor","routes":"D17"}},{"type":"Feature","geometry":{"type":"Point","coordinates":[-97.0609589204,49.9381629799]},"properties":{"stop_id":"40752","stop_code":"40752","stop_name":"Eastbound Donwood at Bret","routes":"446"}},{"type":"Feature","geometry":{"type":"Point","coordinates":[-96.9637857067,49.9058661207]},"properties":{"stop_id":"40755","stop_code":"40755","stop_name":"Northbound Alex Taylor at Foxborough East","routes":"48"}},{"type":"Feature","geometry":{"type":"Point","coordinates":[-97.1430942958,49.9409215393]},"properties":{"stop_id":"30915","stop_code":"30915","stop_name":"Southbound Sinclair at Jefferson","routes":"28"}},{"type":"Feature","geometry":{"type":"Point","coordinates":[-97.0979038117,49.8156511298]},"properties":{"stop_id":"51011","stop_code":"51011","stop_name":"Southbound Dakota at Southglen","routes":"F6"}},{"type":"Feature","geometry":{"type":"Point","coordinates":[-97.0923623085,49.9490108988]},"properties":{"stop_id":"40759","stop_code":"40759","stop_name":"Eastbound Chief Peguis at Kildonan Bridge","routes":"330, D10"}},{"type":"Feature","geometry":{"type":"Point","coordinates":[-97.0943253403,49.949780811]},"properties":{"stop_id":"40758","stop_code":"40758","stop_name":"Westbound Chief Peguis at Kildonan Bridge","routes":"330, D10"}},{"type":"Feature","geometry":{"type":"Point","coordinates":[-97.120611856,49.849915839]},"properties":{"stop_id":"57006","stop_code":"57006","stop_name":"Southbound Dunkirk at Fermor","routes":"F6"}},{"type":"Feature","geometry":{"type":"Point","coordinates":[-97.112994481,49.8719018187]},"properties":{"stop_id":"51013","stop_code":"51013","stop_name":"Westbound Carriere at St. Mary's","routes":"F7"}},{"type":"Feature","geometry":{"type":"Point","coordinates":[-97.1489989486,49.7648116195]},"properties":{"stop_id":"60755","stop_code":"60755","stop_name":"Westbound De L'eglise at Campeau","routes":"91"}},{"type":"Feature","geometry":{"type":"Point","coordinates":[-97.0600393317,49.8857423103]},"properties":{"stop_id":"51014","stop_code":"51014","stop_name":"Eastbound Dugald at Terracon","routes":"886, D14"}},{"type":"Feature","geometry":{"type":"Point","coordinates":[-97.3004610443,49.8914374379]},"properties":{"stop_id":"20350","stop_code":"20350","stop_name":"Northbound Cavalier at Hillary","routes":"223, D15"}},{"type":"Feature","geometry":{"type":"Point","coordinates":[-97.0723423363,49.9427786147]},"properties":{"stop_id":"40579","stop_code":"40579","stop_name":"Eastbound Donwood at Claudia","routes":"446"}},{"type":"Feature","geometry":{"type":"Point","coordinates":[-97.0719926762,49.9428087728]},"properties":{"stop_id":"40578","stop_code":"40578","stop_name":"Westbound Donwood at Honeywood","routes":"446"}},{"type":"Feature","geometry":{"type":"Point","coordinates":[-97.0753513776,49.8444764757]},"properties":{"stop_id":"50368","stop_code":"50368","stop_name":"Northbound Lakewood at Beaverhill","routes":"D15, F9"}},{"type":"Feature","geometry":{"type":"Point","coordinates":[-97.0438264534,49.8859371679]},"properties":{"stop_id":"51016","stop_code":"51016","stop_name":"Westbound Dugald at Beghin","routes":"886, D14"}},{"type":"Feature","geometry":{"type":"Point","coordinates":[-97.0609934856,49.9383434594]},"properties":{"stop_id":"40571","stop_code":"40571","stop_name":"Westbound Donwood at Callum","routes":"446"}},{"type":"Feature","geometry":{"type":"Point","coordinates":[-97.063711467,49.9355555126]},"properties":{"stop_id":"40570","stop_code":"40570","stop_name":"Southbound Raleigh at Springfield South","routes":"446"}},{"type":"Feature","geometry":{"type":"Point","coordinates":[-97.063760379,49.9395501235]},"properties":{"stop_id":"40573","stop_code":"40573","stop_name":"Westbound Donwood at Edelweiss East","routes":"446"}},{"type":"Feature","geometry":{"type":"Point","coordinates":[-97.0593907065,49.8859473192]},"properties":{"stop_id":"51017","stop_code":"51017","stop_name":"Westbound Dugald at Terracon","routes":"886, D14"}},{"type":"Feature","geometry":{"type":"Point","coordinates":[-97.0666280427,49.9410282537]},"properties":{"stop_id":"40575","stop_code":"40575","stop_name":"Westbound Donwood at Quiring","routes":"446"}},{"type":"Feature","geometry":{"type":"Point","coordinates":[-97.0656299904,49.9405438422]},"properties":{"stop_id":"40574","stop_code":"40574","stop_name":"Eastbound Donwood at Edelweiss West","routes":"446"}},{"type":"Feature","geometry":{"type":"Point","coordinates":[-97.0687107474,49.9415757289]},"properties":{"stop_id":"40577","stop_code":"40577","stop_name":"Eastbound Donwood at Reinhard","routes":"446"}},{"type":"Feature","geometry":{"type":"Point","coordinates":[-97.0688153464,49.9417483789]},"properties":{"stop_id":"40576","stop_code":"40576","stop_name":"Westbound Donwood at Mattinee","routes":"446"}},{"type":"Feature","geometry":{"type":"Point","coordinates":[-97.124240019,49.8952468656]},"properties":{"stop_id":"50831","stop_code":"50831","stop_name":"Northbound St Joseph at Aubert","routes":"888"}},{"type":"Feature","geometry":{"type":"Point","coordinates":[-97.0650946564,49.839726886]},"properties":{"stop_id":"50730","stop_code":"50730","stop_name":"Northbound Island Shore at Waterfront","routes":"557"}},{"type":"Feature","geometry":{"type":"Point","coordinates":[-97.1381975247,49.8234396514]},"properties":{"stop_id":"50736","stop_code":"50736","stop_name":"Northbound River at Abinojii Mikanah","routes":"676"}},{"type":"Feature","geometry":{"type":"Point","coordinates":[-97.11482804,49.8015448568]},"properties":{"stop_id":"50737","stop_code":"50737","stop_name":"Eastbound Burland at St. Mary's","routes":"676"}},{"type":"Feature","geometry":{"type":"Point","coordinates":[-97.123297027,49.8937114208]},"properties":{"stop_id":"50830","stop_code":"50830","stop_name":"Northbound St Joseph at Notre Dame","routes":"888"}},{"type":"Feature","geometry":{"type":"Point","coordinates":[-97.1034466495,49.8928661846]},"properties":{"stop_id":"50738","stop_code":"50738","stop_name":"Westbound Plinguet at Archibald","routes":"886, 887"}},{"type":"Feature","geometry":{"type":"Point","coordinates":[-97.100370707,49.8935443464]},"properties":{"stop_id":"50739","stop_code":"50739","stop_name":"Westbound Plinguet at Dawson","routes":"886, 887"}},{"type":"Feature","geometry":{"type":"Point","coordinates":[-97.1243833588,49.8951412478]},"properties":{"stop_id":"50833","stop_code":"50833","stop_name":"Southbound St Joseph at Aubert","routes":"888"}},{"type":"Feature","geometry":{"type":"Point","coordinates":[-97.1828917044,49.8020851319]},"properties":{"stop_id":"61158","stop_code":"61158","stop_name":"Westbound Bridgeland at Maple Creek","routes":"74, 676"}},{"type":"Feature","geometry":{"type":"Point","coordinates":[-97.1394776584,49.8947731636]},"properties":{"stop_id":"10646","stop_code":"10646","stop_name":"Northbound Fort at Portage","routes":"D12, D13, D16"}},{"type":"Feature","geometry":{"type":"Point","coordinates":[-97.0909931991,49.8344091592]},"properties":{"stop_id":"50832","stop_code":"50832","stop_name":"Southbound St Anne's at Meadowood","routes":"F7"}},{"type":"Feature","geometry":{"type":"Point","coordinates":[-97.1322212394,49.914292428]},"properties":{"stop_id":"30088","stop_code":"30088","stop_name":"Southbound Main at Magnus","routes":"31"}},{"type":"Feature","geometry":{"type":"Point","coordinates":[-97.1287567697,49.8983512896]},"properties":{"stop_id":"57004","stop_code":"57004","stop_name":"Westbound Messager at Tache","routes":"888"}},{"type":"Feature","geometry":{"type":"Point","coordinates":[-97.2066654124,49.9337380777]},"properties":{"stop_id":"31030","stop_code":"31030","stop_name":"Northbound King Edward at Manitoba","routes":"833, D17"}},{"type":"Feature","geometry":{"type":"Point","coordinates":[-97.1126317753,49.8019138315]},"properties":{"stop_id":"50988","stop_code":"50988","stop_name":"Northbound Aldgate at Burland","routes":"552"}},{"type":"Feature","geometry":{"type":"Point","coordinates":[-97.1290319126,49.9167955121]},"properties":{"stop_id":"30082","stop_code":"30082","stop_name":"Westbound Redwood at Main","routes":"38"}},{"type":"Feature","geometry":{"type":"Point","coordinates":[-97.1310635143,49.9175749097]},"properties":{"stop_id":"30083","stop_code":"30083","stop_name":"Southbound Main at Redwood","routes":"31, FX2"}},{"type":"Feature","geometry":{"type":"Point","coordinates":[-97.206671374,49.9365805607]},"properties":{"stop_id":"31031","stop_code":"31031","stop_name":"Northbound King Edward at Herman","routes":"833, D17"}},{"type":"Feature","geometry":{"type":"Point","coordinates":[-97.1751429718,49.9341181349]},"properties":{"stop_id":"30688","stop_code":"30688","stop_name":"Westbound Mountain at Bentall East","routes":"38"}},{"type":"Feature","geometry":{"type":"Point","coordinates":[-97.1054642117,49.8961014613]},"properties":{"stop_id":"51027","stop_code":"51027","stop_name":"Northbound Archibald at Provencher","routes":"551, 886, 887"}},{"type":"Feature","geometry":{"type":"Point","coordinates":[-97.0857270892,49.8194981305]},"properties":{"stop_id":"50781","stop_code":"50781","stop_name":"Eastbound Southglen at Simon","routes":"552, 558"}},{"type":"Feature","geometry":{"type":"Point","coordinates":[-97.0887585092,49.8184238498]},"properties":{"stop_id":"50780","stop_code":"50780","stop_name":"Eastbound Southglen at Ashworth","routes":"552, 558"}},{"type":"Feature","geometry":{"type":"Point","coordinates":[-97.1886016893,49.8032540748]},"properties":{"stop_id":"61159","stop_code":"61159","stop_name":"Northbound Bridgeland at Oak Lawn","routes":"678"}},{"type":"Feature","geometry":{"type":"Point","coordinates":[-97.0686587046,49.9599516586]},"properties":{"stop_id":"40405","stop_code":"40405","stop_name":"Southbound Henderson at Knowles","routes":"F8"}},{"type":"Feature","geometry":{"type":"Point","coordinates":[-97.0768206009,49.8326902661]},"properties":{"stop_id":"50930","stop_code":"50930","stop_name":"Southbound Shorehill at John Bruce","routes":"558"}},{"type":"Feature","geometry":{"type":"Point","coordinates":[-97.052828478,49.9434775165]},"properties":{"stop_id":"40401","stop_code":"40401","stop_name":"Southbound Gateway at McIvor","routes":"442, FX4"}},{"type":"Feature","geometry":{"type":"Point","coordinates":[-97.082658678,49.9199046652]},"properties":{"stop_id":"40400","stop_code":"40400","stop_name":"Southbound Gateway at Bronx","routes":"442, FX4"}},{"type":"Feature","geometry":{"type":"Point","coordinates":[-97.0525198644,49.9435262961]},"properties":{"stop_id":"40402","stop_code":"40402","stop_name":"Northbound Gateway at McIvor","routes":"442, FX4"}},{"type":"Feature","geometry":{"type":"Point","coordinates":[-97.1347440192,49.8882565476]},"properties":{"stop_id":"10641","stop_code":"10641","stop_name":"Southbound Main at Broadway (Union Station)","routes":"BLUE, D14, D15, FX2, FX3"}},{"type":"Feature","geometry":{"type":"Point","coordinates":[-97.075814317,49.9542870051]},"properties":{"stop_id":"40409","stop_code":"40409","stop_name":"Southbound Henderson at McIvor North","routes":"F8"}},{"type":"Feature","geometry":{"type":"Point","coordinates":[-97.0962816988,49.8300616809]},"properties":{"stop_id":"50424","stop_code":"50424","stop_name":"Southbound Ashworth at Wales","routes":"552"}},{"type":"Feature","geometry":{"type":"Point","coordinates":[-97.2225755871,49.8842144105]},"properties":{"stop_id":"20190","stop_code":"20190","stop_name":"Eastbound Ness at Sackville","routes":"D15"}},{"type":"Feature","geometry":{"type":"Point","coordinates":[-97.1921883096,49.8498506686]},"properties":{"stop_id":"60410","stop_code":"60410","stop_name":"Eastbound Taylor at Campbell","routes":"664"}},{"type":"Feature","geometry":{"type":"Point","coordinates":[-97.1459199132,49.9555386198]},"properties":{"stop_id":"30884","stop_code":"30884","stop_name":"Southbound McPhillips at Court","routes":"28, 330, 336"}},{"type":"Feature","geometry":{"type":"Point","coordinates":[-97.0892167586,49.8099669571]},"properties":{"stop_id":"50933","stop_code":"50933","stop_name":"Eastbound John Forsyth at Baisinger","routes":"552, 676"}},{"type":"Feature","geometry":{"type":"Point","coordinates":[-97.195048267,49.9529955844]},"properties":{"stop_id":"30882","stop_code":"30882","stop_name":"Northbound Dr Jose Rizal at Santa Fe","routes":"334, 884"}},{"type":"Feature","geometry":{"type":"Point","coordinates":[-97.1953067887,49.9527927305]},"properties":{"stop_id":"30883","stop_code":"30883","stop_name":"Southbound Dr Jose Rizal at Santa Fe","routes":"334, 884"}},{"type":"Feature","geometry":{"type":"Point","coordinates":[-97.2068678248,49.9331655378]},"properties":{"stop_id":"30881","stop_code":"30881","stop_name":"Southbound King Edward at Manitoba","routes":"D17"}},{"type":"Feature","geometry":{"type":"Point","coordinates":[-96.9670794785,49.9066976083]},"properties":{"stop_id":"40727","stop_code":"40727","stop_name":"Southbound Alex Taylor at Foxborough West","routes":"48"}},{"type":"Feature","geometry":{"type":"Point","coordinates":[-97.1988012418,49.8500886929]},"properties":{"stop_id":"60412","stop_code":"60412","stop_name":"Westbound Taylor at Lanark","routes":"664"}},{"type":"Feature","geometry":{"type":"Point","coordinates":[-97.0791217932,49.9514005565]},"properties":{"stop_id":"40395","stop_code":"40395","stop_name":"Northbound Henderson at Fortier","routes":"F8"}},{"type":"Feature","geometry":{"type":"Point","coordinates":[-97.0830317838,49.8103054049]},"properties":{"stop_id":"50938","stop_code":"50938","stop_name":"Westbound John Forsyth at Ashworth","routes":"676"}},{"type":"Feature","geometry":{"type":"Point","coordinates":[-97.1720030724,49.9427037462]},"properties":{"stop_id":"30569","stop_code":"30569","stop_name":"Eastbound Inkster at Milner","routes":"334"}},{"type":"Feature","geometry":{"type":"Point","coordinates":[-97.0460945973,49.833884555]},"properties":{"stop_id":"57002","stop_code":"57002","stop_name":"Westbound Sage Creek at Burning Glass","routes":"556, D15"}},{"type":"Feature","geometry":{"type":"Point","coordinates":[-97.137911522,49.8258187562]},"properties":{"stop_id":"50398","stop_code":"50398","stop_name":"Southbound River at St. Michael","routes":"676"}},{"type":"Feature","geometry":{"type":"Point","coordinates":[-97.1379708139,49.8253609593]},"properties":{"stop_id":"50399","stop_code":"50399","stop_name":"Northbound River at St. Michael","routes":"676"}},{"type":"Feature","geometry":{"type":"Point","coordinates":[-97.0882584111,49.8057143922]},"properties":{"stop_id":"50429","stop_code":"50429","stop_name":"Westbound Aldgate at Everingham","routes":"552"}},{"type":"Feature","geometry":{"type":"Point","coordinates":[-97.0946629492,49.828083089]},"properties":{"stop_id":"50426","stop_code":"50426","stop_name":"Southbound Ashworth at Woodydell","routes":"552"}},{"type":"Feature","geometry":{"type":"Point","coordinates":[-97.0919024602,49.8091837259]},"properties":{"stop_id":"50931","stop_code":"50931","stop_name":"Westbound John Forsyth at Dakota","routes":"676"}},{"type":"Feature","geometry":{"type":"Point","coordinates":[-97.0916726812,49.8090180228]},"properties":{"stop_id":"50932","stop_code":"50932","stop_name":"Eastbound John Forsyth at Dakota","routes":"552, 676"}},{"type":"Feature","geometry":{"type":"Point","coordinates":[-97.0829234971,49.8102316491]},"properties":{"stop_id":"50937","stop_code":"50937","stop_name":"Eastbound John Forsyth at Ashworth","routes":"552, 676"}},{"type":"Feature","geometry":{"type":"Point","coordinates":[-97.0893941553,49.8100508435]},"properties":{"stop_id":"50934","stop_code":"50934","stop_name":"Westbound John Forsyth at Baisinger","routes":"676"}},{"type":"Feature","geometry":{"type":"Point","coordinates":[-97.0863549322,49.8102794633]},"properties":{"stop_id":"50935","stop_code":"50935","stop_name":"Eastbound John Forsyth at Everden","routes":"552, 676"}},{"type":"Feature","geometry":{"type":"Point","coordinates":[-97.0864735699,49.810443339]},"properties":{"stop_id":"50936","stop_code":"50936","stop_name":"Westbound John Forsyth at Everden","routes":"676"}},{"type":"Feature","geometry":{"type":"Point","coordinates":[-97.0940999199,49.8109200358]},"properties":{"stop_id":"50421","stop_code":"50421","stop_name":"Southbound Dakota at Warde","routes":"F6"}}],"_meta":{"source":"https://gtfs.winnipegtransit.com/google_transit.zip","generated_at":"2026-06-08T01:23:10.990Z","stop_count":3882}}