{"type":"FeatureCollection","features":[{"type":"Feature","geometry":{"type":"Polygon","coordinates":[[[-97.23437005304686,49.81439734446523],[-97.23441521532915,49.81439743761267],[-97.23450303042294,49.81439769172471],[-97.25369981996246,49.81444163295073],[-97.25369581585798,49.81240109180468],[-97.27653493367588,49.81246437947176],[-97.27653285516256,49.8106541071588],[-97.29937696483557,49.810705819085584],[-97.2993626940467,49.80890286142046],[-97.30437007712361,49.8089127776415],[-97.31318164205314,49.808928796655955],[-97.31610678250632,49.80893426818207],[-97.32628268802597,49.80895780713753],[-97.32838934473146,49.80896446548466],[-97.34319157860384,49.8090101696459],[-97.34915063684055,49.809020171925575],[-97.34912671606503,49.809291409980034],[-97.3489163851699,49.81167620599516],[-97.34812384393184,49.82065987218702],[-97.34733096868342,49.82964351654564],[-97.34666646175012,49.83716975621668],[-97.34583422414258,49.837206304151444],[-97.34508608210548,49.837239153632446],[-97.3441510161179,49.83728020372401],[-97.34260756825115,49.8373479463354],[-97.34246695805966,49.837354117072316],[-97.34232634786727,49.837360286739205],[-97.34078289549169,49.83742800499396],[-97.33909608028601,49.83750198911188],[-97.3374090488065,49.83757595817713],[-97.33572222447026,49.837649893974685],[-97.33403518531543,49.837723812934954],[-97.3323530012785,49.837797495670614],[-97.33115756434134,49.83784984229383],[-97.33067005364586,49.8378711861744],[-97.32898858070386,49.837944788059744],[-97.32812444226396,49.8379826036304],[-97.32738818951223,49.83801481799679],[-97.32537877803603,49.83810271181815],[-97.32567141083605,49.83527480043069],[-97.32537877803603,49.83810271181806],[-97.32528570419908,49.838994947419664],[-97.32527148602969,49.83913124657142],[-97.32527148602968,49.83913124657142],[-97.32525726777091,49.83926754571741],[-97.32440964536681,49.84739147003596],[-97.3243953328444,49.847528163352905],[-97.32439533283979,49.84752816335273],[-97.32438102023174,49.84766485666428],[-97.32363389787113,49.85479907898885],[-97.3236083762842,49.85531531164331],[-97.3236393602472,49.85583141928612],[-97.32372669654902,49.8563448198299],[-97.32589849937547,49.86596914176702],[-97.3258984993755,49.865969141767025],[-97.32590584033329,49.86600190744527],[-97.32641751920298,49.868268665882084],[-97.3265077437051,49.86866834303009],[-97.32615284701707,49.86875968385753],[-97.32553790162511,49.868971567826875],[-97.32480516069771,49.869366492486364],[-97.32402343932216,49.86982577221276],[-97.32331407402569,49.87037556172575],[-97.32294924824473,49.87078741543976],[-97.32249431611405,49.87141292038482],[-97.3221309242381,49.87178296291576],[-97.32162932555846,49.872146355477305],[-97.32107620295731,49.872388159239115],[-97.32037283384753,49.872555743866215],[-97.3195101547274,49.87265129907147],[-97.31863400214847,49.87266880334183],[-97.31770504974851,49.872601875958814],[-97.31684488750498,49.87246971021313],[-97.31595923188708,49.87219192680266],[-97.315250714374,49.871835376486615],[-97.31350262131437,49.87082115472237],[-97.31292279397118,49.87038396545624],[-97.31279361036957,49.870186873396285],[-97.31266674493196,49.86999331642563],[-97.31255458213843,49.869652400666226],[-97.31248936449664,49.869254071861256],[-97.31234611542831,49.867948302975506],[-97.31217831008838,49.86750200298328],[-97.31191655231899,49.86706943947716],[-97.31151252555325,49.8667475099562],[-97.31099477452857,49.866542438551676],[-97.3104648841104,49.86642781828887],[-97.30972394603589,49.86638564341914],[-97.30879963798826,49.86639539903849],[-97.3077867129027,49.86636899566039],[-97.30726374541929,49.86631372016387],[-97.30505671378295,49.86594218357544],[-97.30404965763321,49.86574851546893],[-97.30309977084977,49.86551384609969],[-97.30219708942498,49.8652147923155],[-97.30027333422294,49.86440577992168],[-97.29934333457996,49.86411792236908],[-97.29852975950678,49.863944473694765],[-97.29783096864023,49.86388076457868],[-97.29631138501573,49.8639513924695],[-97.29534482294773,49.86393718084766],[-97.29403924294436,49.86385174169524],[-97.29173655800177,49.86385384608939],[-97.2907467335238,49.86378580440366],[-97.29056138564063,49.86374417851276],[-97.29038763089129,49.86370515590414],[-97.28963926476004,49.863537080854684],[-97.28872690220005,49.86326101728044],[-97.2880292513506,49.86291143062172],[-97.28752878685671,49.86252640955967],[-97.28719574471955,49.8620834401077],[-97.28707938568279,49.86166342504603],[-97.28694505303247,49.86129426918418],[-97.2867036960641,49.86080036632269],[-97.28629677950308,49.860343520767074],[-97.28569336727772,49.859923282089255],[-97.28505884045575,49.85961991718654],[-97.28435944509174,49.85937253214407],[-97.28345374535813,49.859165079055074],[-97.28260346384538,49.85906766172269],[-97.28187253907888,49.85905101899829],[-97.28115456805807,49.859125194538805],[-97.28033778141311,49.85935011273151],[-97.27963936668847,49.85963255507843],[-97.27914813193229,49.85995176561046],[-97.27873591425691,49.860323272643456],[-97.27834485621496,49.86075667497736],[-97.27806913644726,49.86118133221433],[-97.27797469111404,49.861613329964925],[-97.27802136167752,49.862019537899556],[-97.2782634410979,49.862541356220305],[-97.27853701610096,49.86303691731935],[-97.27875159927667,49.86352346812656],[-97.27902728688717,49.864617454398356],[-97.27928223891783,49.86528354097709],[-97.27949219176188,49.86574910664994],[-97.27995408341722,49.86646009276171],[-97.28014436157791,49.86682195322895],[-97.28029361266016,49.867276159158074],[-97.28027600189947,49.86777204260465],[-97.28020167392756,49.86814391974366],[-97.2800441814958,49.86857963091425],[-97.27955527324042,49.86929299262103],[-97.27921888821098,49.86959569055393],[-97.27879503958656,49.86983688861187],[-97.27856638911025,49.86990098759706],[-97.27818491852776,49.87000792618471],[-97.27752840761273,49.87006788771083],[-97.27702208381501,49.8700499048987],[-97.27643071329643,49.86999695923277],[-97.27509994806583,49.869706432814056],[-97.27425927063125,49.8695870213437],[-97.27338921880241,49.869585683226795],[-97.27282262990663,49.86964463371365],[-97.27175248850504,49.86985990666756],[-97.27079100133577,49.87015347832856],[-97.27005269199843,49.87048987892209],[-97.26908274283483,49.87096921930002],[-97.26803306961156,49.871364863177774],[-97.26691275262715,49.871724583375155],[-97.26620896463758,49.87189880527791],[-97.2657954466846,49.87195884669187],[-97.2655489508189,49.87199463628564],[-97.26522547351905,49.87200157961974],[-97.26484726238945,49.87200969664954],[-97.2637150368344,49.871998551370794],[-97.26349982741765,49.871983852478905],[-97.26256007329434,49.87191966210606],[-97.26137084503846,49.87179377003849],[-97.26023344187783,49.87172674027201],[-97.25966618733214,49.87176357015058],[-97.25906959696114,49.871895174550964],[-97.2569387815367,49.87251618701462],[-97.2557616958939,49.872791256606284],[-97.25474653323539,49.872973504263804],[-97.25387059877178,49.87318340309088],[-97.25291600232342,49.873480416611564],[-97.25256760293827,49.873569281306416],[-97.2508765172389,49.87379823780958],[-97.24995555314723,49.8739597883519],[-97.24950092584581,49.87400288646856],[-97.24920145757874,49.8739904435071],[-97.24866615978166,49.87396819984364],[-97.24770348881502,49.87389090594804],[-97.24688531897888,49.873844838036916],[-97.24630169172957,49.873875515022306],[-97.24580204301905,49.873970204480806],[-97.24547509349601,49.87411165956192],[-97.24483104420577,49.874579493900306],[-97.24445196453296,49.8749083597095],[-97.24430162502911,49.874988579904134],[-97.24409993174547,49.875047107157876],[-97.24386347858001,49.87507257327717],[-97.24338570138681,49.875059523887906],[-97.24151880349014,49.87487900561791],[-97.24124948110831,49.874869106757444],[-97.2403754583025,49.87497435881952],[-97.23942932384853,49.87513428185935],[-97.2375418116766,49.875530895122935],[-97.23663997224472,49.87564844710358],[-97.23561263777114,49.87566767157879],[-97.2344175604376,49.87563320682281],[-97.23314679764216,49.87557317542525],[-97.23202319202377,49.87556998570784],[-97.23127429718886,49.875606230004166],[-97.23052624065633,49.87555995457278],[-97.22995457169533,49.87546019529561],[-97.2299205983023,49.87545426665639],[-97.22883968619472,49.87516821223578],[-97.22771721438052,49.874839622278664],[-97.22704048758962,49.8746631235078],[-97.2263110606108,49.87440330953799],[-97.22527764165447,49.874000566402934],[-97.22413826710783,49.87359502868514],[-97.22340963920334,49.87331429365281],[-97.22307229132335,49.873247539799976],[-97.22218669002487,49.87317818673647],[-97.2212987874944,49.873171536153414],[-97.22061372067604,49.87322260384823],[-97.21966503670765,49.873402079445576],[-97.21958338727748,49.873420465485786],[-97.21891631089315,49.87357067686149],[-97.21648147280749,49.87407237541995],[-97.21527605939028,49.87424089290888],[-97.21447083534,49.874331903891445],[-97.21392612034033,49.874330483077344],[-97.2131064452054,49.8742283803254],[-97.21246830160214,49.87412790953759],[-97.21075767451381,49.8737122665564],[-97.21023004667819,49.873637890027865],[-97.2097801013942,49.87365069433315],[-97.20932753575252,49.87373433461402],[-97.20886191024795,49.873879354021085],[-97.2085562387806,49.87407448333758],[-97.2083560222339,49.874286347157714],[-97.20824004290789,49.87450532252874],[-97.20825394824008,49.8750040087558],[-97.20836780614104,49.875959719479745],[-97.2082933592099,49.87622232851588],[-97.20802744440772,49.876508702103976],[-97.20759030673342,49.876757569324205],[-97.20709598123948,49.87689981402776],[-97.20660791433127,49.87697011334391],[-97.20612786216427,49.87696965646077],[-97.20541215854382,49.87692371957057],[-97.20446539094188,49.87680564478895],[-97.20379204325529,49.87678126887217],[-97.20324626783582,49.876807668041295],[-97.20305060313892,49.87683893723789],[-97.20286075004897,49.876550689285175],[-97.20238150684098,49.87582305309853],[-97.20517064516572,49.8728432379294],[-97.2054809337122,49.86956112669131],[-97.20599197981001,49.8641543685749],[-97.20664746664328,49.857229046390394],[-97.20696835030512,49.85381441075006],[-97.20755539371444,49.8476022133994],[-97.19941207991579,49.84836347033056],[-97.1967207296841,49.84861573784637],[-97.19676866397448,49.84801069690204],[-97.19683684344908,49.84752210825797],[-97.19695139481196,49.8470398460369],[-97.19699653939507,49.84690619821474],[-97.19699653939787,49.84690619821474],[-97.1969974899643,49.846903384111734],[-97.19704261127627,49.84676980438663],[-97.19729389134916,49.84614338336461],[-97.19911976954413,49.84258837440584],[-97.20674649282766,49.82773308304962],[-97.20700313698306,49.827232838539004],[-97.20491709747441,49.82577412010843],[-97.20410900020947,49.82492017769218],[-97.20113682529819,49.82123631399276],[-97.20705958204637,49.81921970239964],[-97.209579977781,49.81838129233078],[-97.2108988272483,49.81793488862817],[-97.21952870280684,49.815013273013],[-97.22107968905185,49.81436916780779],[-97.22201366634476,49.814371197771926],[-97.22291671332651,49.81437315335114],[-97.22423370610497,49.81437599255248],[-97.22461899629012,49.81437682033898],[-97.22524894921338,49.81437817101716],[-97.22677294779203,49.81438142444717],[-97.22689652507937,49.81438168738115],[-97.22715985590811,49.814382247227364],[-97.22741124496822,49.8143827811268],[-97.22831269253308,49.81438469113403],[-97.23012194913885,49.81438850346254],[-97.23086258127113,49.8143900559165],[-97.23437005304686,49.81439734446523]]]},"properties":{"cluster":"Assiniboine South","neighbourhood_count":20,"neighbourhoods":"Assiniboine Park; Betsworth; Edgeland; Elmhurst; Eric Coy; Marlton; Old Tuxedo; Ridgedale; Ridgewood South; River West Park; Roblin Park; South Tuxedo; Southboine; Tuxedo; Tuxedo Industrial; Varsity View; Vialoux; West Perimeter South; Westdale; Wilkes South"}},{"type":"Feature","geometry":{"type":"Polygon","coordinates":[[[-97.1558796037573,49.87373897600923],[-97.1568592930842,49.87398399488302],[-97.1570292416988,49.87402886652939],[-97.1576141058786,49.87425080037902],[-97.15811480393756,49.874558539512186],[-97.15858642106855,49.874969227361746],[-97.15937444013794,49.87580672345318],[-97.15971302056774,49.87621761769715],[-97.16028898360908,49.87710054176683],[-97.16053705147534,49.877433308582575],[-97.16084969314547,49.877722945654874],[-97.16126119033011,49.87796792396186],[-97.16169652453162,49.87819767050449],[-97.1616965245316,49.8781976705045],[-97.16116825687315,49.878853221062165],[-97.1610657836778,49.88032228855205],[-97.16067562027872,49.88583258584685],[-97.16052319541133,49.88799161378777],[-97.15906440761857,49.88838411981364],[-97.15874203123396,49.89293971008689],[-97.15816435938135,49.90110086731209],[-97.15970381925703,49.90155011390195],[-97.17143556734793,49.90530612980968],[-97.1709268486006,49.9101204982762],[-97.17068677480542,49.91251023438882],[-97.17022197525871,49.916779219594005],[-97.17001180030616,49.916773838007856],[-97.16074342535349,49.91380476511706],[-97.14504241864364,49.90879318020181],[-97.1419074790396,49.90781613301141],[-97.13737270218466,49.90636195106621],[-97.13686885848703,49.90620036558349],[-97.1366179950592,49.906119909285856],[-97.13614404152274,49.90596790138744],[-97.1358681753993,49.90593791659099],[-97.13589552118955,49.905832976835214],[-97.13520143540624,49.90575898376245],[-97.13450735182334,49.90568498745597],[-97.13423036648061,49.905655406382216],[-97.1345547976903,49.904396843860475],[-97.13502978545154,49.90360157509806],[-97.13584658124667,49.90257806858552],[-97.13318898451858,49.90172582557652],[-97.1335784891925,49.90121732748402],[-97.12984433636213,49.90002030946453],[-97.1298381789901,49.90002625254087],[-97.12980244042207,49.900042946411844],[-97.12975675461446,49.900061188842365],[-97.12974919286812,49.90006583510518],[-97.12937307962422,49.8999451648632],[-97.12878433061518,49.89976382127738],[-97.12898596574,49.89968264273669],[-97.1295916615349,49.89937055931498],[-97.13011681107004,49.89904787798987],[-97.13057251602403,49.89870664528875],[-97.13094789855462,49.89830253284406],[-97.13111061870872,49.89804836716926],[-97.13116580650657,49.89791178177941],[-97.13121603571719,49.89778746777635],[-97.13124903564885,49.897305793833596],[-97.13125946664206,49.896709885689326],[-97.13120527582346,49.89615708952073],[-97.13094440435053,49.89555332136311],[-97.13066892735172,49.895137451187935],[-97.1305484071136,49.89495550701028],[-97.12991478183791,49.89431667569465],[-97.12933496694824,49.893775150426904],[-97.12876221768191,49.893097788870065],[-97.12739125126505,49.891313332484515],[-97.12730705746273,49.89122569299729],[-97.12692036172147,49.890823166687184],[-97.12649062626892,49.890419188150304],[-97.12608873279832,49.88981974928726],[-97.12583754224302,49.889264115886604],[-97.12567989369455,49.88869105226039],[-97.12565241098396,49.88794428853048],[-97.1257660706442,49.8873314577746],[-97.12593399977919,49.886849642084],[-97.1261585315972,49.88647278893399],[-97.12648747926829,49.886096508283146],[-97.12681410814375,49.88578055844957],[-97.12727120336521,49.885731745120204],[-97.1279200154884,49.885723250085064],[-97.12897794946055,49.88575660942953],[-97.13004607023589,49.88576107537627],[-97.13111924319279,49.88577145851739],[-97.13220499803094,49.885735449639526],[-97.13300850697284,49.88565081812566],[-97.13311134033853,49.88563655642566],[-97.13389625461593,49.88552796714732],[-97.13475792861011,49.885333913281535],[-97.13550122492624,49.88513435165971],[-97.1362462326045,49.88493490274032],[-97.1368992127982,49.8846955689102],[-97.13751771066265,49.88441844549182],[-97.13806800669497,49.88418330071716],[-97.13872953311262,49.88390929020877],[-97.13937029736849,49.883661562557315],[-97.13994106426557,49.88340704242108],[-97.14052362139589,49.88312932630083],[-97.14114395568969,49.88285113392046],[-97.1417845307586,49.8826046490121],[-97.14240272285872,49.882429747505526],[-97.1430229243509,49.882292106771175],[-97.14319415955109,49.88226292408596],[-97.14367100375662,49.88218170894801],[-97.1443309103237,49.88204118976484],[-97.14492976842217,49.88194501555529],[-97.14556379798596,49.881871524244815],[-97.14627953331072,49.8818225386541],[-97.14699499889298,49.88178055903242],[-97.1477084330216,49.88174663641461],[-97.14844399414733,49.88174565946164],[-97.14921903765313,49.88169522366056],[-97.14986206504393,49.881668347376305],[-97.15056559194113,49.881656282377755],[-97.15122100767363,49.88168067758188],[-97.15173547494346,49.881629706964745],[-97.15226506682869,49.881510267147114],[-97.15286861709393,49.881338673874424],[-97.15306383143363,49.88127343631919],[-97.15344600403847,49.88114570652392],[-97.15401545322167,49.88097113587891],[-97.15438749023284,49.880790001854756],[-97.15465133658701,49.880565325882365],[-97.15486091844869,49.88030372278684],[-97.15499093188798,49.87995838518589],[-97.15501641268503,49.87957298263123],[-97.15491914705834,49.87920082470036],[-97.15483156899954,49.87908341831767],[-97.15310201704283,49.87734293755484],[-97.1523577504221,49.87559745597936],[-97.15250360806651,49.87502399348035],[-97.15298601971517,49.87443884829151],[-97.15388218632783,49.87394431806978],[-97.15476666307174,49.87373770244194],[-97.1558796037573,49.87373897600923]]]},"properties":{"cluster":"Downtown East","neighbourhood_count":17,"neighbourhoods":"Armstrong Point; Broadway-Assiniboine; Centennial; Central Park; China Town; Civic Centre; Colony; Exchange District; Legislature; Logan-C.P.R.; Portage-Ellice; Portage & Main; South Portage; Spence; The Forks; West Alexander; West Broadway"}},{"type":"Feature","geometry":{"type":"Polygon","coordinates":[[[-97.20485229001936,49.87963669746601],[-97.20632989354057,49.88193097245303],[-97.20617538224855,49.883646902491556],[-97.2040724154423,49.883566675437706],[-97.20399562527618,49.884423342205594],[-97.20333323984524,49.884398060919494],[-97.20333650187008,49.88436159390993],[-97.2023359630114,49.88432126341041],[-97.20209216642762,49.8873754094681],[-97.20191925979653,49.88953945906369],[-97.20169472441015,49.89235087421137],[-97.20155367769846,49.89411672915922],[-97.20154280386143,49.89425285948423],[-97.19310763547833,49.89399488250737],[-97.19283360279077,49.89757935381207],[-97.19259441965947,49.90037416997765],[-97.1925576981861,49.90078159976051],[-97.19247347641497,49.90126287450592],[-97.19231536646089,49.901806292427395],[-97.19206439307858,49.90241310238959],[-97.1917452091344,49.902995105970724],[-97.19137437809368,49.903539251198794],[-97.19098269942427,49.90409709920085],[-97.19067633959187,49.9045053207491],[-97.19017736674604,49.90517018042717],[-97.18639840117142,49.910096555877296],[-97.18372141809294,49.90923995959967],[-97.1802404787836,49.90812559535322],[-97.1732690046294,49.90589332894713],[-97.17143556734793,49.90530612980968],[-97.15970381925703,49.90155011390195],[-97.15816435938135,49.90110086731209],[-97.15874203123396,49.89293971008689],[-97.15906440761857,49.88838411981364],[-97.16052319541133,49.88799161378777],[-97.16067562027872,49.88583258584685],[-97.16106578367778,49.88032228855214],[-97.16116825687315,49.878853221062165],[-97.1616965245316,49.878197670504484],[-97.16212907992019,49.87836023022568],[-97.16262068493073,49.87848305640962],[-97.16310410074284,49.878584835759725],[-97.16349259541194,49.87862933594706],[-97.16374075767865,49.878628619888524],[-97.16427246711912,49.87854757261344],[-97.16487343737148,49.87839441716598],[-97.16550478411975,49.878198747545504],[-97.16604268290045,49.87800159596705],[-97.16802659568422,49.87717661835186],[-97.16928406376663,49.8766840700588],[-97.16992882737729,49.8764653495417],[-97.17024311948754,49.876379680039676],[-97.17132511476717,49.876208776428044],[-97.17203483401524,49.87616510499597],[-97.17281360079627,49.87615879313849],[-97.17410435899889,49.876211667985224],[-97.17477654243478,49.87631404827413],[-97.17544916886791,49.87645245179065],[-97.17610751425023,49.87663594235318],[-97.17676955335953,49.87691244250592],[-97.17751111666743,49.87732148853731],[-97.17808578689693,49.87767445729638],[-97.17954435671683,49.87862111704533],[-97.17998102177563,49.87886733403723],[-97.18048185347264,49.879080860379446],[-97.18106289412745,49.87926543281067],[-97.18162473053016,49.8793869562872],[-97.18231375896112,49.87947328962504],[-97.18282775309672,49.879498777931374],[-97.18333197377044,49.879478795134226],[-97.18401978760915,49.87940591356332],[-97.18467450086159,49.8793046229736],[-97.18751504516376,49.8786925795161],[-97.18829448905417,49.878477024961406],[-97.18883519972633,49.87829840294939],[-97.18924493048614,49.87820836357246],[-97.18974017780047,49.878139411329826],[-97.19026488742733,49.878099965458766],[-97.1910347879792,49.87809106867788],[-97.19281689618278,49.878229251872014],[-97.19367972069146,49.87833217043951],[-97.19436448352575,49.87836246683016],[-97.19559095040762,49.878431655166814],[-97.19614778918935,49.87839849251117],[-97.19713874404032,49.87824775281009],[-97.19796467019678,49.878086305536385],[-97.19875044450492,49.87784405470812],[-97.19920084622345,49.87762679904136],[-97.19969396599005,49.877469463981434],[-97.2004137189481,49.87730983601405],[-97.2013191174647,49.8771379793847],[-97.2022984876724,49.87695912942638],[-97.20305060313892,49.87683893723789],[-97.20325715668908,49.877159702659036],[-97.20485229001936,49.87963669746601]]]},"properties":{"cluster":"Downtown West","neighbourhood_count":7,"neighbourhoods":"Daniel McIntyre; Minto; Polo Park; Sargent Park; St. Matthews; West Wolseley; Wolseley"}},{"type":"Feature","geometry":{"type":"Polygon","coordinates":[[[-97.21966904935188,49.80500689592668],[-97.21966811504298,49.80635229718913],[-97.21966787601947,49.80697786120262],[-97.21966810681661,49.81229133198631],[-97.21965197612376,49.8143660503895],[-97.22107968905185,49.81436916780779],[-97.21952870280684,49.815013273013],[-97.2108988272483,49.81793488862817],[-97.20957997778102,49.81838129233078],[-97.20705958204637,49.81921970239964],[-97.20113682529819,49.82123631399276],[-97.20410900020947,49.82492017769218],[-97.20491709747441,49.82577412010843],[-97.20700313698306,49.827232838539004],[-97.20674649282766,49.82773308304962],[-97.19911976954413,49.84258837440584],[-97.19729389134916,49.84614338336461],[-97.19704261127627,49.84676980438663],[-97.1969974899643,49.846903384111734],[-97.19695139481196,49.8470398460369],[-97.19683684344908,49.84752210825797],[-97.19676866397448,49.84801069690195],[-97.1967207296841,49.84861573784637],[-97.19243694347468,49.84901638362978],[-97.17887194168459,49.85028344911984],[-97.17615035641555,49.8505378820856],[-97.1570486671046,49.85231803637829],[-97.15593646627164,49.852433650149834],[-97.15507439131379,49.85256895144148],[-97.15424490258444,49.85280486759625],[-97.15354544900657,49.853144510219934],[-97.15265137122894,49.853970587125794],[-97.15243111687242,49.85418038954416],[-97.15201010542503,49.85263662581718],[-97.1519346105842,49.85235979145012],[-97.14664710433945,49.85414489282895],[-97.14625499993659,49.85365979704105],[-97.14613112029716,49.853701654369786],[-97.14603307744719,49.85373478175677],[-97.1460033939498,49.85374481133465],[-97.14581556308593,49.853808276284525],[-97.14579867473876,49.85381398240532],[-97.1456840873137,49.85385269915173],[-97.14562773034555,49.85387174090144],[-97.14557137359643,49.853890782948234],[-97.14545868409692,49.853928858804764],[-97.145439898475,49.853935206128824],[-97.14534598167943,49.85396693816537],[-97.14506882739884,49.85362403943044],[-97.14461363870504,49.85306086250963],[-97.14468941898201,49.85300878058541],[-97.14504400073982,49.852607916871754],[-97.14531026707569,49.852173930597935],[-97.14542882622031,49.85175513388179],[-97.14538351761982,49.85135921131757],[-97.14521772725618,49.85098600720592],[-97.14491551202643,49.85067436062592],[-97.1444416663642,49.85041690772122],[-97.14383300480807,49.850213386159226],[-97.14344383060234,49.850147660031894],[-97.14332487721096,49.8501353893713],[-97.14305368090085,49.850107413583835],[-97.14273037364964,49.85010648201844],[-97.14183532630904,49.85020771886969],[-97.14114543518635,49.85034028601267],[-97.14061961045893,49.85047888110717],[-97.14010426843133,49.850652487455214],[-97.13727305255445,49.85181385519241],[-97.1363381438437,49.85216427601569],[-97.13559810818923,49.85236909421715],[-97.13491401326179,49.8524864196883],[-97.13429831281715,49.8525343015441],[-97.13368132545064,49.852547314004326],[-97.1331009193405,49.852532016294944],[-97.13252684871236,49.85248877146402],[-97.13191205239872,49.852410871786915],[-97.13123758077346,49.85227846361078],[-97.13047387841247,49.85207407132705],[-97.12965480713481,49.851771893111454],[-97.12868868065217,49.8513296526312],[-97.12778536164926,49.85086122224162],[-97.12556099916746,49.84964731950185],[-97.12427206304572,49.84888791054594],[-97.12207369230984,49.847652263207145],[-97.12166800571862,49.84740346982268],[-97.12130908610261,49.84713503581826],[-97.12095263671752,49.846836894588044],[-97.12063793082915,49.84651308262888],[-97.12029216858714,49.84611949714863],[-97.11993976509751,49.845673115394284],[-97.11959919624987,49.84513555850548],[-97.11943344268603,49.84466542923782],[-97.11941026644807,49.84417891598518],[-97.11949114115811,49.843720437841284],[-97.11972480110039,49.843241491733394],[-97.12004450395055,49.84282598303864],[-97.12042089398568,49.84250743053198],[-97.12089315856286,49.84215643591597],[-97.12133480325038,49.84191712850037],[-97.12185373059606,49.8417181669499],[-97.12247423653777,49.84157694168203],[-97.1230820917824,49.841524746672505],[-97.12390444524371,49.84153296400389],[-97.12446461946398,49.84159217528123],[-97.12516410820831,49.84168508381576],[-97.125898961063,49.841849100909684],[-97.12665184508886,49.84205674918959],[-97.12725379644502,49.842259403771955],[-97.12830335852058,49.842646062795644],[-97.12921522792371,49.84302539006833],[-97.12990227826388,49.84323705354332],[-97.130740933307,49.8434367103624],[-97.13170593759637,49.84356360792112],[-97.13270699406472,49.84364178477985],[-97.13365898965972,49.843663070160375],[-97.13427950433918,49.84362376855475],[-97.13469847178052,49.84356252206148],[-97.13587424368717,49.84326698289744],[-97.13613146244181,49.84315124828711],[-97.13645599364682,49.84300522507153],[-97.13692122270578,49.84266340128012],[-97.13724633033483,49.8422742792176],[-97.1375169660248,49.84176359653485],[-97.13756079185016,49.8414438927499],[-97.13756558342472,49.84114820837071],[-97.13742295794191,49.84058498920616],[-97.13717595324339,49.84013907640901],[-97.1367284158225,49.839713735691646],[-97.1360128947467,49.83921779147068],[-97.13402820524108,49.837896567108146],[-97.13329556339187,49.83736888408832],[-97.13280898740855,49.836969245472616],[-97.132266556027,49.8364165741523],[-97.13187800132664,49.8359175003061],[-97.13171440174476,49.83570736362019],[-97.13131397697546,49.83508473641132],[-97.13111609769017,49.83459370804765],[-97.13108367956707,49.8341053480562],[-97.13123081370661,49.8334244090175],[-97.13146719568236,49.83298457809176],[-97.13176385715977,49.83265110500725],[-97.1321389081606,49.83232909348736],[-97.1328846868405,49.831865173986465],[-97.13377257432471,49.83149787641126],[-97.1346412662733,49.8312534971993],[-97.13560474594199,49.831140669911946],[-97.136486709121,49.83116590573201],[-97.1376519883278,49.831272178796134],[-97.13878012414169,49.83142203779964],[-97.13951972268944,49.83156224853878],[-97.14062682720473,49.83181543839759],[-97.14216661762381,49.83209255348317],[-97.1429306535627,49.83221273678026],[-97.14368573726466,49.83225798130644],[-97.14464232073352,49.83222230834041],[-97.14560320497777,49.83210850646254],[-97.14640625636542,49.831930130038586],[-97.14686304733772,49.83177000792263],[-97.14728655633895,49.83155240927908],[-97.14766248548415,49.831238860881854],[-97.14800856760132,49.83084664439788],[-97.1482489189151,49.8304017439041],[-97.14846175870538,49.82981702139404],[-97.14851344468768,49.82935805693236],[-97.1485260380593,49.829028256243944],[-97.14853206119217,49.828870517664306],[-97.14841151365793,49.828414750270866],[-97.14817207066103,49.82787294352841],[-97.14778156178255,49.82722758461221],[-97.14684299368304,49.826175711708224],[-97.1455177918341,49.824826131040126],[-97.14412397108467,49.82348648412264],[-97.14348559489117,49.82284729216203],[-97.14309134998106,49.822355277827114],[-97.14284490330222,49.8219434820469],[-97.14272349505347,49.821641656693835],[-97.14384192315282,49.82145088065504],[-97.14679394853059,49.8209472791343],[-97.15097897341536,49.82012956576084],[-97.15275557872094,49.819872412594904],[-97.15668110307327,49.818673980401684],[-97.16201304725223,49.81841052617896],[-97.17697775879715,49.813324560816454],[-97.19100681556282,49.80863943253912],[-97.19159178950503,49.809367059093255],[-97.21967262904039,49.799787587994985],[-97.21967308600735,49.802485642829836],[-97.2196725001,49.80295235983849],[-97.21966904935188,49.80500689592668]]]},"properties":{"cluster":"Fort Garry North","neighbourhood_count":14,"neighbourhoods":"Beaumont; Brockville; Buffalo; Chevrier; Crescent Park; Linden Ridge; Linden Woods; Maybank; Parker; Pembina Strip; Point Road; West Fort Garry Industrial; Whyte Ridge; Wildwood"}},{"type":"Feature","geometry":{"type":"Polygon","coordinates":[[[-97.2140255394869,49.79084785933568],[-97.21408218480283,49.797487264541424],[-97.2196822267401,49.797519413477055],[-97.21967262904039,49.799787587994985],[-97.19159178950503,49.809367059093255],[-97.19100681556282,49.80863943253912],[-97.17697775879715,49.813324560816454],[-97.16201304725223,49.81841052617896],[-97.15668110307327,49.818673980401684],[-97.15275557872094,49.819872412594904],[-97.15097897341536,49.82012956576084],[-97.14679394853059,49.8209472791343],[-97.14384192315282,49.82145088065504],[-97.14272349505347,49.821641656693835],[-97.14231642557507,49.82054879854898],[-97.14213939343398,49.819825548136784],[-97.14203185761211,49.819069715080694],[-97.14197689265771,49.818394899761095],[-97.14190871653118,49.816846082089405],[-97.14181986505444,49.81625903162473],[-97.14160079196176,49.81560249898422],[-97.14123192585697,49.81496563999805],[-97.14089916742519,49.81455826442495],[-97.14028528740633,49.81413010851311],[-97.13939428747123,49.81360342700888],[-97.1383615524978,49.81330211257292],[-97.13691741083724,49.813005130004576],[-97.13658980922828,49.812959902854224],[-97.1354648022321,49.81289067774222],[-97.134247205792,49.81284783769339],[-97.13350642856192,49.812873088992546],[-97.13282900940877,49.81297836970496],[-97.1318576583627,49.81320904670832],[-97.13048433707912,49.813619143366296],[-97.12941822656278,49.81407136674209],[-97.12751987601261,49.815056253271514],[-97.12563468432523,49.81597741410985],[-97.1245009975936,49.8164563862518],[-97.12401611830754,49.816618720059736],[-97.12292017925455,49.81687969528131],[-97.12150005875272,49.81697019261056],[-97.11994253255929,49.816754361633244],[-97.11823150711461,49.8162272020932],[-97.11665442073567,49.81539083293595],[-97.11589402952536,49.814739243385716],[-97.11534857434957,49.813805011738935],[-97.115249116011,49.81280856855889],[-97.1155944464657,49.812061128396756],[-97.11691027631252,49.81099200619254],[-97.11783732099225,49.81054921946459],[-97.11921307096758,49.810120631424226],[-97.12147185398027,49.809514368170014],[-97.12374523343725,49.808885974213176],[-97.1261048123239,49.80809569406657],[-97.12742902066398,49.80770344232693],[-97.12815492842266,49.80744381038658],[-97.12874514663031,49.807122415096835],[-97.12922509930172,49.806742978348744],[-97.12957680924815,49.80639066613867],[-97.12969673033793,49.80617845011716],[-97.12969673033797,49.80617845011714],[-97.12993277461186,49.80566418788767],[-97.12995920367777,49.8052085173151],[-97.12989581974969,49.80475665894321],[-97.12958561403372,49.80411421304734],[-97.1287310145455,49.80335273119892],[-97.12772801859789,49.8028141591581],[-97.12578606985335,49.80210041861622],[-97.12309721006244,49.8012378227412],[-97.12069383834039,49.80025655030786],[-97.11834394681611,49.79879706265342],[-97.11739210748918,49.79773446191255],[-97.11655435068585,49.79682055139432],[-97.11641392531556,49.79589952006061],[-97.11648826358622,49.79497367997619],[-97.11695224257258,49.79418598569599],[-97.11787382379941,49.793454439639994],[-97.11962009130005,49.79299227016195],[-97.12116516921719,49.79316584150472],[-97.12225684275083,49.7936595720389],[-97.12327745392287,49.79437499703939],[-97.1241705354631,49.79518438666725],[-97.12477672543655,49.796085215530724],[-97.12554376478973,49.79701484996426],[-97.1266963763658,49.79757072288608],[-97.12816656529955,49.79754779030702],[-97.12925185573225,49.797220610272596],[-97.13038113463232,49.79645392465975],[-97.13118602878399,49.79557730325284],[-97.13235496173625,49.79342976567911],[-97.13346789560228,49.79168314403081],[-97.1345894380915,49.79041273170028],[-97.13549374685584,49.78943794605769],[-97.13612146720537,49.78835167647052],[-97.13637888027864,49.78689260708337],[-97.13594943616984,49.785743174211994],[-97.13517177071847,49.784555656055616],[-97.1347405324118,49.78417745909172],[-97.13267052049584,49.782566164651016],[-97.1318689736208,49.781757296584296],[-97.13148400236324,49.780942361373214],[-97.13151015520502,49.780402470407076],[-97.13185038459817,49.779721237634455],[-97.13233184654106,49.779228823739714],[-97.13303933386757,49.77881214817705],[-97.1341308798781,49.77848530310652],[-97.13619044718273,49.77827735688493],[-97.13841862312032,49.778229538629034],[-97.14041741342234,49.778020540597105],[-97.14256918980973,49.77778443857312],[-97.14516261108838,49.77732410772909],[-97.14780660855664,49.77673167532259],[-97.14948392340372,49.776182789331095],[-97.15124382602045,49.77558786621375],[-97.15277428451485,49.77483381837704],[-97.1533765163651,49.77437975371334],[-97.15389384221156,49.77384540105591],[-97.15437385077767,49.77326632422936],[-97.15472503563217,49.772650209167146],[-97.15472747059896,49.77211568339043],[-97.15441980697405,49.771522886620595],[-97.15391852198712,49.77092925162111],[-97.15314002960432,49.770548474194804],[-97.15201723574718,49.77039809465171],[-97.1507221910369,49.77062726176655],[-97.14980393801193,49.7709722140895],[-97.14822312958773,49.77194218674848],[-97.14692747995748,49.77289054359492],[-97.14582581329829,49.77350270262532],[-97.14452757027648,49.77400014525042],[-97.14314892754679,49.774299917340564],[-97.14208140057532,49.77429906730787],[-97.14102226785212,49.77412832287417],[-97.14014359847364,49.773661535536554],[-97.1393764006827,49.772665121821284],[-97.13922983567646,49.77133424176156],[-97.13934116970628,49.77013915233352],[-97.13950604289903,49.76676428126792],[-97.1396425256571,49.76531628581814],[-97.13971392722685,49.76476317530679],[-97.13984245770219,49.76417031341737],[-97.14055581081729,49.76170097160839],[-97.14069784479605,49.76094216427345],[-97.1408218806367,49.75920004471942],[-97.14082157805782,49.75831694571603],[-97.14076036857504,49.757807022021375],[-97.14056310599017,49.757149668332524],[-97.1403936217795,49.75679777640172],[-97.14022413995966,49.75644588423078],[-97.13972139075622,49.755710419358316],[-97.13857630988444,49.754232591512725],[-97.13804336939117,49.75367790054155],[-97.1373963100419,49.75310626625101],[-97.13666776629255,49.75255539469783],[-97.13603623528962,49.75214086802784],[-97.13530424754772,49.75168056574162],[-97.13210479398215,49.74990813492194],[-97.13159893836654,49.749585081941],[-97.13094695159207,49.74905167612435],[-97.12982643811547,49.74792506942745],[-97.12924419105168,49.74725799137672],[-97.12872714504202,49.746574534210076],[-97.12815583523134,49.745637579883876],[-97.12903356064794,49.74533377965613],[-97.12976949780484,49.74507904746041],[-97.13026403835039,49.744907865381045],[-97.13105889949756,49.744632723408095],[-97.13155574669092,49.744460734706784],[-97.13331448204535,49.743851921795155],[-97.13668529997729,49.74268494370108],[-97.13740267083033,49.742436507454485],[-97.13832458431166,49.74211729498709],[-97.13874048879781,49.741973410948326],[-97.1405864651889,49.74133419100774],[-97.14526154809134,49.73971510461361],[-97.14970815770646,49.738174866707176],[-97.15121901760828,49.737651466906634],[-97.15207175092797,49.73735604382277],[-97.16897681887819,49.7314973661492],[-97.16900592541768,49.731487275571794],[-97.16916847736177,49.73143092232115],[-97.1693134613701,49.731380658846945],[-97.17858078120389,49.72816724113234],[-97.17926270334874,49.72793074001743],[-97.17963044628797,49.727801907803105],[-97.17967985674079,49.72778452404197],[-97.21967020207587,49.71370424173683],[-97.22009191975829,49.71355564021256],[-97.22005944364838,49.7150102873475],[-97.21990704286398,49.72204067756106],[-97.219612145333,49.73817424205045],[-97.21961666090942,49.740589944738154],[-97.21961806978794,49.740898408252754],[-97.21964511649695,49.75351178290968],[-97.21404202465253,49.753507733591725],[-97.21403962290509,49.75395462339859],[-97.2139796599229,49.76755697633448],[-97.21397775141665,49.76810548482661],[-97.21397609447024,49.768653596239595],[-97.21396741710616,49.77750864551909],[-97.21396165058236,49.782735138556134],[-97.21400517982276,49.78846173948488],[-97.2140255394869,49.79084785933568]]]},"properties":{"cluster":"Fort Garry South","neighbourhood_count":22,"neighbourhoods":"Agassiz; Bridgwater Centre; Bridgwater Forest; Bridgwater Lakes; Bridgwater Trails; Cloutier Drive; Fairfield Park; Fort Richmond; La Barriere; Montcalm; Parc La Salle; Perrault; Prairie Pointe; Richmond Lakes; Richmond West; South Pointe; St. Norbert; Trappistes; Turnbull Drive; University; Waverley Heights; Waverley West B"}},{"type":"Feature","geometry":{"type":"Polygon","coordinates":[[[-97.18372141809294,49.90923995959967],[-97.18639840117142,49.910096555877296],[-97.18965476330081,49.91113840367621],[-97.19510471814026,49.916365274062194],[-97.19510473912435,49.91646043383428],[-97.1996276819346,49.916457394165406],[-97.20676070006158,49.91645488644695],[-97.20675515744685,49.926935727995655],[-97.19510693581236,49.92383206972862],[-97.1951103106868,49.931206953879425],[-97.1951104733444,49.93139329324874],[-97.19511206690811,49.938550465103006],[-97.19512777760514,49.94432363514671],[-97.19517695377074,49.94485607097032],[-97.19517666775121,49.945941619502115],[-97.19517497070233,49.95180306364544],[-97.1949185947567,49.95172067895313],[-97.19487327432117,49.951706119391666],[-97.19458762153705,49.951614350479126],[-97.1943716836119,49.95154497740419],[-97.19421928686984,49.95149601726168],[-97.19406689109005,49.95144705670597],[-97.19391449693899,49.951398095516446],[-97.19376210552416,49.95134913332597],[-97.19360971852522,49.95130016957818],[-97.19345733820164,49.95125120352337],[-97.19330496707211,49.95120223432283],[-97.19315260706502,49.951153261328066],[-97.19305048050123,49.951120429881854],[-97.19300025827597,49.95110428449092],[-97.19284791814046,49.951055304639965],[-97.1926929794856,49.951005509024874],[-97.19253771700966,49.950955609028206],[-97.19229113313531,49.95087635850013],[-97.19211625166305,49.9508201522067],[-97.19196134594156,49.95077036572206],[-97.19171049967949,49.950689743427375],[-97.19139506650998,49.95058836167609],[-97.19111477126279,49.950498272352334],[-97.1907578951021,49.95038356780021],[-97.19007566817278,49.950164286811734],[-97.1897536461761,49.95006078061172],[-97.18927272153093,49.94990634391544],[-97.18903169083305,49.949828941434916],[-97.18865151745652,49.94970685427911],[-97.18841581106842,49.949631159951785],[-97.18821660249097,49.94956718547132],[-97.18801511208986,49.949502477885176],[-97.18781362362907,49.949437769975965],[-97.18761213428847,49.9493730625991],[-97.18741064692192,49.949308354000195],[-97.18720915870932,49.94924364503468],[-97.18700767101012,49.94917893662329],[-97.18680618528495,49.9491142269899],[-97.18660469871374,49.94904951698987],[-97.18640321404907,49.94898480756578],[-97.18620172857212,49.94892009687609],[-97.18618287244261,49.948914040699705],[-97.18600024364231,49.9488553858416],[-97.185753141163,49.948776023152334],[-97.18552504695488,49.94870276537318],[-97.18530835931782,49.948633169373025],[-97.18509927384994,49.948566015330655],[-97.18489018900506,49.94849886001801],[-97.18455945699336,49.948392632958274],[-97.18415649795959,49.94826320584415],[-97.18271274320803,49.94779946584065],[-97.1825740703707,49.94775531493357],[-97.18243268150624,49.947709480891724],[-97.18165336740664,49.947459077052415],[-97.18154433948834,49.94742404479841],[-97.18114719788176,49.94729643437399],[-97.18093811520231,49.9472292512139],[-97.18071439836055,49.94715736490861],[-97.18049087366767,49.947085538750066],[-97.18026734822152,49.94701371304426],[-97.18026525757487,49.94701304069765],[-97.18005826802255,49.946946528321675],[-97.17998023257927,49.94692145245685],[-97.17973077591303,49.94684129167003],[-97.17937192286472,49.946725975822055],[-97.17911342880916,49.9466429092799],[-97.17882834477565,49.946551297166636],[-97.17874469439569,49.94652441581389],[-97.17871428396248,49.94651464283612],[-97.17860406105797,49.946479222208346],[-97.1784938047789,49.94644379069961],[-97.1783835487955,49.94640835891697],[-97.17827332764391,49.94637293817208],[-97.17816307185808,49.946337506354084],[-97.17809848579485,49.9463167508935],[-97.17805284977135,49.94630208520983],[-97.1779387900456,49.94626543027388],[-97.1776537106331,49.94617381517058],[-97.17739522256676,49.94609074485611],[-97.17718614475383,49.94602355312624],[-97.1771367340084,49.946007673952266],[-97.1768516590945,49.94591605691417],[-97.1767376011942,49.94587940082928],[-97.17662738122891,49.9458439783514],[-97.17651712788764,49.94580854499122],[-97.1764068748205,49.945773111385094],[-97.1762966552366,49.94573768874035],[-97.17618640280254,49.94570225453607],[-97.17607618466809,49.945666831199574],[-97.17596212770549,49.945630174707816],[-97.17567705613541,49.945538555358425],[-97.17541857356638,49.94545548068251],[-97.17494342563657,49.94530276773666],[-97.17463933317372,49.94520503041873],[-97.1741929670127,49.94506156087124],[-97.17398537338782,49.944994836449155],[-97.17352912618145,49.94484818642836],[-97.17343255531608,49.94481714574176],[-97.1728143449948,49.94461843256108],[-97.17271169100053,49.94458543526363],[-97.17260998731633,49.94455274428607],[-97.17250733360501,49.94451974681048],[-97.17240544017488,49.944486994194385],[-97.17240026879357,49.944485331902435],[-97.17228928837771,49.94444965780873],[-97.17217446979626,49.94441274979111],[-97.17207345128712,49.944380277821146],[-97.17197535922844,49.94434874689192],[-97.17185590171312,49.94431034692489],[-97.17173861192055,49.944272643937495],[-97.17162816505606,49.94423714094724],[-97.17151251024461,49.944199962727176],[-97.17141145407547,49.94416747788776],[-97.17130880198961,49.94413448026618],[-97.17120615007995,49.94410148165615],[-97.1711034969194,49.94406848293464],[-97.17077118075922,49.94396165627772],[-97.17045717250126,49.94386071359392],[-97.16963064683877,49.94359500774827],[-97.16887028054224,49.943350563133514],[-97.16810992343778,49.94310611363065],[-97.16750164171165,49.94291055010718],[-97.16721651233914,49.94281887835803],[-97.16712146850729,49.9427883215395],[-97.16673141317683,49.94266291317962],[-97.1662751316711,49.942516331848566],[-97.16569565737049,49.942330170573534],[-97.16539322396524,49.94223174511157],[-97.16472831175207,49.94201840269888],[-97.16415839136687,49.94183553400854],[-97.16406338620338,49.941805013950024],[-97.16377837213936,49.941713453325576],[-97.17075485116764,49.93265221802083],[-97.16689861186718,49.93142149194093],[-97.16891443636108,49.92912493702386],[-97.16950992749743,49.92351184167445],[-97.16667379908442,49.922608096481454],[-97.16976114141872,49.92115286406781],[-97.16985706396859,49.92021154358446],[-97.16965504188197,49.92014633201602],[-97.1694698458346,49.920086991771946],[-97.16805107115876,49.91963234309556],[-97.16729053048336,49.91938851974471],[-97.16664113568814,49.91918032302619],[-97.1656906265956,49.918875578981954],[-97.16474012964824,49.91857082726371],[-97.16315756325365,49.918063393369565],[-97.1628248880442,49.9179567203521],[-97.16123106971018,49.91744563947499],[-97.1611062835627,49.91740565510865],[-97.16104420967129,49.91748647241591],[-97.15853323664382,49.91668148035161],[-97.16074342535349,49.91380476511706],[-97.17001180030617,49.916773838007856],[-97.17022197525871,49.916779219594005],[-97.17068677480542,49.91251023438882],[-97.1709268486006,49.9101204982762],[-97.17143556734793,49.90530612980968],[-97.1732690046294,49.90589332894713],[-97.1802404787836,49.90812559535322],[-97.18372141809294,49.90923995959967]]]},"properties":{"cluster":"Inkster East","neighbourhood_count":7,"neighbourhoods":"Brooklands; Burrows-Keewatin; Inkster Industrial Park; Pacific Industrial; Shaughnessy Park; Weston; Weston Shops"}},{"type":"Feature","geometry":{"type":"Polygon","coordinates":[[[-97.20675515744685,49.926935727995655],[-97.22985546761427,49.93308633356322],[-97.22985382539798,49.940491609705056],[-97.22999256890378,49.945842828423054],[-97.2299874381311,49.9533775779642],[-97.22998249623903,49.96064099176405],[-97.2299826524498,49.960776658411774],[-97.21818747254538,49.96075732018391],[-97.20677884500618,49.96074054150409],[-97.195133170168,49.96072778135501],[-97.19517497070233,49.95180306364544],[-97.19517666775121,49.945941619502115],[-97.19517695377074,49.94485607097032],[-97.19512777760514,49.94432363514671],[-97.19511206690811,49.938550465103006],[-97.1951104733444,49.93139329324874],[-97.1951103106868,49.931206953879425],[-97.19510693581236,49.92383206972862],[-97.20675515744685,49.926935727995655]]]},"properties":{"cluster":"Inkster West","neighbourhood_count":4,"neighbourhoods":"Inkster Gardens; North Inkster Industrial; Oak Point Highway; Tyndall Park"}},{"type":"Feature","geometry":{"type":"Polygon","coordinates":[[[-97.13097876686345,49.91735677410141],[-97.13102378695088,49.917300573137176],[-97.13675964947338,49.91915097077648],[-97.14514429985779,49.921856649474],[-97.15266384083085,49.92428011950352],[-97.15621191009531,49.919699024190926],[-97.15647370648344,49.91935694437885],[-97.16667379908442,49.922608096481454],[-97.16950992749743,49.92351184167445],[-97.16891443636108,49.92912493702386],[-97.16689861186718,49.93142149194093],[-97.17075485116764,49.93265221802083],[-97.16377837213936,49.941713453325576],[-97.16349335917036,49.941621892011234],[-97.1633983548585,49.94159137141617],[-97.16345450011502,49.94151840418832],[-97.16347028215705,49.94149788301363],[-97.15983601635568,49.940328446897105],[-97.15981827908114,49.940351449409185],[-97.15980364348528,49.9403704321282],[-97.15976337144052,49.94042266344608],[-97.15935372930272,49.94029094833769],[-97.15916472134121,49.94023011472809],[-97.15909457799629,49.94030993202077],[-97.1589080487223,49.940248481225034],[-97.15845215601404,49.94010175626436],[-97.15848654230025,49.94006233991503],[-97.14512717706565,49.935761743589765],[-97.14409911155519,49.93543071312743],[-97.13656472298183,49.93300403085252],[-97.1233598476349,49.928748724040545],[-97.12285753482796,49.92963828938824],[-97.12260500522056,49.92955686496624],[-97.12241514043679,49.929495674034314],[-97.12222527644973,49.929434482895836],[-97.11917373974859,49.92845093751123],[-97.11946467580027,49.92804907595438],[-97.11732290876513,49.92735844628211],[-97.1171448373342,49.92779145321216],[-97.11296842171446,49.92644832343853],[-97.11294972248122,49.9265123202451],[-97.11281631521493,49.92646947984729],[-97.11228288685908,49.92629753401247],[-97.11223654137626,49.92628259520394],[-97.11121286587823,49.92595261189924],[-97.11021888431675,49.925633193803435],[-97.11025910057631,49.925500492247934],[-97.11044833305321,49.9249864942202],[-97.11087332099555,49.924245155347705],[-97.11203418024888,49.92277097561272],[-97.1124624421365,49.92231201238329],[-97.11304251391253,49.92179044970343],[-97.11356361257488,49.92144221538159],[-97.11432263873256,49.92103855083519],[-97.11550397691738,49.9205116494754],[-97.11604777797189,49.92032522866161],[-97.11657832765587,49.92014334667928],[-97.11702168733916,49.920034356661674],[-97.11740788958241,49.91996045779725],[-97.11805862706623,49.919878289935575],[-97.11912907774665,49.91975485240979],[-97.12031979633007,49.919585929498325],[-97.12134001309059,49.919404936145995],[-97.12233972352763,49.91919571519239],[-97.12307051352921,49.91896005547234],[-97.12402324445564,49.918523481369924],[-97.12469189323615,49.91812645836471],[-97.12532412479602,49.917554551808045],[-97.12575734273389,49.91710259021498],[-97.12615818175183,49.91665010367514],[-97.12651598952466,49.91614695699531],[-97.12662760861207,49.91595248680389],[-97.12759204623491,49.91626376917871],[-97.13097876686345,49.91735677410141]]]},"properties":{"cluster":"Point Douglas North","neighbourhood_count":7,"neighbourhoods":"Burrows Central; Inkster-Faraday; Luxton; Mynarski; Robertson; St. John's; St. John's Park"}},{"type":"Feature","geometry":{"type":"Polygon","coordinates":[[[-97.12975675461446,49.900061188842365],[-97.12980244042207,49.900042946411844],[-97.1298381789901,49.90002625254087],[-97.12984433636213,49.90002030946453],[-97.1335784891925,49.90121732748402],[-97.13318898451858,49.90172582557652],[-97.13584658124667,49.90257806858552],[-97.13502978545154,49.90360157509806],[-97.1345547976903,49.904396843860475],[-97.13423036648061,49.905655406382216],[-97.13450735182334,49.90568498745597],[-97.13520143540624,49.90575898376245],[-97.13589552118955,49.905832976835214],[-97.1358681753993,49.90593791659099],[-97.13614404152274,49.90596790138744],[-97.1366179950592,49.906119909285856],[-97.13686885848703,49.90620036558349],[-97.13737270218466,49.90636195106621],[-97.1419074790396,49.90781613301141],[-97.14504241864364,49.90879318020181],[-97.16074342535349,49.91380476511706],[-97.15853323664382,49.91668148035161],[-97.16104420967129,49.91748647241591],[-97.1611062835627,49.91740565510865],[-97.16123106971018,49.91744563947499],[-97.1628248880442,49.91795672035202],[-97.16315756325365,49.918063393369565],[-97.16474012964824,49.91857082726371],[-97.1656906265956,49.918875578981954],[-97.16664113568814,49.91918032302619],[-97.16729053048337,49.91938851974471],[-97.16805107115876,49.91963234309556],[-97.1694698458346,49.920086991771946],[-97.16965504188197,49.92014633201602],[-97.16985706396859,49.92021154358446],[-97.16976114141872,49.92115286406781],[-97.16667379908442,49.922608096481454],[-97.15647370648344,49.91935694437885],[-97.15621191009531,49.919699024190926],[-97.15266384083085,49.92428011950352],[-97.14514429985779,49.921856649474],[-97.13675964947338,49.91915097077648],[-97.13102378695088,49.917300573137176],[-97.13097876686345,49.91735677410141],[-97.12759204623491,49.91626376917871],[-97.12662760861207,49.91595248680389],[-97.12668581057999,49.91585108278487],[-97.1267867528024,49.91556803869636],[-97.12688680307204,49.91502935344923],[-97.12694703301104,49.91403222058075],[-97.12690399344783,49.91377125074923],[-97.1265284206278,49.91273686544894],[-97.12626140935221,49.9121515802628],[-97.12589523168528,49.91161814057017],[-97.12564237576959,49.91136423557445],[-97.12411963537573,49.91031128877301],[-97.12123295873857,49.90870754212269],[-97.120340073788,49.90827384493528],[-97.11952542259809,49.907878135208115],[-97.11682593276578,49.90651086363812],[-97.11637338638782,49.906304818594464],[-97.11588798270574,49.90611101882026],[-97.11457742905297,49.90567024864686],[-97.1140176866644,49.905491499653536],[-97.11334580017456,49.90532834971527],[-97.11219267332557,49.90509459253287],[-97.11170102302275,49.9049704165354],[-97.1112761348432,49.904839137529486],[-97.11022754213806,49.904464169768126],[-97.10988545265363,49.90433310145931],[-97.10956023248613,49.90418487812894],[-97.10931627929911,49.90402868538689],[-97.10908950695287,49.903847210463006],[-97.10867694868209,49.903402435421725],[-97.10857672959442,49.903159124430715],[-97.10856192062305,49.90284631569378],[-97.10860335219172,49.90268642398886],[-97.10876655801917,49.9022152385315],[-97.10895996182693,49.90186981054018],[-97.10924900912856,49.901516646693295],[-97.10956295852446,49.90126265344812],[-97.10985021728894,49.90106564508935],[-97.11019752500384,49.90086943609052],[-97.11060340238014,49.90072516118064],[-97.11111684574688,49.90061610240208],[-97.11186117058209,49.90049822339788],[-97.11269148169588,49.90042822930701],[-97.11351082062289,49.90040670758991],[-97.11547394082518,49.90039332243331],[-97.11615101786634,49.900421756690776],[-97.119711506579,49.90064107324709],[-97.12113183168391,49.90070825626824],[-97.12361369553567,49.900909965454865],[-97.12395959139337,49.90089697269052],[-97.12440391857764,49.900850713253845],[-97.12485134838995,49.900770805982035],[-97.12562053926722,49.9006043066142],[-97.1270895570515,49.90025041894752],[-97.12853644107827,49.899863621036396],[-97.12878433061518,49.89976382127738],[-97.12937307962422,49.8999451648632],[-97.12974919286812,49.90006583510518],[-97.12975675461446,49.900061188842365]]]},"properties":{"cluster":"Point Douglas South","neighbourhood_count":6,"neighbourhoods":"Dufferin; Dufferin Industrial; Lord Selkirk Park; North Point Douglas; South Point Douglas; William Whyte"}},{"type":"Feature","geometry":{"type":"Polygon","coordinates":[[[-97.05906129057936,49.90776834979398],[-97.06151109748168,49.906938551826634],[-97.06322541394927,49.90595505477909],[-97.06618689182206,49.90257827614548],[-97.06713064265465,49.90150206156387],[-97.06757452544196,49.90091195528294],[-97.06802057510033,49.90026732844622],[-97.068343792133,49.89952583136423],[-97.06895236112479,49.89834490483042],[-97.07222817330351,49.898935373799446],[-97.06935541973762,49.90286066568966],[-97.07748990853578,49.905562817396564],[-97.0776099973676,49.905601321414785],[-97.07759131860419,49.90562340480031],[-97.0777199447194,49.90566960459071],[-97.08050378653692,49.906593609870825],[-97.08050835178014,49.90659512557054],[-97.08079192223182,49.906689245819116],[-97.08107549380198,49.9067833653855],[-97.08108006047337,49.906784881086104],[-97.08136980469892,49.906884119338855],[-97.09366465814024,49.910961085747104],[-97.09368660295458,49.91094371666566],[-97.09369791144263,49.910947468794404],[-97.09378697023214,49.91097701482261],[-97.09394021712502,49.91102785556939],[-97.09391825777315,49.911045228151785],[-97.09410928912892,49.911108615638156],[-97.08933455549258,49.914885671784255],[-97.0843423226614,49.9188335979228],[-97.08254856622187,49.92025186277678],[-97.08239834188365,49.92037064076453],[-97.0813898423949,49.921168011330565],[-97.07648574708415,49.925041892005744],[-97.07100813281374,49.92937060490257],[-97.06308009831838,49.93563824365509],[-97.06298958560357,49.93570986948352],[-97.06289907261926,49.935781495237244],[-97.05822285321047,49.9394701629003],[-97.04372095474122,49.950919665259235],[-97.04354737467918,49.950842409680874],[-97.0433143039218,49.95073863411092],[-97.04235689572471,49.950312335240746],[-97.04133122603943,49.94985562527642],[-97.04030557589822,49.94939890643687],[-97.04023447980461,49.949367246876434],[-97.03989234621568,49.949214891346536],[-97.03966945207036,49.94911563328856],[-97.03930333472117,49.94895259379178],[-97.03928026572528,49.94894232086524],[-97.03895311519933,49.94879663232524],[-97.03860365376748,49.94864100643003],[-97.03825419596113,49.948485380426966],[-97.03722850176737,49.94802858914927],[-97.03620282851365,49.947571789019875],[-97.03517717341367,49.947114979992115],[-97.03415153786025,49.94665816208996],[-97.0334604459259,49.94635034005789],[-97.03250873347368,49.945926421298296],[-97.03183716138051,49.94562727560774],[-97.0308758129849,49.945199557958034],[-97.03000187402371,49.94481071695278],[-97.02359266786286,49.94195867943235],[-97.02319811923152,49.94178308649686],[-97.02279330533312,49.941602966240126],[-97.02239127426031,49.94142401513015],[-97.0219895275194,49.941245187885144],[-97.02158400659376,49.94106467792507],[-97.02117877073535,49.94088429160739],[-97.02077675208581,49.940705334685255],[-97.02037473643718,49.94052637639987],[-97.01997160642296,49.940346919845425],[-97.01956854770506,49.94016749231547],[-97.01916549200376,49.9399880634154],[-97.01881620444088,49.939832568362235],[-97.01846663785837,49.939676947055766],[-97.0179562747227,49.93944973809732],[-97.01755316391474,49.93927027361164],[-97.01715012344232,49.939090837726006],[-97.01674708598644,49.938911400470154],[-97.01634510027846,49.938732428657076],[-97.01594339821727,49.93855358043271],[-97.01553792304591,49.93837304958814],[-97.01432878721974,49.93783468727351],[-97.00858227051418,49.93527574068528],[-97.00788444894295,49.93496496052643],[-97.00712405716101,49.934626304276996],[-97.00628324248994,49.93425181967384],[-97.00490374042181,49.933637386887845],[-97.00153666203516,49.93213755040307],[-96.9980539518483,49.93058600741428],[-96.99728150069394,49.930241853939144],[-96.99820968650192,49.93024808175945],[-96.99916249201323,49.93025446793887],[-97.00193815239359,49.93027302581077],[-97.00235832131389,49.93027582886983],[-97.00532920957497,49.9302977033184],[-97.00991626959375,49.93033132849503],[-97.0135577450336,49.93035789366305],[-97.0136978028103,49.93035891250933],[-97.01384282539517,49.930359968564616],[-97.01394897063807,49.93036074076333],[-97.0140551172797,49.93036151288874],[-97.01416126392753,49.93036228491698],[-97.0142674091891,49.93036305682427],[-97.01437355584939,49.930363828658216],[-97.01447970247897,49.93036460129391],[-97.01458584775921,49.930365372909705],[-97.01469199443818,49.93036614445223],[-97.01479814112335,49.930366915897594],[-97.01490428642225,49.930367687221946],[-97.01501043311987,49.93036845847302],[-97.0151165798237,49.930369229626926],[-97.01522272510434,49.93037000155872],[-97.01532887182061,49.930370772518344],[-97.0154350185431,49.930371543380815],[-97.01571513296827,49.930373577245135],[-97.01582123650915,49.930374347914196],[-97.0159273400932,49.930375117587296],[-97.0160334436465,49.930375888062215],[-97.01613954720604,49.93037665844006],[-97.01624565220119,49.93037742784578],[-97.01635175577314,49.93037819802947],[-97.0164578593513,49.93037896811611],[-97.01656396297257,49.930379737206806],[-97.01667006656314,49.93038050709927],[-97.0167761715893,49.93038127601973],[-97.01688227519229,49.93038204571799],[-97.01698837880147,49.930382815319255],[-97.01709448245376,49.93038358392459],[-97.01720058607536,49.930384353331725],[-97.01730669109564,49.9303851226656],[-97.01741279476654,49.93038589097972],[-97.01751889840675,49.93038666009562],[-97.01762500209004,49.930387428215596],[-97.01773110574264,49.93038819713745],[-97.01783721079396,49.930388965985884],[-97.01794331449584,49.93038973381463],[-97.01804941816704,49.93039050244519],[-97.01815552184445,49.930391270978674],[-97.01826162695741,49.930392038540106],[-97.01836773064723,49.930392806879375],[-97.01847383438009,49.93039357422277],[-97.01857993808228,49.93039434236799],[-97.01868604179069,49.93039511041619],[-97.01879214693462,49.93039587749208],[-97.01889825065541,49.93039664534607],[-97.01899162183963,49.930397320579864],[-97.01925904349591,49.9303991802708],[-97.01939916460388,49.930400153728],[-97.01953928429306,49.93040112789108],[-97.01967940538533,49.93040210190846],[-97.019819526525,49.930403074857765],[-97.0199596462459,49.93040404851286],[-97.02009976740669,49.93040502112359],[-97.02023988854121,49.93040599446388],[-97.0203800082938,49.93040696761121],[-97.02052861886943,49.93040799920279],[-97.02278086644233,49.93042360918791],[-97.02355987157414,49.930428998428894],[-97.02476115135319,49.930437299335004],[-97.02479065118486,49.92844267789503],[-97.0247959179812,49.92808653149071],[-97.02480661692645,49.927363053555204],[-97.0248092898825,49.92718222518106],[-97.0248306852629,49.925735242004116],[-97.02483335925461,49.92555441360305],[-97.02485475178072,49.92410743002014],[-97.02485742541573,49.923926601568176],[-97.02486910850173,49.92313624441109],[-97.0248741546876,49.92279486173502],[-97.02487680488495,49.9226156222791],[-97.02487824069911,49.92251848404064],[-97.02488686670912,49.92193488562597],[-97.0249101504229,49.92035948543079],[-97.02492486454175,49.9193638324225],[-97.02493755269722,49.91850517054123],[-97.02493957745976,49.918368179243366],[-97.02495441899613,49.917363757891565],[-97.02497578252566,49.91591767602333],[-97.02497985872685,49.91571843694186],[-97.02540038935147,49.915650451218006],[-97.03445261610521,49.914186590913346],[-97.03573361052227,49.91397937323745],[-97.04704173462574,49.912154855692286],[-97.04746484871733,49.91208637810135],[-97.05677171343187,49.91057969556729],[-97.0582062757599,49.908474935880264],[-97.05906129057936,49.90776834979398]]]},"properties":{"cluster":"River East East","neighbourhood_count":10,"neighbourhoods":"Eaglemere; Grassie; Kil-Cona Park; Kildonan Crossing; McLeod Industrial; Munroe East; North Transcona Yards; Springfield North; Springfield South; Valley Gardens"}},{"type":"Feature","geometry":{"type":"Polygon","coordinates":[[[-97.10614307867554,49.90258655003657],[-97.10662472140311,49.90257164641522],[-97.10755207719069,49.90262544527948],[-97.10860335219172,49.90268642398886],[-97.10856192062305,49.90284631569378],[-97.10857672959442,49.903159124430715],[-97.10867694868209,49.903402435421725],[-97.10908950695287,49.903847210463006],[-97.10931627929911,49.90402868538689],[-97.10956023248613,49.90418487812894],[-97.10988545265363,49.90433310145931],[-97.11022754213806,49.904464169768126],[-97.1112761348432,49.904839137529486],[-97.11170102302275,49.9049704165354],[-97.11219267332557,49.90509459253287],[-97.11334580017456,49.90532834971527],[-97.1140176866644,49.905491499653536],[-97.11457742905297,49.90567024864686],[-97.11588798270574,49.90611101882026],[-97.11637338638782,49.906304818594464],[-97.11682593276578,49.90651086363812],[-97.11952542259809,49.907878135208115],[-97.120340073788,49.90827384493528],[-97.12123295873857,49.90870754212269],[-97.12411963537573,49.91031128877301],[-97.12564237576959,49.91136423557445],[-97.12589523168528,49.91161814057017],[-97.12626140935221,49.9121515802628],[-97.1265284206278,49.91273686544894],[-97.12690399344783,49.91377125074923],[-97.12694703301104,49.91403222058075],[-97.12688680307204,49.91502935344923],[-97.1267867528024,49.91556803869636],[-97.12668581057999,49.91585108278487],[-97.12662760861207,49.91595248680389],[-97.12651598952466,49.91614695699531],[-97.12615818175183,49.91665010367514],[-97.12575734273389,49.91710259021498],[-97.12532412479602,49.917554551808045],[-97.12469189323615,49.91812645836471],[-97.12402324445564,49.918523481369924],[-97.12307051352921,49.91896005547234],[-97.12233972352763,49.91919571519239],[-97.12134001309059,49.919404936145995],[-97.12031979633007,49.919585929498325],[-97.11912907774665,49.91975485240979],[-97.11805862706623,49.919878289935575],[-97.1165592624168,49.91938028618146],[-97.11497458425106,49.91885391431536],[-97.11493684304135,49.91884137778333],[-97.11471003495154,49.91876603712923],[-97.11467228660204,49.918753497893114],[-97.11448355955085,49.91869080707431],[-97.11429483438776,49.918628115975864],[-97.11420047129607,49.91859677030198],[-97.11410610832834,49.91856542455254],[-97.11391738415702,49.91850273284964],[-97.11372865908936,49.91844004082185],[-97.11353993455265,49.91837734759286],[-97.11335121186899,49.91831465498326],[-97.11316248828896,49.918251962048764],[-97.11293602093998,49.918176729773386],[-97.11274922533093,49.918114675955],[-97.11164851550835,49.91946288356884],[-97.10961460766984,49.921626793492614],[-97.09660911330654,49.91730584778086],[-97.0897780020023,49.915035460983276],[-97.08965129564292,49.91499266185048],[-97.08933455549258,49.914885671784255],[-97.09410928912892,49.911108615638156],[-97.09391825777315,49.911045228151785],[-97.09394021712502,49.91102785556939],[-97.09378697023214,49.91097701482261],[-97.09369791144262,49.910947468794404],[-97.09368660295458,49.91094371666566],[-97.09366465814024,49.910961085747104],[-97.08136980469892,49.906884119338855],[-97.08108006047337,49.906784881086104],[-97.08107549380198,49.9067833653855],[-97.08079192223182,49.906689245819116],[-97.08050835178014,49.90659512557054],[-97.08050378653692,49.906593609870825],[-97.0777199447194,49.90566960459071],[-97.07759131860419,49.90562340480031],[-97.0776099973676,49.905601321414785],[-97.07748990853578,49.905562817396564],[-97.06935541973762,49.90286066568966],[-97.07222817330351,49.898935373799446],[-97.06895236112479,49.89834490483042],[-97.06904244502697,49.89817009191303],[-97.06933819226715,49.897484019775725],[-97.06994193770196,49.89636488203512],[-97.0707435257292,49.89522347860448],[-97.07116535532109,49.89417362478468],[-97.0998258839629,49.89929595933721],[-97.10043024342585,49.89936416214281],[-97.10119939415272,49.89942562095701],[-97.10199915652552,49.89945999253205],[-97.102770137656,49.89946494229744],[-97.10321015699324,49.899455394966054],[-97.10706018506829,49.89921955934283],[-97.10721055796391,49.89921034552076],[-97.10740441862191,49.899594206297024],[-97.10614307867554,49.90258655003657]]]},"properties":{"cluster":"River East South","neighbourhood_count":5,"neighbourhoods":"Chalmers; East Elmwood; Glenelm; Talbot-Grey; Tyne-Tees"}},{"type":"Feature","geometry":{"type":"Polygon","coordinates":[[[-97.08423495558162,49.91891849522283],[-97.0843423226614,49.9188335979228],[-97.08933455549258,49.914885671784255],[-97.08965129564292,49.91499266185048],[-97.0897780020023,49.915035460983276],[-97.09660911330654,49.91730584778086],[-97.10961460766984,49.921626793492614],[-97.11164851550835,49.91946288356884],[-97.11274922533093,49.918114675955],[-97.11293602093998,49.918176729773386],[-97.11316248828896,49.918251962048764],[-97.11335121186899,49.91831465498326],[-97.11353993455265,49.91837734759286],[-97.11372865908936,49.91844004082185],[-97.11391738415702,49.91850273284964],[-97.11410610832834,49.91856542455254],[-97.11420047129607,49.91859677030198],[-97.11429483438776,49.918628115975864],[-97.11448355955085,49.91869080707431],[-97.11467228660204,49.918753497893114],[-97.11471003495154,49.91876603712923],[-97.11493684304135,49.91884137778333],[-97.11497458425106,49.91885391431536],[-97.1165592624168,49.91938028618146],[-97.11805862706623,49.919878289935575],[-97.11740788958241,49.91996045779725],[-97.11702168733916,49.920034356661674],[-97.11657832765587,49.92014334667928],[-97.11604777797189,49.92032522866161],[-97.11550397691738,49.9205116494754],[-97.11432263873256,49.92103855083519],[-97.11356361257488,49.92144221538159],[-97.11304251391253,49.92179044970343],[-97.1124624421365,49.92231201238329],[-97.11203418024888,49.92277097561272],[-97.11087332099555,49.924245155347705],[-97.11044833305321,49.9249864942202],[-97.11025910057631,49.925500492247934],[-97.11021888431675,49.925633193803435],[-97.11001311523565,49.926312157644155],[-97.10989922346674,49.927199184469565],[-97.10989103748548,49.92800659863917],[-97.10996076300597,49.92852479810493],[-97.11022208379056,49.92934473873964],[-97.11062398941385,49.930298268692376],[-97.1110444834709,49.93137526532967],[-97.11117312460016,49.93181424981383],[-97.11143191921131,49.93325229692327],[-97.11140204766572,49.93401636541],[-97.11125949965205,49.93480764683135],[-97.11105825432537,49.935350479076874],[-97.1107769821038,49.9359140838491],[-97.1105144922993,49.93627349302196],[-97.10997245517234,49.93687583779993],[-97.10940162966234,49.93733944010585],[-97.10874251828211,49.937758607930085],[-97.10798464410352,49.938125035257606],[-97.10728567250833,49.93841224550282],[-97.10522232520383,49.93896764815081],[-97.1042096059638,49.93922066401508],[-97.10203888280093,49.93966619438588],[-97.10079920095968,49.94000498358527],[-97.10068304003825,49.940036727950215],[-97.09917420289015,49.94054415359057],[-97.0982710658129,49.940893030001575],[-97.0971516304654,49.94152190031976],[-97.09669857053568,49.94187117616266],[-97.0964376450258,49.94218758228105],[-97.09617813795637,49.94278752074834],[-97.09615808077565,49.9430207375274],[-97.09616120835774,49.94343909241179],[-97.0962600045118,49.94408443278341],[-97.09645335560809,49.944616270665385],[-97.09687107209696,49.94530169427828],[-97.09737603031398,49.94605826766867],[-97.09783246333673,49.94667577208668],[-97.0980474722968,49.94706741115486],[-97.0981936369749,49.947426503325985],[-97.09829013531748,49.948131063769274],[-97.0982616399793,49.94885449226835],[-97.09815620654656,49.94928964019727],[-97.09794290354199,49.94972186236691],[-97.09725516611094,49.95062019026365],[-97.09667971315805,49.95106876049763],[-97.09628424186113,49.95118888922027],[-97.09545812538371,49.95135893197576],[-97.0946712038697,49.95144941106533],[-97.0938874967579,49.95145976769147],[-97.09305420583118,49.95140074392084],[-97.09169064983281,49.95118312393569],[-97.09022174732725,49.950985799563284],[-97.08890939999182,49.9508840075779],[-97.08780674071558,49.950854212239285],[-97.08669996378677,49.95092774336259],[-97.08562275224659,49.95116325898408],[-97.08475877646146,49.95142440026951],[-97.08418143932661,49.95163330945942],[-97.08265450722897,49.95240047566516],[-97.08188891323762,49.95285959907625],[-97.08113765092872,49.953410671219814],[-97.08023556149013,49.95417656291462],[-97.0775341341035,49.95630346939006],[-97.07646712355756,49.95718279104434],[-97.07461369642223,49.95854170914233],[-97.07341918919414,49.959499059785806],[-97.0730169933538,49.95989096670383],[-97.07260777265292,49.96028965534561],[-97.07216779109642,49.960798241960845],[-97.07131902289345,49.96171019272319],[-97.07029408866013,49.96274493572986],[-97.06919908626111,49.96225795946413],[-97.06819666392754,49.96181213914013],[-97.06809314410064,49.961766098083125],[-97.06783104991995,49.961649529722116],[-97.06687507682419,49.96122611187293],[-97.06670110859342,49.96114752802306],[-97.06652660247039,49.96106890035159],[-97.06606582495833,49.96086403311813],[-97.06586166366837,49.9607732588553],[-97.06561694509587,49.96066445185969],[-97.06526385207202,49.96050745717847],[-97.06491216001707,49.96035108385127],[-97.0644227325708,49.960133466331826],[-97.04389449300879,49.95099695400136],[-97.04372095474122,49.95091966525933],[-97.05822285321047,49.9394701629003],[-97.06289907261926,49.935781495237244],[-97.06298958560357,49.93570986948352],[-97.06308009831838,49.93563824365509],[-97.07100813281374,49.92937060490257],[-97.07648574708415,49.925041892005744],[-97.08138984239488,49.921168011330565],[-97.08239834188329,49.92037064077352],[-97.08423495558162,49.91891849522283]]]},"properties":{"cluster":"River East West","neighbourhood_count":6,"neighbourhoods":"Kildonan Drive; Munroe West; River East; Rossmere-A; Rossmere-B; Valhalla"}},{"type":"Feature","geometry":{"type":"Polygon","coordinates":[[[-97.15243111687242,49.85418038954416],[-97.15124785951475,49.855391867654134],[-97.14853540404333,49.859985797223906],[-97.14850001394035,49.860045756788494],[-97.14551294524618,49.86510600807877],[-97.1449809076142,49.86600071169732],[-97.14081203702835,49.87307137945886],[-97.14202250194506,49.87457754257602],[-97.1484591707851,49.872425076646394],[-97.16141185849662,49.86810619774432],[-97.16172764272414,49.86850483829977],[-97.16330709243925,49.87049822914395],[-97.16116280192439,49.87120245690535],[-97.1590341594243,49.87191525394058],[-97.15687585694019,49.872625082357544],[-97.15656052875974,49.872730056898725],[-97.15778795143486,49.873065387193904],[-97.15765331370424,49.87319941463556],[-97.15710255166076,49.87374179894515],[-97.1568592930842,49.87398399488302],[-97.1558796037573,49.87373897600923],[-97.15476666307174,49.87373770244194],[-97.15388218632783,49.873944318069704],[-97.15298601971517,49.87443884829151],[-97.15250360806651,49.87502399348035],[-97.1523577504221,49.87559745597936],[-97.15310201704283,49.87734293755484],[-97.15483156899954,49.87908341831767],[-97.15491914705834,49.87920082470036],[-97.15501641268503,49.87957298263123],[-97.15499093188798,49.87995838518589],[-97.15486091844869,49.88030372278684],[-97.15465133658701,49.880565325882365],[-97.15438749023284,49.880790001854756],[-97.15401545322167,49.88097113587891],[-97.15344600403847,49.88114570652392],[-97.15306383143363,49.88127343631919],[-97.15286861709393,49.881338673874424],[-97.15226506682869,49.881510267147114],[-97.15173547494346,49.881629706964745],[-97.15122100767363,49.88168067758188],[-97.15056559194113,49.881656282377755],[-97.14986206504393,49.881668347376305],[-97.14921903765313,49.88169522366056],[-97.14844399414733,49.88174565946164],[-97.1477084330216,49.88174663641461],[-97.14699499889298,49.88178055903242],[-97.14627953331072,49.8818225386541],[-97.14556379798596,49.881871524244815],[-97.14492976842217,49.88194501555529],[-97.1443309103237,49.88204118976484],[-97.14367100375662,49.88218170894801],[-97.14319415955109,49.88226292408596],[-97.1430229243509,49.882292106771175],[-97.14240272285872,49.882429747505526],[-97.1417845307586,49.8826046490121],[-97.14114395568969,49.88285113392046],[-97.14052362139589,49.88312932630083],[-97.13994106426557,49.88340704242108],[-97.13937029736849,49.883661562557315],[-97.13872953311262,49.88390929020877],[-97.13806800669497,49.88418330071716],[-97.13751771066266,49.88441844549182],[-97.1368992127982,49.8846955689102],[-97.1362462326045,49.88493490274032],[-97.13550122492624,49.88513435165971],[-97.13475792861011,49.885333913281535],[-97.13389625461593,49.88552796714732],[-97.13311134033853,49.88563655642566],[-97.13300850697284,49.88565081812566],[-97.13220499803094,49.885735449639526],[-97.13111924319279,49.88577145851739],[-97.13004607023589,49.88576107537627],[-97.12897794946055,49.88575660942953],[-97.1279200154884,49.885723250085064],[-97.12727120336521,49.885731745120204],[-97.12681410814375,49.88578055844957],[-97.12711745637218,49.8854871235027],[-97.12884476189767,49.88395038346861],[-97.13029333575996,49.88275055446524],[-97.13174030761004,49.88155197357888],[-97.13202817766164,49.88128380034205],[-97.13260610381454,49.88069054470742],[-97.13317239454102,49.88019398560973],[-97.13454354873616,49.87908401548014],[-97.13517231745054,49.87850091409926],[-97.13568425783573,49.877911680832376],[-97.13587914414197,49.87763587233839],[-97.13623646758313,49.87713016907523],[-97.13661674677813,49.87650991844493],[-97.1369639232448,49.87586108828449],[-97.1372039924581,49.87512469737294],[-97.13736050223751,49.8742356836321],[-97.13740682411861,49.87357861723067],[-97.13731068694081,49.87293285953986],[-97.13701340844236,49.87225157317168],[-97.13667959644553,49.871699731025984],[-97.13634069788398,49.87131438354545],[-97.1361090405356,49.871115184777615],[-97.13567605190947,49.87088555090633],[-97.13507465481986,49.87062430963249],[-97.13441643407216,49.87040464483742],[-97.13354742979348,49.87016118480347],[-97.1330607997783,49.870095554998215],[-97.13230497507612,49.870054481636735],[-97.13122516101994,49.87009486819954],[-97.13025409226098,49.870179493345624],[-97.12910141148224,49.870369964303144],[-97.12789411925637,49.870544243780834],[-97.12676599617295,49.87067729598636],[-97.12429845083365,49.870932299170114],[-97.12329476442369,49.871009539137745],[-97.12221410028543,49.87107107522583],[-97.12137823213997,49.87109322512232],[-97.12021182958267,49.871059865290896],[-97.11910332305894,49.87099173804074],[-97.11800626402727,49.87086599375218],[-97.11691247417575,49.87069014883569],[-97.11664218712531,49.87062755822375],[-97.11581125353945,49.87043513325943],[-97.11495504164408,49.87013564873187],[-97.11448596445707,49.86989005018272],[-97.1138903879002,49.8694826123786],[-97.11343191263205,49.86896521805824],[-97.113100117505,49.868470281614314],[-97.1128335425633,49.86785402232733],[-97.11271632113436,49.86721809740904],[-97.11277638365297,49.86613419376058],[-97.1128351840297,49.86580624463556],[-97.1129518983917,49.86547668877589],[-97.11319243889534,49.86497237205847],[-97.1139578873625,49.86368365259626],[-97.11449452904158,49.862698865277984],[-97.11483556531054,49.862145186707885],[-97.11520518506381,49.861667612027276],[-97.11664686245075,49.86009325921837],[-97.11708176290166,49.85969407922865],[-97.11753530717517,49.85932239687495],[-97.11812706538109,49.85891216251648],[-97.11953856353534,49.85807668667965],[-97.120287741145,49.857708090384],[-97.12193796172076,49.857020088325655],[-97.12289372696286,49.85664547413721],[-97.12387450037315,49.856337548238095],[-97.12661090355526,49.85565574505968],[-97.12685973862726,49.855593741039364],[-97.12802103901195,49.855341390956745],[-97.1290961500823,49.85514203072547],[-97.12991770954375,49.85500656040291],[-97.13069568524249,49.85491032600686],[-97.1315138295014,49.854863177637036],[-97.1324350027079,49.85483723125371],[-97.133744511535,49.85483112997973],[-97.13477026308148,49.85485444276638],[-97.13591109386611,49.85485920025393],[-97.13694787287783,49.85483507743365],[-97.1379347872755,49.85477444889207],[-97.1389317764727,49.8546910267881],[-97.13981596656734,49.85456680286754],[-97.14014241347756,49.85452093697053],[-97.14112182949617,49.854347126007326],[-97.14205052540134,49.854158895470704],[-97.1426215106545,49.85399746634774],[-97.14318380102391,49.853811607092375],[-97.14421691115544,49.853333520940055],[-97.14461363870504,49.85306086250972],[-97.14506882739884,49.85362403943044],[-97.14534598167943,49.85396693816537],[-97.145439898475,49.853935206128824],[-97.14545868409692,49.853928858804764],[-97.14557137359643,49.853890782948234],[-97.14562773034555,49.85387174090144],[-97.1456840873137,49.85385269915173],[-97.14579867473876,49.85381398240532],[-97.14581556308593,49.853808276284525],[-97.1460033939498,49.85374481133465],[-97.14603307744719,49.85373478175677],[-97.14613112029716,49.853701654369786],[-97.14625499993659,49.85365979704105],[-97.14664710433945,49.85414489282895],[-97.1519346105842,49.85235979145012],[-97.15201010542503,49.85263662581718],[-97.15243111687242,49.85418038954416]]]},"properties":{"cluster":"River Heights East","neighbourhood_count":5,"neighbourhoods":"Lord Roberts; McMillan; River-Osborne; Riverview; Roslyn"}},{"type":"Feature","geometry":{"type":"Polygon","coordinates":[[[-97.20664746664328,49.857229046390394],[-97.20599197981004,49.8641543685749],[-97.2054809337122,49.86956112669131],[-97.20517064516572,49.8728432379294],[-97.20238150684098,49.87582305309853],[-97.20286075004897,49.87655068928519],[-97.20305060313892,49.87683893723789],[-97.2022984876724,49.87695912942638],[-97.2013191174647,49.8771379793847],[-97.2004137189481,49.87730983601405],[-97.19969396599005,49.877469463981434],[-97.19920084622345,49.87762679904136],[-97.19875044450492,49.87784405470812],[-97.19796467019678,49.878086305536385],[-97.19713874404032,49.87824775281009],[-97.19614778918935,49.87839849251117],[-97.19559095040762,49.878431655166814],[-97.19436448352575,49.87836246683016],[-97.19367972069146,49.87833217043951],[-97.19281689618278,49.878229251872014],[-97.1910347879792,49.87809106867788],[-97.19026488742732,49.87809996545884],[-97.18974017780047,49.878139411329826],[-97.18924493048614,49.87820836357246],[-97.18883519972633,49.87829840294939],[-97.18829448905417,49.878477024961406],[-97.18751504516376,49.8786925795161],[-97.18467450086159,49.8793046229736],[-97.18401978760915,49.87940591356332],[-97.18333197377044,49.879478795134226],[-97.18282775309672,49.87949877793129],[-97.18231375896112,49.87947328962504],[-97.18162473053016,49.8793869562872],[-97.18106289412745,49.87926543281067],[-97.18048185347264,49.879080860379524],[-97.17998102177563,49.87886733403723],[-97.17954435671683,49.87862111704533],[-97.17808578689693,49.87767445729638],[-97.17751111666743,49.87732148853731],[-97.17676955335953,49.87691244250592],[-97.17610751425023,49.87663594235318],[-97.17544916886791,49.87645245179065],[-97.17477654243478,49.87631404827413],[-97.17410435899889,49.876211667985224],[-97.1728136007963,49.87615879313849],[-97.17203483401524,49.87616510499597],[-97.17132658391547,49.876208544365035],[-97.17024311948754,49.876379680039676],[-97.16992882737729,49.8764653495417],[-97.16928406376663,49.8766840700588],[-97.16802659568422,49.87717661835186],[-97.16604268290045,49.87800159596705],[-97.16550478411975,49.878198747545504],[-97.16487343737148,49.87839441716598],[-97.16427246711912,49.87854757261344],[-97.16374075767865,49.878628619888524],[-97.16349259541194,49.87862933594706],[-97.16310410074286,49.87858483575971],[-97.16262068493073,49.87848305640962],[-97.16212907992019,49.87836023022568],[-97.1616965245316,49.878197670504484],[-97.1616965245316,49.87819767050449],[-97.16126119033011,49.87796792396186],[-97.16084969314547,49.877722945654874],[-97.16053705147534,49.877433308582575],[-97.16028898360908,49.87710054176683],[-97.15971302056774,49.87621761769715],[-97.15937444013794,49.87580672345318],[-97.15858642106855,49.874969227361746],[-97.15811480393756,49.874558539512186],[-97.1576141058786,49.87425080037902],[-97.1570292416988,49.87402886652939],[-97.1568592930842,49.87398399488302],[-97.15710255166076,49.87374179894515],[-97.15765331370424,49.87319941463556],[-97.15778795143486,49.873065387193904],[-97.15656052875974,49.872730056898725],[-97.15687585694019,49.872625082357544],[-97.1590341594243,49.87191525394058],[-97.16116280192439,49.87120245690535],[-97.16330709243924,49.87049822914395],[-97.16172764272414,49.868504838299884],[-97.16141185849662,49.86810619774432],[-97.14845917078512,49.872425076646394],[-97.14202250194506,49.87457754257602],[-97.14081203702835,49.87307137945886],[-97.1449809076142,49.86600071169732],[-97.14551294524618,49.86510600807877],[-97.14850001392642,49.86004575678827],[-97.14853540404334,49.85998579722383],[-97.15124785951475,49.855391867654134],[-97.15243111687242,49.85418038954416],[-97.15265137122894,49.853970587125794],[-97.15354544900657,49.853144510219934],[-97.15424490258444,49.85280486759625],[-97.15507439131379,49.85256895144148],[-97.15593646627164,49.852433650149834],[-97.1570486671046,49.85231803637829],[-97.17615035641555,49.8505378820856],[-97.17887194168459,49.85028344911984],[-97.19243694347468,49.84901638362986],[-97.1967207296841,49.84861573784637],[-97.19941207991579,49.84836347033056],[-97.20755539371444,49.8476022133994],[-97.20696835030512,49.85381441075006],[-97.20664746664328,49.857229046390394]]]},"properties":{"cluster":"River Heights West","neighbourhood_count":12,"neighbourhoods":"Central River Heights; Crescentwood; Earl Grey; Ebby-Wentworth; Grant Park; J. B. Mitchell; Mathers; North River Heights; Rockwood; Sir John Franklin; South River Heights; Wellington Crescent"}},{"type":"Feature","geometry":{"type":"Polygon","coordinates":[[[-97.13656472298183,49.93300403085252],[-97.14409911155519,49.93543071312743],[-97.14512717706565,49.935761743589765],[-97.15848654230025,49.94006233991503],[-97.15845215601404,49.94010175626436],[-97.1589080487223,49.940248481225034],[-97.15909457799629,49.94030993202077],[-97.15916472134121,49.94023011472809],[-97.15935372930272,49.94029094833769],[-97.15976337144052,49.94042266344608],[-97.15980364348528,49.9403704321282],[-97.15981827908114,49.940351449409185],[-97.15983601635568,49.940328446897105],[-97.16347028215705,49.94149788301363],[-97.16345450011502,49.94151840418832],[-97.1633983548585,49.94159137141617],[-97.16335752579413,49.94164443436444],[-97.16314973121949,49.94191448538098],[-97.16293419090451,49.94219459827183],[-97.16285030187406,49.942303619929426],[-97.16275609868819,49.94242604156364],[-97.16254418133136,49.9427014411189],[-97.16233186276118,49.942977356533156],[-97.16212662560505,49.943244066846326],[-97.16212422666823,49.94324718424582],[-97.16198002872551,49.94343457118029],[-97.16197700661353,49.94343849723758],[-97.16195441880703,49.943467851253764],[-97.16172996799064,49.94375952126588],[-97.16171213662315,49.94378269286533],[-97.16152661278163,49.94402377684899],[-97.16138533711451,49.94420735864453],[-97.16122959269285,49.94440974050787],[-97.16080928818303,49.944955895177124],[-97.16052288989363,49.9453280392759],[-97.16016374586205,49.94579470045188],[-97.15961246227124,49.946511001943904],[-97.15955000712452,49.94659198643227],[-97.16099029107147,49.94707937091254],[-97.16101862488907,49.95767223212508],[-97.16101807868874,49.96809567998849],[-97.16080793770867,49.968078238740496],[-97.14729996407682,49.96373493462543],[-97.14027772179246,49.961626782093894],[-97.13869909746576,49.96334494578175],[-97.13595320909248,49.96646300500212],[-97.13523253735015,49.96714664807656],[-97.13435137894665,49.96774699740296],[-97.13418042106694,49.96784333860737],[-97.13372109100918,49.96807670728239],[-97.13323648444442,49.96828774140227],[-97.13272920628144,49.96847530647094],[-97.13220198340828,49.968638394149096],[-97.13149189229044,49.96883768674712],[-97.12362837148252,49.9652593624334],[-97.10858454416233,49.958410669437285],[-97.09226417516169,49.96850288405282],[-97.09208607263282,49.9684232225948],[-97.09207789002721,49.96842828416381],[-97.09198894928663,49.96838837091113],[-97.0861072375471,49.96574858453583],[-97.08232072035939,49.964054313674495],[-97.08208376286548,49.96394842256716],[-97.08184680641871,49.96384253098593],[-97.0787155507619,49.96244136487884],[-97.07406567067991,49.960360344816905],[-97.0730169933538,49.95989096670383],[-97.07341918919414,49.959499059785806],[-97.07461369642223,49.95854170914233],[-97.07646712355756,49.95718279104434],[-97.0775341341035,49.95630346939006],[-97.08023556149013,49.95417656291462],[-97.08113765092872,49.953410671219814],[-97.08188891323762,49.95285959907625],[-97.08265450722897,49.95240047566516],[-97.08418143932661,49.95163330945942],[-97.08475877646146,49.95142440026951],[-97.08562275224659,49.95116325898408],[-97.08669996378677,49.95092774336259],[-97.08780674071558,49.950854212239285],[-97.08890939999182,49.9508840075779],[-97.09022174732725,49.950985799563284],[-97.09169064983281,49.95118312393569],[-97.09305420583118,49.95140074392084],[-97.0938874967579,49.95145976769147],[-97.0946712038697,49.95144941106533],[-97.09545812538371,49.95135893197576],[-97.09628424186113,49.95118888922027],[-97.09667971315805,49.95106876049763],[-97.09725516611094,49.95062019026365],[-97.09794290354199,49.94972186236691],[-97.09815620654656,49.94928964019727],[-97.0982616399793,49.94885449226835],[-97.09829013531748,49.948131063769274],[-97.0981936369749,49.947426503325985],[-97.0980474722968,49.94706741115486],[-97.09783246333673,49.94667577208668],[-97.09737603031398,49.94605826766867],[-97.09687107209696,49.94530169427828],[-97.09645335560809,49.944616270665385],[-97.0962600045118,49.94408443278341],[-97.09616120835774,49.94343909241179],[-97.09615808077565,49.9430207375274],[-97.09617813795637,49.94278752074834],[-97.0964376450258,49.94218758228105],[-97.09669857053568,49.94187117616266],[-97.0971516304654,49.94152190031976],[-97.0982710658129,49.940893030001575],[-97.09917420289015,49.94054415359057],[-97.10068304003825,49.940036727950215],[-97.10079920095968,49.94000498358527],[-97.10203888280093,49.93966619438588],[-97.1042096059638,49.93922066401508],[-97.10522232520383,49.93896764815081],[-97.10728567250833,49.93841224550282],[-97.10798464410352,49.938125035257606],[-97.10874251828211,49.937758607930085],[-97.10940162966234,49.93733944010585],[-97.10997245517234,49.93687583779993],[-97.1105144922993,49.93627349302196],[-97.1107769821038,49.9359140838491],[-97.11105825432537,49.935350479076874],[-97.11125949965205,49.93480764683135],[-97.11140204766572,49.93401636541],[-97.11143191921131,49.93325229692327],[-97.11117312460016,49.93181424981383],[-97.1110444834709,49.93137526532967],[-97.11062398941385,49.930298268692376],[-97.11022208379056,49.92934473873964],[-97.10996076300597,49.92852479810493],[-97.10989103748548,49.92800659863917],[-97.10989922346674,49.927199184469565],[-97.11001311523565,49.926312157644155],[-97.11021888431675,49.925633193803435],[-97.11121286587823,49.92595261189924],[-97.11223654137626,49.92628259520394],[-97.11228288685908,49.92629753401247],[-97.11281631521493,49.92646947984729],[-97.11294972248122,49.9265123202451],[-97.11296842171446,49.92644832343853],[-97.1171448373342,49.92779145321216],[-97.11732290876513,49.92735844628211],[-97.11946467580027,49.92804907595438],[-97.11917373974859,49.92845093751123],[-97.12222527644973,49.929434482895836],[-97.12241514043679,49.929495674034314],[-97.12260500522056,49.92955686496624],[-97.12285753482796,49.92963828938824],[-97.1233598476349,49.928748724040545],[-97.13656472298183,49.93300403085252]]]},"properties":{"cluster":"Seven Oaks East","neighbourhood_count":11,"neighbourhoods":"Garden City; Jefferson; Kildonan Park; Leila-McPhillips Triangle; Leila North; Margaret Park; Riverbend; Rivergrove; Seven Oaks; Templeton-Sinclair; West Kildonan Industrial"}},{"type":"Feature","geometry":{"type":"Polygon","coordinates":[[[-97.16406338620338,49.941805013950024],[-97.16415839136687,49.94183553400854],[-97.16472831175207,49.94201840269888],[-97.16539322396524,49.942231745111464],[-97.16569565737049,49.942330170573534],[-97.1662751316711,49.942516331848566],[-97.16673141317683,49.94266291317962],[-97.16712146850729,49.9427883215395],[-97.16721651233914,49.94281887835803],[-97.16750164171165,49.94291055010718],[-97.16810992343778,49.94310611363065],[-97.16887028054224,49.943350563133514],[-97.16924057827103,49.94346960859948],[-97.17045717250126,49.94386071359392],[-97.17077118075922,49.94396165627772],[-97.1711034969194,49.94406848293464],[-97.17120615007995,49.94410148165615],[-97.17130880198961,49.94413448026618],[-97.17141145407547,49.94416747788776],[-97.17151251024461,49.944199962727176],[-97.17162816505606,49.94423714094724],[-97.17173861192055,49.944272643937495],[-97.17185590171312,49.94431034692489],[-97.17197535922844,49.94434874689192],[-97.17207345128712,49.944380277821146],[-97.17217446979626,49.94441274979111],[-97.17228928837771,49.94444965780873],[-97.17240026879357,49.944485331902435],[-97.17240544017488,49.944486994194385],[-97.17250733360501,49.94451974681048],[-97.17260998731633,49.94455274428607],[-97.17271169100053,49.94458543526363],[-97.1728143449948,49.94461843256108],[-97.17352912618145,49.94484818642836],[-97.17398537338782,49.944994836449155],[-97.17463933317372,49.94520503041873],[-97.17494342563657,49.94530276773666],[-97.17541857356638,49.94545548068251],[-97.17567705613541,49.945538555358425],[-97.17596212770549,49.945630174707816],[-97.17607618466809,49.945666831199574],[-97.17618640280254,49.94570225453607],[-97.1762966552366,49.94573768874035],[-97.1764068748205,49.945773111385094],[-97.17651712788764,49.94580854499122],[-97.17662738122891,49.9458439783514],[-97.1767376011942,49.94587940082928],[-97.1768516590945,49.94591605691417],[-97.1771367340084,49.946007673952266],[-97.17718614475383,49.94602355312624],[-97.17739522256676,49.94609074485611],[-97.1776537106331,49.94617381517058],[-97.1779387900456,49.94626543027388],[-97.17805284977135,49.94630208520983],[-97.17809848579485,49.9463167508935],[-97.17816307185808,49.946337506354084],[-97.17827332764391,49.94637293817208],[-97.1783835487955,49.94640835891697],[-97.1784938047789,49.94644379069961],[-97.17860406105797,49.946479222208346],[-97.17871428396248,49.94651464283612],[-97.17874469439569,49.94652441581389],[-97.17882834477565,49.946551297166636],[-97.17911342880916,49.9466429092799],[-97.17937192286472,49.946725975822055],[-97.17973077591303,49.94684129167003],[-97.17998023257927,49.94692145245685],[-97.18005826802255,49.946946528321675],[-97.18026525757487,49.94701304069765],[-97.18026734822152,49.94701371304426],[-97.18049087366767,49.947085538750066],[-97.18071439836055,49.94715736490861],[-97.18093811520231,49.9472292512139],[-97.18114719788176,49.94729643437399],[-97.18154433948834,49.94742404479841],[-97.18165336740664,49.947459077052415],[-97.18243268150624,49.947709480891724],[-97.1825740703707,49.94775531493357],[-97.18271274320803,49.94779946584065],[-97.18415649795959,49.94826320584415],[-97.18455945699336,49.948392632958274],[-97.18489018900506,49.94849886001801],[-97.18509927384994,49.948566015330655],[-97.18530835931782,49.948633169373025],[-97.18552504695488,49.94870276537318],[-97.185753141163,49.948776023152334],[-97.18600024364231,49.9488553858416],[-97.18618287244261,49.948914040699705],[-97.18620172857212,49.94892009687609],[-97.18640321404907,49.94898480756578],[-97.18660469871374,49.94904951698987],[-97.18680618528495,49.9491142269899],[-97.18700767101012,49.94917893662329],[-97.18720915870932,49.94924364503468],[-97.18741064692192,49.949308354000195],[-97.18761213428847,49.9493730625991],[-97.18781362362907,49.949437769975965],[-97.18801511208986,49.949502477885176],[-97.18821660249097,49.94956718547132],[-97.18841581106842,49.949631159951785],[-97.18865151745652,49.94970685427911],[-97.18903169083305,49.949828941434916],[-97.189112477863,49.949854884166726],[-97.18927272153093,49.94990634391544],[-97.1897536461761,49.95006078061172],[-97.19007566817278,49.950164286811734],[-97.1907578951021,49.95038356780021],[-97.19111477126278,49.950498272352334],[-97.19139506650998,49.95058836167609],[-97.19171049967949,49.950689743427375],[-97.19196134594156,49.95077036572206],[-97.19211625166305,49.9508201522067],[-97.19229113313531,49.95087635850013],[-97.19253771700966,49.950955609028206],[-97.1926929794856,49.951005509024874],[-97.19284791814046,49.951055304639965],[-97.19300025827597,49.95110428449092],[-97.19305048050123,49.951120429881854],[-97.19315260706502,49.951153261328066],[-97.19330496707211,49.95120223432283],[-97.19345733820164,49.95125120352337],[-97.19360971852522,49.95130016957818],[-97.19376210552416,49.95134913332597],[-97.19391449693899,49.951398095516446],[-97.19398453239603,49.95142059654353],[-97.19406689109005,49.95144705670597],[-97.19421928686984,49.95149601726168],[-97.1943716836119,49.95154497740419],[-97.19458762153705,49.951614350479126],[-97.19487327432117,49.951706119391666],[-97.1949185947567,49.95172067895313],[-97.19517497070233,49.95180306364544],[-97.195133170168,49.96072778135501],[-97.20677884500618,49.96074054150409],[-97.21818747254538,49.96075732018391],[-97.2299826524498,49.960776658411774],[-97.22999111188439,49.96813527349643],[-97.22999864202728,49.97563425760268],[-97.21820294262116,49.975627485728246],[-97.20677302913728,49.975619171057126],[-97.18410993138431,49.975598349548704],[-97.16122808316862,49.97559415857338],[-97.16122622217353,49.98442935239994],[-97.16122630443404,49.98563407654266],[-97.16122524981208,49.99030515042578],[-97.15518791524697,49.99029815707808],[-97.1551968149617,49.9939334261079],[-97.14915722772446,49.99393041265717],[-97.14915728877405,49.9940079783838],[-97.13038206430024,49.98563824093016],[-97.13002880853222,49.98548065759986],[-97.1141640262312,49.978403556684746],[-97.11372892115945,49.97820940079691],[-97.11379212116915,49.978127938300936],[-97.11349711455973,49.97799609362795],[-97.11248826548052,49.97754520666896],[-97.09244227828272,49.96858254524306],[-97.09226417516169,49.96850288405282],[-97.10858454416233,49.958410669437285],[-97.12362837148252,49.9652593624334],[-97.13149189229044,49.96883768674712],[-97.13220198340828,49.968638394149096],[-97.13272920628144,49.96847530647094],[-97.13323648444442,49.96828774140227],[-97.13372109100918,49.96807670728239],[-97.13418042106694,49.96784333860737],[-97.13435137894665,49.96774699740296],[-97.13523253735015,49.96714664807656],[-97.13595320909248,49.96646300500212],[-97.13869909746576,49.96334494578166],[-97.14027772179246,49.961626782093894],[-97.14729996407682,49.96373493462543],[-97.1608079377085,49.96807824198252],[-97.16101807868874,49.96809567998856],[-97.16101862488907,49.95767223212508],[-97.16099029107147,49.94707937091254],[-97.15955000712452,49.94659198643227],[-97.15961246227124,49.946511001943904],[-97.16016374586205,49.94579470045188],[-97.16052288989363,49.9453280392759],[-97.16080928818303,49.944955895177124],[-97.16122959269285,49.94440974050787],[-97.16138533711451,49.94420735864453],[-97.16152661278163,49.94402377684899],[-97.16171213662315,49.94378269286533],[-97.16172996799064,49.94375952126588],[-97.16195441880703,49.943467851253764],[-97.16197700661353,49.94343849723758],[-97.16198002872551,49.94343457118029],[-97.16212422666823,49.94324718424582],[-97.16212662560505,49.943244066846326],[-97.16233186276118,49.942977356533156],[-97.16254418133136,49.9427014411189],[-97.16275609868819,49.94242604156364],[-97.16285030187406,49.942303619929426],[-97.16293419090451,49.94219459827183],[-97.16314973121949,49.94191448538098],[-97.16335752579413,49.94164443436444],[-97.1633983548585,49.94159137141617],[-97.16349335917036,49.941621892011234],[-97.16377837213936,49.941713453325576],[-97.16406338620338,49.941805013950024]]]},"properties":{"cluster":"Seven Oaks West","neighbourhood_count":4,"neighbourhoods":"Amber Trails; Mandalay West; Rosser-Old Kildonan; The Maples"}},{"type":"Feature","geometry":{"type":"Polygon","coordinates":[[[-97.08198402998791,49.828029765522125],[-97.08184053848076,49.82816934472247],[-97.08164753308375,49.828218572595425],[-97.08146098881357,49.82824013328778],[-97.08139908507447,49.82835332821298],[-97.08144920182481,49.82841595484295],[-97.08151943558661,49.82844489157724],[-97.0819905120897,49.82840903381531],[-97.0820785646918,49.82842012486657],[-97.08228112403245,49.82848214975445],[-97.08246101707061,49.82850665167384],[-97.08307217071324,49.82848274110872],[-97.08342141544688,49.82858121357506],[-97.0836173264669,49.82868930014426],[-97.08374093685838,49.82887499894667],[-97.08373660392527,49.82898463392844],[-97.08368567181965,49.82903760340464],[-97.08343671170914,49.82913104132437],[-97.08321966244885,49.82928610903075],[-97.08318649871819,49.82935117609801],[-97.08320368105092,49.82940527213861],[-97.08333171096186,49.829492794537835],[-97.08349326292934,49.8295197688242],[-97.08377306490011,49.829487943261164],[-97.08384629229374,49.829454784128195],[-97.08396687569865,49.82936408299117],[-97.08416467310565,49.82912572126367],[-97.08428226836747,49.82901552871184],[-97.08441093290509,49.82900550483189],[-97.08452222066478,49.829041367544754],[-97.08475326777436,49.82921113542288],[-97.08481906111345,49.829408063030314],[-97.08488466412238,49.82945806407823],[-97.08497925179655,49.829645017678246],[-97.08519049578138,49.82988146170892],[-97.08533745550918,49.829979015519264],[-97.08555872480875,49.830192711105354],[-97.08572528257197,49.830283297581616],[-97.08589978604627,49.83034936580474],[-97.08605809423655,49.830445023109725],[-97.08608948780797,49.830506296887954],[-97.08602064872431,49.830632225043416],[-97.08591000578514,49.83070226214071],[-97.08570778231433,49.830767314461916],[-97.08531865293978,49.830794908025695],[-97.08489682603536,49.830970896988156],[-97.08481840346559,49.83104042405712],[-97.08472764079701,49.83128645803449],[-97.08477572374478,49.83150944335129],[-97.08473542141573,49.83156501918106],[-97.08456853162737,49.83168654836677],[-97.08418159966365,49.83175340498846],[-97.08401633948645,49.83183364677163],[-97.08398170298517,49.831895217964245],[-97.08400229721184,49.83194450985583],[-97.08406487758428,49.83197713734761],[-97.08421502194297,49.83199420111583],[-97.08438524346072,49.83199215493482],[-97.08500034730305,49.83207314546407],[-97.08517493835132,49.8321371331466],[-97.0854081654646,49.8323336678772],[-97.08548976965922,49.83246902485867],[-97.0854684891667,49.832532205847215],[-97.08534259749084,49.83266205132542],[-97.084968758156,49.832872856418696],[-97.08485818518206,49.832900191437616],[-97.08474135004462,49.83289583013255],[-97.08414606530285,49.83278843367963],[-97.08399948120966,49.832776289123665],[-97.08385511601185,49.832803064416815],[-97.08380061722825,49.83285111453246],[-97.08402458894403,49.83318671522419],[-97.08410878205032,49.833256500346685],[-97.08437471074397,49.83330464074571],[-97.08448798404349,49.83330408311789],[-97.08486673266397,49.83334957411465],[-97.0850250625138,49.83334976063629],[-97.08564192300287,49.8331964351731],[-97.0868235494707,49.832971888567286],[-97.08718622125784,49.83294871354085],[-97.08746437366933,49.832972746546915],[-97.08773338847125,49.833037941619736],[-97.08788766692061,49.833140820445934],[-97.08792839913052,49.83325119911175],[-97.087910109829,49.83333387154844],[-97.08757796594736,49.83363077748521],[-97.0873469827165,49.833744309349925],[-97.08659006239903,49.83386964042233],[-97.08595982231432,49.83407621451379],[-97.08574100144938,49.83418403894435],[-97.08562919519895,49.834239131354785],[-97.08544293511049,49.83437527018374],[-97.08538319939566,49.83444718941173],[-97.0853643160311,49.8345447800578],[-97.08538348762957,49.83463015411032],[-97.08544207292678,49.834682503647194],[-97.08561253543127,49.834756143213376],[-97.08580445246196,49.834816597217376],[-97.08634656603063,49.83492553708409],[-97.08660258374078,49.83493948571845],[-97.08683697394085,49.834916623594495],[-97.08750483131082,49.8348179418891],[-97.08795451816933,49.83469829790358],[-97.08804135782924,49.834687579772954],[-97.08809720111157,49.83470065222133],[-97.08824370224521,49.83481034564324],[-97.08831538103935,49.83491186104469],[-97.08828804960686,49.83503326765611],[-97.08819037767961,49.83520975567442],[-97.08806112802766,49.83532948064959],[-97.08778765588056,49.83567630653258],[-97.087706456043,49.83572147722767],[-97.0876112575545,49.835739358178415],[-97.08731755197867,49.83574180116235],[-97.08695615045117,49.83590907421894],[-97.08685842706024,49.835909891024116],[-97.08669007021646,49.83587794879385],[-97.08653538864687,49.835785129789144],[-97.08643346783875,49.83568832146238],[-97.08639524569578,49.83560957645209],[-97.08626357417887,49.835504986030884],[-97.08617736057568,49.8354862035156],[-97.08610908799564,49.8355024345137],[-97.08605242177683,49.835591763398284],[-97.08607077522294,49.835711493876325],[-97.08615771465655,49.83579347384487],[-97.08624375258412,49.83591189196429],[-97.0866680308001,49.83624593482932],[-97.08674554516962,49.83637636285191],[-97.08674523129953,49.836573904607505],[-97.08679080484909,49.83665762543582],[-97.08685604133309,49.83673195589902],[-97.08702940553793,49.83682751307959],[-97.08761838132517,49.83700077381088],[-97.08777640206618,49.83701068465055],[-97.08810776042515,49.83692342411077],[-97.08876961461782,49.83667812925517],[-97.08897453991511,49.83654507033264],[-97.08915123850116,49.83646014930037],[-97.08930266936291,49.83644563532814],[-97.08946033946167,49.83646281630275],[-97.08948987077977,49.83658516068519],[-97.08905897405144,49.83708562138065],[-97.0890101662483,49.837179941680034],[-97.08899890840816,49.837274881226584],[-97.08902193168186,49.83745336029615],[-97.08897514956769,49.83775497582687],[-97.0890151921346,49.83814169173588],[-97.08892258777581,49.83848907261137],[-97.08890020774724,49.83867548216639],[-97.08873032414304,49.839351151411215],[-97.08859866361607,49.83981548248203],[-97.08844093831658,49.840180536029365],[-97.08799050267613,49.84064384586337],[-97.08791277348641,49.840750558082085],[-97.08796548587087,49.84096563306528],[-97.08805297419714,49.84104762054175],[-97.08810612294742,49.841170007694565],[-97.08864272608027,49.84159754939292],[-97.08865492369246,49.84171023433187],[-97.08861030342487,49.8417935139854],[-97.08842008588687,49.8419205657916],[-97.08815919953125,49.84196104705593],[-97.08777378099342,49.841933162930836],[-97.08727191797895,49.84182246443243],[-97.08718891411534,49.84181727543595],[-97.08710282458793,49.84183741005919],[-97.08692338465974,49.84197536862044],[-97.08683802320712,49.84217948522901],[-97.08674145196633,49.84231539161637],[-97.08660730962302,49.84243466633572],[-97.08647275617831,49.842484173177006],[-97.0864067933792,49.84246884986007],[-97.08627509427541,49.84239168579167],[-97.08615534551505,49.842202235174646],[-97.08615788018723,49.842138050194535],[-97.08612560767872,49.84204447505657],[-97.08601388963793,49.842005135274924],[-97.08593571813606,49.84202710462379],[-97.08587835020487,49.84207962153432],[-97.08582928497479,49.842275310482684],[-97.08581793853129,49.842562581568515],[-97.0859303487003,49.84280190409155],[-97.08603540288196,49.84332266154319],[-97.08616842927432,49.84351580324862],[-97.0862288423135,49.84365810000521],[-97.08633337714262,49.84374349480687],[-97.0864640369428,49.843751901552785],[-97.08718774889464,49.843601373395146],[-97.08734506807008,49.843532799846514],[-97.08769039415336,49.84324375002609],[-97.08793881728502,49.843165569569216],[-97.08809668390093,49.8431647025801],[-97.0882628415349,49.843212229063774],[-97.08843209550368,49.84333097664064],[-97.08854772003802,49.843543617308015],[-97.08854271116842,49.8436025539206],[-97.08849781517704,49.84369277240671],[-97.08813960882766,49.84402257839399],[-97.08799231755874,49.84423157594478],[-97.0878453703964,49.84466311619574],[-97.0878693504572,49.844817309048125],[-97.08796823803823,49.84490989975998],[-97.08812248029139,49.844987433757815],[-97.08824612803652,49.84499676430149],[-97.08840480535774,49.84496188739343],[-97.08875017213646,49.844780805589025],[-97.0889862960668,49.844606253408585],[-97.08911805691399,49.84447788957809],[-97.08926831360566,49.84438420058921],[-97.089405771021,49.84432918363191],[-97.08964163421972,49.84429731347333],[-97.0897435708841,49.844298993898185],[-97.08994561181156,49.84434884530685],[-97.09018119870086,49.84454193686295],[-97.09024085909401,49.84470366066168],[-97.09019234397675,49.844844854395774],[-97.09002601540223,49.84497855161213],[-97.08969868899,49.84528769382939],[-97.08965079940229,49.84539938804064],[-97.08967066309418,49.84545387430144],[-97.08981942153073,49.84553444015698],[-97.08992033513512,49.84556214143556],[-97.09026953813138,49.84571961085968],[-97.0904608956353,49.84582274972015],[-97.0905045759756,49.84588596040483],[-97.09049834169313,49.846044168003985],[-97.09042185344617,49.84610505136239],[-97.09029892977267,49.84614538065364],[-97.09022786436479,49.8462185042626],[-97.09022620983878,49.84626048477908],[-97.09025260533666,49.8462991086724],[-97.09043445499294,49.84633022631534],[-97.09068266065927,49.84632598395468],[-97.09075464817431,49.846311200115494],[-97.09091215248397,49.84625165124792],[-97.09118520441574,49.846093672883356],[-97.09135174648867,49.846036355321196],[-97.09142592766732,49.84604764507787],[-97.09158811865882,49.846182588651736],[-97.09173111940277,49.84636859739622],[-97.09177930538226,49.84639924763977],[-97.09182068269317,49.8465346316011],[-97.09169043079008,49.846692880072034],[-97.09151900050456,49.84679247256678],[-97.09128541311011,49.84688895800796],[-97.09116082420557,49.8469851554297],[-97.091204509992,49.847061905615305],[-97.09130628856553,49.84706774809239],[-97.09153460784268,49.847023251600206],[-97.09199801020009,49.84687153056368],[-97.09215003264123,49.846787587741396],[-97.09237032143311,49.84671518366622],[-97.0924563896535,49.846724585405035],[-97.09270534105578,49.84686512155472],[-97.09316572196084,49.84702198171675],[-97.09337215906383,49.84713786200046],[-97.09386747375137,49.84755324258278],[-97.09387517475068,49.84763044134125],[-97.09385361557104,49.84771444941232],[-97.09368193821062,49.84790222260101],[-97.09331112364532,49.84802040946256],[-97.09282688199895,49.84811485665913],[-97.09268807124664,49.84817679883427],[-97.09267251717097,49.84824458846154],[-97.09277953170039,49.84836299939556],[-97.09302568425204,49.84845210732444],[-97.09332661702747,49.848527187670534],[-97.09386702194077,49.848479141661706],[-97.09409353855723,49.8485488298906],[-97.09418728967756,49.848608696548695],[-97.09474859217647,49.84884844808542],[-97.09489917019812,49.848883210567635],[-97.09516544556371,49.84889765568564],[-97.09545768398112,49.84879796031242],[-97.09554114193595,49.848805580979324],[-97.09568646930028,49.8488919846909],[-97.09571396208628,49.848943817842425],[-97.09574611894863,49.84973763292942],[-97.09569406581086,49.8499554955444],[-97.09569614084992,49.84997519599749],[-97.09571087938686,49.850115123494696],[-97.0958317222422,49.85036012912569],[-97.09593851655733,49.8506757267452],[-97.09603469135541,49.85107030482965],[-97.09629789874631,49.85135444896864],[-97.09662931455196,49.85161089756718],[-97.09692238498792,49.85196878383947],[-97.09709688095691,49.85202372492718],[-97.09724645843775,49.85200222612017],[-97.09747937175024,49.851800177556186],[-97.0976855715787,49.85151263307122],[-97.09781242619873,49.85137237514774],[-97.09809735024201,49.8512267264458],[-97.09850395815155,49.8511271644724],[-97.09877488261709,49.85110557170133],[-97.09891865040619,49.85114993796484],[-97.09899347425997,49.85122719589159],[-97.0989911088969,49.85132853107976],[-97.0990833687233,49.851741442320375],[-97.09904547705636,49.852036610601836],[-97.098931592208,49.852161112742074],[-97.09854909402223,49.85235758540702],[-97.09794393969412,49.85271357304164],[-97.09771111767876,49.8528038349095],[-97.09740118179384,49.852875124586774],[-97.0972829564859,49.852891236455726],[-97.09717165581843,49.85288142406606],[-97.09684916616558,49.85279384891272],[-97.0966762489039,49.85269866153954],[-97.0965085855841,49.852633764096446],[-97.09642495728936,49.85263030741959],[-97.09634627732791,49.85265123395203],[-97.09628897090357,49.852688481416266],[-97.09607632011556,49.85305784984653],[-97.09617384732933,49.853335805025615],[-97.09625419623458,49.853455929041694],[-97.09619328591347,49.85356273211241],[-97.0961183677715,49.853593035749896],[-97.09566288908556,49.85358041848193],[-97.09550665417119,49.853630652853646],[-97.09547995887152,49.85367494900889],[-97.09554682840569,49.85373398324432],[-97.09599620189769,49.85390197263319],[-97.09615652271309,49.8539786757221],[-97.09633015046671,49.8541208660669],[-97.09639857679728,49.85414032402263],[-97.09653450552067,49.85411615582178],[-97.09706114768986,49.853761058967535],[-97.09712543901446,49.85368364530002],[-97.09728807764878,49.853585845601195],[-97.09743245721835,49.85354861465394],[-97.09751375502094,49.85355801625115],[-97.09758896458008,49.85360691919545],[-97.09770538920554,49.85373276789726],[-97.09776566659473,49.853873095395194],[-97.09778398560887,49.85404206848304],[-97.09773950550378,49.85416380919576],[-97.09773402465467,49.8544189278859],[-97.09761944769001,49.854939198119084],[-97.09757204381175,49.85501982270583],[-97.0972723329847,49.85528624481544],[-97.09692946062428,49.85540968591361],[-97.09648580277737,49.85549993622385],[-97.09627792801035,49.85559405828788],[-97.09611139008872,49.855704259609155],[-97.09604221437598,49.85579039276222],[-97.0959971045527,49.85595685730235],[-97.09606839860967,49.85610543358126],[-97.09614075948922,49.8561680185106],[-97.09621101297131,49.856228780555945],[-97.09639129012973,49.8564906173175],[-97.09648711985312,49.85656332709945],[-97.09665679136721,49.85674871999045],[-97.09669613534663,49.856873303654815],[-97.09679330058313,49.85693494545718],[-97.09682783873626,49.85695686931295],[-97.09705576998331,49.85716081891763],[-97.0972354755868,49.85735077583124],[-97.09722068824979,49.85752507222074],[-97.09712980738418,49.85755731450584],[-97.09666599179789,49.85758269909136],[-97.096114222231,49.85753696792411],[-97.09566141496045,49.857455459068426],[-97.09537615505285,49.85746910524002],[-97.09510662151041,49.857573212241185],[-97.09494769236822,49.857691603903035],[-97.09486079598034,49.85782437996181],[-97.0950024314896,49.85814571894472],[-97.09515735568043,49.858302270614615],[-97.09539541136617,49.858364118422706],[-97.09581537856239,49.85835781910062],[-97.0960758015594,49.85845670090584],[-97.0963945314261,49.85854407278116],[-97.09671083016917,49.85857786872797],[-97.09681686440699,49.8585642095613],[-97.09703638945537,49.85857808141115],[-97.09713212708104,49.858624388220484],[-97.09718281746585,49.85869122270823],[-97.09715915092237,49.858831638814245],[-97.09670162249034,49.85907200064499],[-97.09654888693599,49.859119360497424],[-97.09590864808658,49.85924598115883],[-97.09538186923368,49.85948740009163],[-97.09517025686345,49.85967606193009],[-97.09515580718252,49.85975502707191],[-97.09520216300116,49.85981665767363],[-97.09534805220788,49.85988579095098],[-97.09558755673251,49.859910994236145],[-97.09596031864135,49.86003812307249],[-97.09629917690818,49.86013315941054],[-97.09659136166205,49.860174626453],[-97.09700606108544,49.86018730352231],[-97.09717961253902,49.86021655402223],[-97.09728045692104,49.86030621262371],[-97.09733155599945,49.86044932291391],[-97.09738608144822,49.860505219882356],[-97.09742809353673,49.86067751524272],[-97.09730747162112,49.860946877258456],[-97.09721142679281,49.86102376964742],[-97.09696280221928,49.86111502384026],[-97.09670230026921,49.86116208099389],[-97.09651060046801,49.86127700315262],[-97.09635684690701,49.86166755735407],[-97.09622913279384,49.86179966390691],[-97.09612627208578,49.86184784249771],[-97.0958814358959,49.86190028867559],[-97.0955463620121,49.86193951780686],[-97.0954586423197,49.86197767760965],[-97.09529647099428,49.86226468867579],[-97.09529653822685,49.86237836018873],[-97.0954129294802,49.86262081423687],[-97.09551147911654,49.862711169983086],[-97.09606979239926,49.86276507814102],[-97.0965261826019,49.8627278400545],[-97.09730719089885,49.86274433159121],[-97.09756747455343,49.862789672482734],[-97.09771090703961,49.86286389586729],[-97.09785718771727,49.86301003482455],[-97.09784698842678,49.86309640357738],[-97.09765247313399,49.863311751341016],[-97.09742176532808,49.86337983319852],[-97.09712563663082,49.86349597541242],[-97.09637745180154,49.86368316181045],[-97.09591506664853,49.86372836778577],[-97.09537162564516,49.8637575727297],[-97.0952101975592,49.86385245623028],[-97.09523911800919,49.8640113367207],[-97.09534740328021,49.864084985364],[-97.09555757526896,49.86413537404064],[-97.09637613756028,49.86423609155886],[-97.09703486547315,49.86424690947401],[-97.09764426118214,49.86418504490268],[-97.09785283064842,49.86421853588352],[-97.09792105260169,49.86427245726689],[-97.09788011911438,49.864419190230464],[-97.09764817237273,49.864605322702204],[-97.0974388781121,49.86473462472977],[-97.09721542672058,49.864791091603415],[-97.09705754106436,49.864795832903575],[-97.09692129443805,49.864827330169454],[-97.09669916708646,49.86485008336679],[-97.09642536438265,49.86483091939611],[-97.09608587943325,49.86486641092759],[-97.09568542886647,49.864980835674565],[-97.09547989443772,49.86515859753701],[-97.09548604414952,49.865290702877786],[-97.09554249447491,49.86535543257316],[-97.09573724093843,49.865423167978264],[-97.095941038584,49.865433849902544],[-97.09626280015893,49.865416401580426],[-97.09662926170614,49.86544515461619],[-97.09705769540982,49.86536932063738],[-97.09723536536222,49.86532310279527],[-97.0974516816535,49.86530391995365],[-97.09754914247291,49.86533558745388],[-97.09775236187095,49.8655053951563],[-97.09779323426744,49.865649070598785],[-97.09776877295666,49.86569413724389],[-97.0977070271905,49.8660818029419],[-97.09770440439493,49.8662929666684],[-97.09756355636408,49.866744602639336],[-97.0975711732972,49.8668972658835],[-97.09760450851002,49.86694401454346],[-97.0977227672173,49.86699509053243],[-97.09781551244066,49.867002479611386],[-97.09865407706941,49.86682630018932],[-97.09895228907385,49.866715321717805],[-97.09905918674791,49.866709008164264],[-97.09943713259433,49.86685014419062],[-97.09946359940051,49.86701411673896],[-97.09935883896392,49.86719720466727],[-97.09936044940333,49.86723308617244],[-97.09936044940332,49.86723308617244],[-97.09936852301722,49.86741297032283],[-97.09931910235973,49.86763143347865],[-97.09914767192426,49.86780756098053],[-97.09908420528693,49.867950257935426],[-97.09913535770164,49.8681212356211],[-97.09922812386974,49.86824376087453],[-97.09936263082203,49.86834350315911],[-97.09955097738833,49.868430194354886],[-97.09965233651081,49.8684494568962],[-97.09979555097638,49.86844300475572],[-97.09990460941842,49.86838172409882],[-97.10030790915185,49.86822406341031],[-97.1005444242564,49.868095202356415],[-97.10058351313236,49.86799537314054],[-97.10051038092814,49.86783503623216],[-97.1003720275534,49.86771763167665],[-97.10035420946231,49.86759340237972],[-97.10038820032939,49.867536757697145],[-97.10066201082229,49.86746937627374],[-97.10083018001627,49.867491932724704],[-97.1011036807705,49.8675770833309],[-97.10126401010824,49.867683846690305],[-97.10129776221478,49.86780687016031],[-97.10122898498683,49.86808515219444],[-97.10140459012712,49.86846790759286],[-97.10156102261757,49.86919502608609],[-97.10153947733139,49.869570884915476],[-97.10155075181933,49.86974634172288],[-97.10159724000545,49.86980503833008],[-97.10165848473245,49.86983464237088],[-97.1019874203823,49.869866430396605],[-97.10296735580512,49.86987660708157],[-97.1030725946378,49.86991279729671],[-97.10313317901881,49.87007512718775],[-97.1030080427729,49.870315086586],[-97.1028842656509,49.87078094173546],[-97.10273984817464,49.871078520347766],[-97.1027311479258,49.871184714538884],[-97.10285636444887,49.87157984299396],[-97.10275716233647,49.871708023143945],[-97.1026578321351,49.871752598542706],[-97.101906510843,49.87193023594465],[-97.10172382732362,49.87193017746103],[-97.10146479957753,49.87182253154023],[-97.10135775250416,49.871716641450234],[-97.10117115500596,49.871353506750516],[-97.10108517884107,49.87128902953787],[-97.10096624494066,49.871254813208026],[-97.10074125945528,49.871320795441875],[-97.10067176866367,49.871385658729736],[-97.10063197436965,49.87147447603411],[-97.10073033644423,49.871801698007026],[-97.10074137827974,49.87198301787959],[-97.10086021107645,49.872309108443595],[-97.1009342003902,49.87267919881597],[-97.10109263881371,49.87274779676224],[-97.10222511356459,49.872891749190764],[-97.10242152351402,49.87288909817647],[-97.10254818690562,49.872842037031326],[-97.10265044925038,49.87272270743515],[-97.10274955169996,49.872683995157956],[-97.10287417513274,49.87268896852478],[-97.10299210879734,49.872748833944854],[-97.1030516637525,49.872821677544955],[-97.10307132687817,49.87301487191837],[-97.10303540956214,49.87323649084407],[-97.10304666267298,49.87329681018735],[-97.10314022372847,49.873399544523416],[-97.10329582582023,49.87342482502069],[-97.1034670316831,49.873370424872014],[-97.1036416535223,49.873228811042075],[-97.10418011254568,49.872923743660515],[-97.10434123931846,49.87289484481107],[-97.10451270252398,49.87294971732235],[-97.10458905529708,49.87305730254344],[-97.10456000406796,49.873161697300006],[-97.1042547358814,49.873683987284245],[-97.10408014283371,49.87382486914303],[-97.1038446274888,49.87389875207973],[-97.10334702452343,49.87400061365057],[-97.1025409393183,49.874040221583186],[-97.10245020293475,49.87406807032161],[-97.10241711385635,49.8741305971715],[-97.1024327875382,49.87419392236522],[-97.10269261819892,49.87436831451353],[-97.1031383445792,49.874605883710245],[-97.10365888606574,49.87482483341192],[-97.1038058898843,49.87488670748268],[-97.10392250535998,49.8749802564554],[-97.1045533455614,49.875298233658235],[-97.10472896588071,49.87534463285671],[-97.1047880450193,49.87542743744885],[-97.10493987540472,49.87560366952274],[-97.1045617876377,49.87582420683235],[-97.10429902197181,49.875854803207304],[-97.10404244184527,49.875859329823264],[-97.10368395326846,49.87579914593034],[-97.10348357100985,49.875787143848996],[-97.10302835751891,49.87581998415706],[-97.10220161944386,49.87598172865223],[-97.10179470830144,49.87609354291893],[-97.1012205006772,49.87631621667922],[-97.10107607763085,49.87646637610737],[-97.1009797437937,49.87686814495736],[-97.10103179618213,49.87707728139837],[-97.10125166297703,49.87725688128652],[-97.10167819171028,49.87752269347224],[-97.1018776193855,49.87767335886065],[-97.10189705493714,49.877727996348376],[-97.10186393018138,49.877791215996126],[-97.10167345367586,49.877874701450914],[-97.1011739460325,49.87787749111187],[-97.10091540052798,49.87790257318863],[-97.1008081113987,49.87800423757033],[-97.10087953032755,49.87812348911433],[-97.10099187684665,49.87820887711224],[-97.10129434411412,49.878281371621846],[-97.10165101132121,49.878388387789556],[-97.1021159260184,49.8785712797101],[-97.1022980795732,49.87858595341799],[-97.1024649511882,49.878524923337466],[-97.10277849084144,49.87825648147318],[-97.10324884468177,49.878127841971256],[-97.10381236501198,49.87808202370352],[-97.10452838576376,49.87799615867671],[-97.10466537019018,49.878035810662375],[-97.10472619085971,49.87807421709555],[-97.10487808239557,49.87828426473143],[-97.10487223037728,49.87843372666635],[-97.10489424982833,49.878566107486066],[-97.1047150993989,49.87885285050621],[-97.10438181068317,49.87907474930531],[-97.10421943190943,49.879337574033336],[-97.10422344220929,49.879466692639234],[-97.10425753557028,49.879522288901235],[-97.10443263619523,49.87960285426318],[-97.1047230474087,49.8796347629218],[-97.10541711915242,49.879761223541394],[-97.10558751816059,49.8798446780595],[-97.10572163763769,49.88007206076594],[-97.10565877608475,49.88020008638312],[-97.10554925692023,49.880270871840544],[-97.10509193321458,49.88044452006338],[-97.10446096122543,49.88058825715643],[-97.10433133725563,49.88059495060988],[-97.10378921878096,49.88055667512447],[-97.10328776318048,49.880494241166666],[-97.10314139115097,49.880494813615904],[-97.10299464335506,49.88058989869149],[-97.1030549343444,49.88087615101729],[-97.10350966779629,49.88108818847135],[-97.10395454529264,49.88111534175941],[-97.10446108268445,49.881250431332624],[-97.10493375261086,49.88135348862488],[-97.10498720657156,49.881351484731326],[-97.10502233668693,49.8813806575723],[-97.10510251404897,49.881710491326196],[-97.10506850027237,49.881796450201044],[-97.10494388835959,49.88190664852197],[-97.10487006675194,49.882024242213426],[-97.10487808905778,49.88212716607868],[-97.10488520289812,49.88221811408317],[-97.10481545307636,49.882375344552315],[-97.10469000900316,49.88244811712913],[-97.1043235187418,49.88256164394075],[-97.10337347261991,49.8830579972795],[-97.10329881640439,49.883138164452696],[-97.10329815222127,49.883240046958335],[-97.10334371562138,49.88332227125573],[-97.10344151034386,49.88337810066593],[-97.10422367312775,49.88357498758427],[-97.10451554000241,49.8837139399383],[-97.10528941740282,49.88418425829015],[-97.1055615058092,49.88422162084938],[-97.1057145130865,49.884195523012124],[-97.10631145271678,49.883907601034586],[-97.10648255822147,49.883885395160476],[-97.10657510628172,49.883899407587116],[-97.10674256993234,49.884116991356485],[-97.10675524640584,49.884285911451414],[-97.10669530691607,49.88451228131594],[-97.10659802522777,49.88464855850899],[-97.10631168399134,49.88488732756973],[-97.10605645625189,49.884999799744314],[-97.10585179402229,49.885040432366104],[-97.10567925106767,49.88521361020033],[-97.10554872096127,49.885592070464405],[-97.1052531277447,49.885773668622676],[-97.10497412012896,49.885945015108156],[-97.10486455689055,49.886048804360804],[-97.10483073978689,49.886158958132796],[-97.10485471563814,49.88624145833965],[-97.10491330676044,49.88631067490661],[-97.10508057449832,49.88638670433757],[-97.10564263848653,49.886439148979065],[-97.10623590807745,49.88644812383266],[-97.1068351997668,49.88636186577381],[-97.10713999579193,49.886373408589264],[-97.10729234933117,49.88642580886186],[-97.10741324237681,49.886554677294434],[-97.10742305473228,49.88662372563842],[-97.10734091371367,49.88681016304904],[-97.10689781881574,49.887023621023616],[-97.10644671460551,49.887180558931824],[-97.10586057553522,49.88727953053832],[-97.10570317185693,49.887356098701005],[-97.1056078308316,49.88744258426982],[-97.10556440547751,49.88756652070318],[-97.10560940658651,49.88766330385761],[-97.10573540257889,49.8877233692917],[-97.10622296953852,49.88773493343213],[-97.1067463559537,49.887849153709666],[-97.10715892004298,49.88797909874776],[-97.10731105365986,49.888125294720695],[-97.10743660161174,49.888425829836315],[-97.10741520871285,49.88856478561421],[-97.10731651415207,49.8886812551889],[-97.1071782948872,49.88876038690476],[-97.10701640936048,49.88880765567656],[-97.10673796000833,49.88884708487547],[-97.10633984557826,49.88877897804887],[-97.10591018087494,49.88865171846512],[-97.10565384729254,49.888615963331404],[-97.10546239077028,49.88866490503763],[-97.10535623386737,49.888825227877675],[-97.10533985338895,49.88895329348492],[-97.10525821523065,49.88921159351038],[-97.10529171439094,49.88934119388873],[-97.10527903241397,49.88946275487834],[-97.10532141942598,49.88974358672005],[-97.10528180631759,49.88979941667703],[-97.10513471729047,49.88987327484923],[-97.1048565181444,49.88996180666076],[-97.10472543304172,49.88997585122064],[-97.10437877197423,49.889901204534304],[-97.10426596146891,49.889900079078565],[-97.10409662487322,49.889955675567414],[-97.10403564613738,49.8900029718087],[-97.1039727742792,49.89017767107429],[-97.10398071231305,49.890238774993094],[-97.10409962663714,49.89038299285514],[-97.10419468045436,49.890582398485165],[-97.10427611992937,49.89064875143169],[-97.10429395852832,49.89077656710887],[-97.10425134397576,49.89086499303611],[-97.10436485452593,49.8910153275495],[-97.10439912778989,49.8910606742969],[-97.10497817270709,49.891460627949456],[-97.10539137260615,49.89166001716504],[-97.10566933989148,49.89187671024884],[-97.10592052318019,49.89227318916802],[-97.10592141735361,49.892294337850466],[-97.10592347816322,49.8923414060748],[-97.10604137179452,49.892520768663154],[-97.10618889687424,49.8925796564105],[-97.10666058886494,49.89265193314425],[-97.10695481431972,49.89266762033829],[-97.10721635780902,49.89263241109674],[-97.1076297935014,49.892570902743415],[-97.10770603434804,49.89253554496568],[-97.10799658124485,49.892451524589184],[-97.10848849058759,49.892294526968854],[-97.10868360303915,49.89226983164738],[-97.10884790587914,49.89221972213196],[-97.10928849869566,49.89215649256903],[-97.10940934760319,49.89217240316165],[-97.10952001541582,49.89221674602098],[-97.10958742827167,49.892292669017266],[-97.10959214283949,49.89246289760017],[-97.10945440816515,49.89261758295658],[-97.10934535992557,49.892793240579344],[-97.10934803524329,49.89295687085261],[-97.10927826096362,49.893232184302754],[-97.10931739063938,49.89377034713625],[-97.1096239096569,49.89403282202241],[-97.10974202238873,49.89420409039248],[-97.10990511331676,49.89439084090574],[-97.10992221309921,49.894446877660116],[-97.10979723014195,49.89488334888377],[-97.10961249838965,49.895021170186226],[-97.10961589595358,49.89522510177209],[-97.10967106099338,49.895306040992075],[-97.10775197192636,49.89580802747782],[-97.1057159842946,49.896250605440336],[-97.10721055796391,49.89921034552076],[-97.10706018506829,49.89921955934283],[-97.10321015699324,49.899455394966054],[-97.102770137656,49.89946494229744],[-97.10199915652552,49.89945999253205],[-97.10119939415272,49.89942562095701],[-97.10043024342585,49.89936416214281],[-97.0998258839629,49.89929595933721],[-97.07116535532109,49.89417362478468],[-97.06390049796339,49.89287393087965],[-97.06359928817764,49.89282003270444],[-97.06329807908372,49.8927661337539],[-97.03520742728502,49.88773558481077],[-97.03414181528434,49.88759742041291],[-97.03372178616628,49.88589765126626],[-97.03098389588459,49.88600039920155],[-97.03097620484675,49.88582227713338],[-97.03097577643314,49.885630473921935],[-97.03097436684783,49.88500026381137],[-97.03000154396493,49.88500055892383],[-97.03000050394292,49.88451237818933],[-97.03000004409759,49.88429659183264],[-97.02999519919298,49.88202337430504],[-97.02999516639997,49.882008014914945],[-97.02999505265053,49.88195406380974],[-97.02999180122735,49.88039025882138],[-97.0299914429814,49.88021047430389],[-97.02998746901515,49.878399048162876],[-97.02802192663229,49.878399889985694],[-97.0271101482537,49.87840026956447],[-97.02697030171664,49.87840032894468],[-97.02695085309944,49.87111981438661],[-97.02681094038968,49.871119869206495],[-97.02681052071276,49.870939032665724],[-97.02679132345148,49.86378623082439],[-97.02678109251298,49.8592221796116],[-97.02677708759995,49.85762186975609],[-97.02677684340053,49.85752403681367],[-97.02677603479752,49.857201186337505],[-97.02677228910252,49.85570465592201],[-97.02676732166015,49.854856337863325],[-97.02676732166012,49.854856337863325],[-97.02672925825028,49.84162288485898],[-97.02672934004181,49.84144433497681],[-97.02672972138289,49.840896103385525],[-97.02669027459709,49.82689317371714],[-97.0266811982203,49.82293231532626],[-97.02639419788382,49.822877776798315],[-97.02555028895561,49.82271740440611],[-97.02566823172576,49.8224265971261],[-97.02681965319316,49.822251602395006],[-97.02954597276154,49.82156916105344],[-97.04702407021264,49.81555271893438],[-97.06081814311597,49.810736547442495],[-97.06100524210026,49.81067043246429],[-97.06119267107658,49.810604963131574],[-97.06598162788246,49.808932006155075],[-97.06623319902734,49.809503477984336],[-97.06623638727153,49.809549577379656],[-97.06633165836666,49.809660321206415],[-97.06643130832938,49.809756405632186],[-97.06657325929223,49.80985565130099],[-97.06672609717646,49.809967355458646],[-97.06675913973883,49.80998094692203],[-97.06687711709266,49.810029474645766],[-97.06695904739213,49.81008553011038],[-97.06699493666603,49.81014572815448],[-97.06700260406795,49.81024764355442],[-97.06692438954661,49.81037535865318],[-97.06692505985542,49.81046242491126],[-97.0670219246548,49.81058130702251],[-97.0671247789571,49.810658700533025],[-97.0672170890378,49.81071421173],[-97.0673217938193,49.81077262817552],[-97.06740488191437,49.81081539210303],[-97.06746438387314,49.81089194430506],[-97.06751149146545,49.810965591178714],[-97.0675185656591,49.81103227364849],[-97.06752624855179,49.81108367443183],[-97.0675274071688,49.811097127187345],[-97.06753005056123,49.81112781432302],[-97.0675708215727,49.81118606363783],[-97.06765216344837,49.81123779345353],[-97.06775484346102,49.81127728580767],[-97.06788552078648,49.81131184785539],[-97.0679657219411,49.81132242413208],[-97.06801826754494,49.81132935338696],[-97.06812558758683,49.8113221477543],[-97.06825592765502,49.81126045513994],[-97.06838320951125,49.81117082627833],[-97.06849862648195,49.81109988939046],[-97.06861293379181,49.811056819003795],[-97.06873201012662,49.811033617437175],[-97.06882393553417,49.81106393437171],[-97.06891044144952,49.81112564409349],[-97.06894187763753,49.81120892387936],[-97.06894820247237,49.811294483674324],[-97.0689077601938,49.81135596121865],[-97.06889493827123,49.81137545217884],[-97.06887042872108,49.81139753164632],[-97.06880562826937,49.81145402078874],[-97.06860990844754,49.81162166698101],[-97.06853403014837,49.811677071780466],[-97.0684682334677,49.81172364941021],[-97.0684045773693,49.811751372776705],[-97.06829497249336,49.811781028569904],[-97.06815530086091,49.81183267091604],[-97.06808028080785,49.81186650125739],[-97.06802435056721,49.811909645079396],[-97.06798330695014,49.81196293183804],[-97.06796512682786,49.81203548976766],[-97.06797800890507,49.81209597240809],[-97.06804443012949,49.812138457920426],[-97.06806085354971,49.812149504236096],[-97.06815002697134,49.8122094817357],[-97.06825608942877,49.81226881946015],[-97.06837668784803,49.81231220808086],[-97.06850854941453,49.81231710500069],[-97.06858217419777,49.8123183323881],[-97.0686818056116,49.81229480670407],[-97.06884737720085,49.812221107442085],[-97.06900685503992,49.812160799175544],[-97.0691556067724,49.8121254984832],[-97.06926827036374,49.81212377795565],[-97.06928318260401,49.812127873706835],[-97.0693658978247,49.8121505913875],[-97.06938491720054,49.81217031458143],[-97.0694126219457,49.81219904451586],[-97.06941083337875,49.81224399069078],[-97.06936590971479,49.812290017119615],[-97.06930478124382,49.812324079736385],[-97.06922559375583,49.812357841369604],[-97.0690903392964,49.81240326181715],[-97.0689763154278,49.81243914124679],[-97.06887072731352,49.81250754387726],[-97.06879887222269,49.812566613985005],[-97.06873777235931,49.812634858525215],[-97.06869067125811,49.81270063782852],[-97.06867284974005,49.81276420663951],[-97.068669843734,49.81283971617285],[-97.0686920573818,49.81291024899029],[-97.06872363740278,49.81298993312834],[-97.06876871558202,49.81307973697037],[-97.06879051364523,49.81312823990194],[-97.06880974346336,49.81317578568038],[-97.06884101097826,49.81331114386137],[-97.06881191678775,49.81342727594032],[-97.06867868649005,49.813499289107874],[-97.06841226471742,49.81355022597878],[-97.0682155680794,49.81360559746652],[-97.06814702156066,49.813686207708294],[-97.06816665381467,49.813785535084804],[-97.06827582508231,49.81386270444974],[-97.0684789016194,49.813940855712424],[-97.06897688082682,49.81400317323138],[-97.0691884975531,49.814053664883744],[-97.06935278447413,49.81405203451091],[-97.06949082606134,49.81401135820194],[-97.0696801794661,49.81391274465427],[-97.07013741956554,49.813758887141944],[-97.07078438591465,49.81349139004168],[-97.07126406268075,49.81337046757738],[-97.07183489753083,49.813153510564064],[-97.07203127067946,49.81310210446454],[-97.07236461397335,49.81306601900345],[-97.0725132437922,49.81307901067236],[-97.07257188498352,49.81311900580418],[-97.07263492031932,49.81325259197854],[-97.07269861985282,49.813517317111355],[-97.07275283105693,49.813697864737556],[-97.07273120490046,49.81389750342021],[-97.07255809378742,49.814171544673826],[-97.0723585390129,49.81439144379474],[-97.07224795281601,49.814443440497605],[-97.07211101571292,49.81444231556774],[-97.07184508100275,49.8144273290514],[-97.07159970079745,49.814352694174154],[-97.07143909896016,49.814227863266474],[-97.07131612074983,49.814223203148885],[-97.07120048335541,49.81426243284135],[-97.07116057977919,49.81435492475792],[-97.07125719568545,49.81482171461042],[-97.07152023374599,49.815120174404385],[-97.07154146724355,49.8153271266755],[-97.0714110141708,49.81562971001603],[-97.07144398097545,49.81573211343369],[-97.07166350666161,49.81587309818671],[-97.07197030847034,49.81611370660644],[-97.07233850878768,49.81631325684527],[-97.07260432803668,49.8166530161933],[-97.07288040607109,49.81692429811613],[-97.0730142128249,49.817018158202224],[-97.07312866005586,49.8170509001605],[-97.07323961558654,49.81703721801624],[-97.07338052714668,49.816939626228645],[-97.0735624791317,49.81680041971011],[-97.07361044441352,49.816681677315756],[-97.07357255595217,49.8164206999008],[-97.07352200568097,49.816317328857316],[-97.07337529090506,49.81615243531525],[-97.07333036082929,49.81606593496118],[-97.07335677048975,49.81600925110802],[-97.07341476796876,49.815965962529404],[-97.07353279983559,49.815928696970786],[-97.07365628623266,49.815930554243415],[-97.07387228649345,49.815986417345144],[-97.07422767864679,49.81603404961092],[-97.07453838877586,49.81610368172999],[-97.07492715510347,49.81628105740575],[-97.07510989491777,49.816389261042595],[-97.07524266976885,49.8164833863821],[-97.07538748285198,49.8166081890476],[-97.07538430293137,49.81668833517503],[-97.07503638912749,49.81693347750785],[-97.07492622393876,49.817126383685626],[-97.07495876998543,49.8175146807386],[-97.07498428455133,49.817574818554704],[-97.07505460745622,49.81762806299896],[-97.07514215953991,49.81765277820876],[-97.07534761108579,49.817640568439664],[-97.07551376909947,49.81760444499855],[-97.075672576787,49.81749301923007],[-97.075768918944,49.81735385722404],[-97.07585177062417,49.81698306286989],[-97.07594711830588,49.81679821728964],[-97.07605494908131,49.816622251594104],[-97.07618889296229,49.81649185532595],[-97.07629477265718,49.81644674487985],[-97.07649667184118,49.81642926650628],[-97.07662704887812,49.81648350699283],[-97.0767145289539,49.816604734148115],[-97.07676233067492,49.816725302601604],[-97.07672835464781,49.816864996827974],[-97.07673369679144,49.81701635631032],[-97.07672547529378,49.81714060501751],[-97.076675013411,49.81730363337639],[-97.0764600703687,49.81755523781818],[-97.07640814907619,49.81774150246933],[-97.07643877514302,49.817983991034524],[-97.07650539927735,49.81813056291139],[-97.07658988415551,49.81823369019507],[-97.07682803259917,49.81830256204519],[-97.07696146677299,49.818388098491845],[-97.07699002521925,49.818572121986],[-97.07696619249414,49.81862078330432],[-97.0769042787478,49.81866662412424],[-97.0767413488415,49.81871599575207],[-97.07648020886451,49.81871166068811],[-97.07628626049224,49.818744893899044],[-97.07623155033332,49.81879849178704],[-97.07629156258751,49.81890884791927],[-97.07670362082982,49.8190527289687],[-97.07692350625994,49.81908841210716],[-97.07706179817816,49.81905147674196],[-97.07728683533686,49.818951406452456],[-97.07746785931948,49.818946425350795],[-97.07755090522687,49.8189766187242],[-97.07760055389271,49.81903715637119],[-97.07757371422588,49.81921342243011],[-97.07746367656924,49.8193497717226],[-97.07731519515828,49.819440697568076],[-97.07722622191245,49.81946525910088],[-97.07699663263973,49.81947707161964],[-97.07689257672003,49.81946249911848],[-97.07680004249954,49.81946860101627],[-97.07674584108096,49.81950936216188],[-97.07673156768423,49.819571616489654],[-97.07675333184595,49.81963169162694],[-97.07686126897866,49.819711489961435],[-97.07703211476515,49.81980018482208],[-97.07723068431444,49.819855483945005],[-97.07742667236201,49.81987720878181],[-97.0775563038405,49.819855751927584],[-97.07762584950937,49.81982045259785],[-97.07781145543231,49.81960515976234],[-97.07789340233037,49.81935169380615],[-97.07807438603744,49.81925297420508],[-97.07818311653207,49.81924436254969],[-97.0783517545108,49.81934888147583],[-97.07845746270027,49.819524915789636],[-97.07848140339965,49.81973326980981],[-97.07842540487724,49.82002257820949],[-97.07838007292763,49.820083276103574],[-97.07817155971613,49.82017251304266],[-97.07771072459855,49.82025131451641],[-97.07735629773387,49.82028535868217],[-97.07711936107894,49.820374122076686],[-97.07706955864018,49.82042571875831],[-97.07707206014976,49.8204844326109],[-97.07711178203321,49.82056528894143],[-97.07746707509378,49.82080726287166],[-97.07786809027063,49.82103298269637],[-97.07790371641129,49.82109537059697],[-97.07785544024706,49.821230314575566],[-97.07762113893577,49.82148264144861],[-97.07754333989882,49.82164486934239],[-97.07758233459387,49.82174411361875],[-97.07772950192938,49.821876051015884],[-97.07790806179784,49.82194705928861],[-97.07816358200992,49.82198532083369],[-97.0784083904979,49.82195535816415],[-97.07928933771522,49.821918930549884],[-97.0795559816111,49.82192022585929],[-97.08015419543132,49.82186868988122],[-97.08119230654286,49.8216574462447],[-97.08131110825121,49.82166566274054],[-97.0814433046614,49.8217015276079],[-97.08151761400995,49.82174927926691],[-97.08155214745733,49.82183942178989],[-97.08152387113951,49.821943799955335],[-97.08145447934653,49.82201656926906],[-97.08141531382452,49.82209712366473],[-97.08133995641187,49.822252169091186],[-97.08122347598979,49.82242938164166],[-97.08114104748951,49.8227088798005],[-97.08068083819984,49.823259512073896],[-97.08043883841356,49.82346241841073],[-97.08024841152086,49.82358250998006],[-97.08010008867282,49.82370989519888],[-97.08008738640848,49.82378675719801],[-97.08012355362624,49.82384915333165],[-97.0801980022295,49.82389343638671],[-97.08041771435768,49.82394186195045],[-97.08066993185022,49.82395541387466],[-97.08087663098661,49.82391231643267],[-97.08106088576686,49.823826144598726],[-97.08201206805226,49.823520758524445],[-97.0821658810295,49.823498655249544],[-97.08230297692896,49.823519324572416],[-97.08240637231098,49.82356443246738],[-97.08253883188422,49.82370236933113],[-97.08260833183469,49.82388543822249],[-97.08251870240417,49.82415718029999],[-97.08245852143837,49.82422700768595],[-97.08218815691187,49.82444159927348],[-97.08175659921842,49.82498680798246],[-97.08168480019911,49.82510608839027],[-97.08144804827032,49.825311861071235],[-97.08124728485222,49.82557099956238],[-97.081133026849,49.825800324748485],[-97.08097858281761,49.825973783729175],[-97.08089125740453,49.826132731405536],[-97.08066807022887,49.826348100843724],[-97.08060666157964,49.82644880534327],[-97.08056895068098,49.826628710682364],[-97.08059432636568,49.826706203478494],[-97.08087957672376,49.82697026671288],[-97.08099125780367,49.827036690612495],[-97.08114718326016,49.8270701735129],[-97.08131432728958,49.82706391270065],[-97.08155453793067,49.827015109667144],[-97.08191835342232,49.82686699808504],[-97.0821295877811,49.82681807150551],[-97.08221479411544,49.826834757429616],[-97.0822894245116,49.826996733767146],[-97.08216665423785,49.82721064341702],[-97.08172203617639,49.82742061371771],[-97.08160835810158,49.82752670248425],[-97.0815862366164,49.82759750670451],[-97.08160249691679,49.8276748483373],[-97.0816385031425,49.82772786759976],[-97.08178232732294,49.82782294389477],[-97.0819422248495,49.82787801400822],[-97.08198275366122,49.827937362976456],[-97.08198358694017,49.82799769008205],[-97.08198402998791,49.828029765522125]]]},"properties":{"cluster":"St. Boniface East","neighbourhood_count":20,"neighbourhoods":"Archwood; Dufresne; Dugald; Fraipont; Holden; Island Lakes; Maginot; Mission Industrial; Niakwa Park; Niakwa Place; Royalwood; Sage Creek; Southdale; Southland Park; St. Boniface Industrial Park; Stock Yards; Symington Yards; The Mint; Tissot; Windsor Park"}},{"type":"Feature","geometry":{"type":"Polygon","coordinates":[[[-97.10487006675194,49.882024242213426],[-97.10494388835959,49.88190664852197],[-97.10506850027237,49.881796450201044],[-97.10510251404897,49.881710491326196],[-97.10502233668693,49.8813806575723],[-97.10498720657156,49.881351484731326],[-97.10493375261086,49.88135348862488],[-97.10446108268445,49.881250431332624],[-97.10395454529264,49.88111534175941],[-97.10350966779629,49.88108818847135],[-97.1030549343444,49.88087615101729],[-97.10299464335506,49.88058989869149],[-97.10314139115097,49.880494813615904],[-97.10328776318048,49.880494241166666],[-97.10378921878096,49.88055667512447],[-97.10433133725563,49.88059495060988],[-97.10446096122543,49.88058825715643],[-97.10509193321458,49.88044452006338],[-97.10554925692023,49.880270871840544],[-97.10565877608475,49.88020008638312],[-97.10572163763769,49.88007206076594],[-97.10558751816059,49.8798446780595],[-97.10541711915242,49.879761223541394],[-97.1047230474087,49.8796347629218],[-97.10443263619523,49.87960285426318],[-97.10425753557028,49.879522288901235],[-97.10422344220929,49.879466692639234],[-97.10421943190943,49.879337574033336],[-97.10438181068317,49.87907474930531],[-97.1047150993989,49.87885285050621],[-97.10489424982833,49.878566107486066],[-97.10487223037728,49.87843372666635],[-97.10487808239557,49.87828426473143],[-97.10472619085971,49.87807421709555],[-97.10466537019018,49.878035810662375],[-97.10452838576376,49.87799615867671],[-97.10381236501198,49.87808202370352],[-97.10324884468177,49.878127841971256],[-97.10277849084144,49.87825648147318],[-97.1024649511882,49.878524923337466],[-97.1022980795732,49.87858595341799],[-97.1021159260184,49.8785712797101],[-97.10165101132121,49.878388387789556],[-97.10129434411412,49.878281371621846],[-97.10099187684665,49.87820887711224],[-97.10087953032755,49.87812348911433],[-97.1008081113987,49.87800423757033],[-97.10091540052798,49.87790257318863],[-97.1011739460325,49.87787749111187],[-97.10167345367586,49.877874701450914],[-97.10186393018138,49.877791215996126],[-97.10189705493714,49.877727996348376],[-97.1018776193855,49.87767335886065],[-97.10167819171028,49.87752269347224],[-97.10125166297703,49.87725688128652],[-97.10103179618213,49.87707728139837],[-97.1009797437937,49.87686814495736],[-97.10107607763085,49.87646637610737],[-97.1012205006772,49.87631621667922],[-97.10179470830144,49.87609354291893],[-97.10220161944386,49.87598172865223],[-97.10302835751891,49.87581998415706],[-97.10348357100985,49.875787143848996],[-97.10368395326846,49.87579914593034],[-97.10404244184527,49.875859329823264],[-97.10429902197181,49.875854803207304],[-97.1045617876377,49.87582420683235],[-97.10493987540472,49.87560366952274],[-97.1047880450193,49.87542743744885],[-97.10472896588071,49.87534463285671],[-97.1045533455614,49.875298233658235],[-97.10392250535998,49.8749802564554],[-97.1038058898843,49.87488670748268],[-97.10365888606574,49.87482483341192],[-97.103739324645,49.87479610357167],[-97.10467372332947,49.87448797093088],[-97.10535383914963,49.87426368581356],[-97.10670868845962,49.873816871429206],[-97.1068767569509,49.87385717151968],[-97.11354225317731,49.871656240276],[-97.11511959944589,49.87112254479772],[-97.11664218712531,49.87062755822375],[-97.11691247417575,49.87069014883569],[-97.11800626402727,49.87086599375218],[-97.11910332305894,49.87099173804074],[-97.12021182958267,49.871059865290896],[-97.12137823213997,49.87109322512232],[-97.12221410028543,49.87107107522583],[-97.12329476442369,49.871009539137745],[-97.12429845083365,49.870932299170114],[-97.12676599617295,49.87067729598636],[-97.12789411925637,49.870544243780834],[-97.12910141148224,49.870369964303144],[-97.13025409226098,49.870179493345624],[-97.13122516101994,49.87009486819954],[-97.13230497507612,49.870054481636735],[-97.1330607997783,49.870095554998215],[-97.13354742979348,49.87016118480347],[-97.13441643407216,49.87040464483742],[-97.13507465481986,49.87062430963249],[-97.13567605190947,49.87088555090633],[-97.1361090405356,49.871115184777615],[-97.13634069788398,49.87131438354545],[-97.13667959644553,49.871699731025984],[-97.13701340844236,49.87225157317168],[-97.13731068694081,49.87293285953986],[-97.13740682411861,49.87357861723067],[-97.13736050223751,49.8742356836321],[-97.1372039924581,49.87512469737294],[-97.1369639232448,49.87586108828449],[-97.13661674677813,49.87650991844493],[-97.13623646758313,49.87713016907523],[-97.13587914414197,49.87763587233839],[-97.13568425783573,49.877911680832376],[-97.13517231745054,49.87850091409926],[-97.13454354873616,49.87908401548014],[-97.13317239454102,49.88019398560973],[-97.13260610381454,49.88069054470742],[-97.13202817766164,49.88128380034205],[-97.13174030761004,49.88155197357888],[-97.13029333575996,49.88275055446524],[-97.12884476189767,49.88395038346861],[-97.12711745637218,49.8854871235027],[-97.12681410814375,49.88578055844957],[-97.12648747926829,49.886096508283146],[-97.1261585315972,49.88647278893399],[-97.12593399977919,49.886849642084],[-97.1257660706442,49.8873314577746],[-97.12565241098396,49.88794428853048],[-97.12567989369455,49.88869105226039],[-97.12583754224302,49.889264115886604],[-97.12608873279832,49.88981974928726],[-97.12649062626892,49.890419188150304],[-97.12692036172147,49.890823166687184],[-97.12730705746273,49.89122569299729],[-97.12739125126505,49.891313332484515],[-97.12876221768191,49.893097788870065],[-97.12933496694824,49.893775150426904],[-97.12991478183791,49.89431667569465],[-97.1305484071136,49.89495550701028],[-97.13066892735172,49.895137451187935],[-97.13094440435053,49.89555332136311],[-97.13120527582346,49.89615708952073],[-97.13125946664206,49.896709885689326],[-97.13124903564885,49.897305793833596],[-97.13121603571719,49.89778746777635],[-97.13116580650657,49.89791178177941],[-97.13111061870872,49.89804836716926],[-97.13094789855462,49.89830253284406],[-97.13057251602403,49.89870664528875],[-97.13011681107004,49.89904787798987],[-97.1295916615349,49.89937055931498],[-97.12898596574,49.89968264273669],[-97.12878433061518,49.89976382127738],[-97.12853644107827,49.899863621036396],[-97.1270895570515,49.90025041894752],[-97.12562053926722,49.9006043066142],[-97.12485134838995,49.900770805982035],[-97.12440391857764,49.900850713253845],[-97.12395959139337,49.90089697269052],[-97.12361369553567,49.900909965454865],[-97.12113183168391,49.90070825626824],[-97.119711506579,49.90064107324709],[-97.11615101786634,49.900421756690776],[-97.11547394082518,49.90039332243331],[-97.11351082062289,49.90040670758991],[-97.11269148169588,49.90042822930701],[-97.11186117058209,49.90049822339788],[-97.11111684574688,49.90061610240208],[-97.11060340238014,49.90072516118064],[-97.11019752500384,49.90086943609052],[-97.10985021728894,49.90106564508935],[-97.10956295852446,49.90126265344812],[-97.10924900912856,49.901516646693295],[-97.10895996182693,49.90186981054018],[-97.10876655801917,49.9022152385315],[-97.10860335219172,49.90268642398886],[-97.10755207719069,49.90262544527948],[-97.10662472140311,49.90257164641522],[-97.10614307867554,49.90258655003657],[-97.10740441862191,49.899594206297024],[-97.10721055796391,49.89921034552076],[-97.1057159842946,49.896250605440336],[-97.10775197192636,49.89580802747782],[-97.10967106099338,49.895306040992075],[-97.10961589595358,49.89522510177209],[-97.10961249838965,49.895021170186226],[-97.10979723014195,49.89488334888377],[-97.10992221309921,49.894446877660116],[-97.10990511331676,49.89439084090574],[-97.10974202238873,49.89420409039248],[-97.1096239096569,49.89403282202241],[-97.10931739063938,49.89377034713625],[-97.10927826096362,49.893232184302754],[-97.10934803524329,49.89295687085261],[-97.10934535992557,49.892793240579344],[-97.10945440816515,49.89261758295658],[-97.10959214283949,49.89246289760017],[-97.10958742827167,49.892292669017266],[-97.10952001541582,49.89221674602098],[-97.10940934760319,49.89217240316165],[-97.10928849869566,49.89215649256903],[-97.10884790587914,49.89221972213196],[-97.10868360303915,49.89226983164738],[-97.10848849058759,49.892294526968854],[-97.10799658124485,49.892451524589184],[-97.10770603434804,49.89253554496568],[-97.1076297935014,49.892570902743415],[-97.10721635780902,49.89263241109674],[-97.10695481431972,49.89266762033829],[-97.10666058886494,49.89265193314425],[-97.10618889687424,49.8925796564105],[-97.10604137179452,49.892520768663154],[-97.10592347816322,49.8923414060748],[-97.10592141735361,49.892294337850466],[-97.10592052318019,49.89227318916802],[-97.10566933989148,49.89187671024884],[-97.10539137260615,49.89166001716504],[-97.10497817270709,49.891460627949456],[-97.10439912778989,49.8910606742969],[-97.10436485452593,49.8910153275495],[-97.10425134397576,49.89086499303611],[-97.10429395852832,49.89077656710887],[-97.10427611992937,49.89064875143169],[-97.10419468045436,49.890582398485165],[-97.10409962663714,49.89038299285514],[-97.10398071231305,49.890238774993094],[-97.1039727742792,49.89017767107429],[-97.10403564613738,49.8900029718087],[-97.10409662487322,49.889955675567414],[-97.10426596146891,49.889900079078565],[-97.10437877197423,49.889901204534304],[-97.10472543304172,49.88997585122064],[-97.1048565181444,49.88996180666076],[-97.10513471729047,49.88987327484923],[-97.10528180631759,49.88979941667703],[-97.10532141942598,49.88974358672005],[-97.10527903241397,49.88946275487834],[-97.10529171439094,49.88934119388873],[-97.10525821523065,49.88921159351038],[-97.10533985338895,49.88895329348492],[-97.10535623386737,49.888825227877675],[-97.10546239077028,49.88866490503763],[-97.10565384729254,49.888615963331404],[-97.10591018087494,49.88865171846512],[-97.10633984557826,49.88877897804887],[-97.10673796000833,49.88884708487547],[-97.10701640936048,49.88880765567656],[-97.1071782948872,49.88876038690476],[-97.10731651415207,49.8886812551889],[-97.10741520871285,49.88856478561421],[-97.10743660161174,49.888425829836315],[-97.10731105365986,49.888125294720695],[-97.10715892004298,49.88797909874776],[-97.1067463559537,49.887849153709666],[-97.10622296953852,49.88773493343213],[-97.10573540257889,49.8877233692917],[-97.10560940658651,49.88766330385761],[-97.10556440547751,49.88756652070318],[-97.1056078308316,49.88744258426982],[-97.10570317185693,49.887356098701005],[-97.10586057553522,49.88727953053832],[-97.10644671460551,49.887180558931824],[-97.10689781881574,49.887023621023616],[-97.10734091371367,49.88681016304904],[-97.10742305473228,49.88662372563842],[-97.10741324237681,49.886554677294434],[-97.10729234933117,49.88642580886186],[-97.10713999579193,49.886373408589264],[-97.1068351997668,49.88636186577381],[-97.10623590807745,49.88644812383266],[-97.10564263848653,49.886439148979065],[-97.10508057449832,49.88638670433757],[-97.10491330676044,49.88631067490661],[-97.10485471563814,49.88624145833965],[-97.10483073978689,49.886158958132796],[-97.10486455689055,49.886048804360804],[-97.10497412012896,49.885945015108156],[-97.1052531277447,49.885773668622676],[-97.10554872096127,49.885592070464405],[-97.10567925106767,49.88521361020033],[-97.10585179402229,49.885040432366104],[-97.10605645625189,49.884999799744314],[-97.10631168399134,49.88488732756973],[-97.10659802522777,49.88464855850899],[-97.10669530691607,49.88451228131594],[-97.10675524640584,49.884285911451414],[-97.10674256993234,49.884116991356485],[-97.10657510628172,49.883899407587116],[-97.10648255822147,49.883885395160476],[-97.10631145271678,49.883907601034586],[-97.1057145130865,49.884195523012124],[-97.1055615058092,49.88422162084938],[-97.10528941740282,49.88418425829015],[-97.10451554000241,49.8837139399383],[-97.10422367312775,49.88357498758427],[-97.10344151034386,49.88337810066593],[-97.10334371562138,49.88332227125573],[-97.10329815222127,49.883240046958335],[-97.10329881640439,49.883138164452696],[-97.10337347261991,49.8830579972795],[-97.1043235187418,49.88256164394075],[-97.10469000900316,49.88244811712913],[-97.10481545307636,49.882375344552315],[-97.10488520289812,49.88221811408317],[-97.10487808905778,49.88212716607868],[-97.10487006675194,49.882024242213426]]]},"properties":{"cluster":"St. Boniface West","neighbourhood_count":4,"neighbourhoods":"Central St. Boniface; North St. Boniface; Norwood East; Norwood West"}},{"type":"Feature","geometry":{"type":"Polygon","coordinates":[[[-97.26473425146739,49.90244976184034],[-97.2647222477827,49.90258822255847],[-97.26470693393455,49.902771080531934],[-97.26415320072178,49.909381963625094],[-97.26414324543697,49.90950079813955],[-97.26355095588008,49.91656656884704],[-97.26192267798105,49.91656762205062],[-97.26187682095451,49.916567651380774],[-97.26178474365092,49.916567710218665],[-97.26016074872093,49.916568735939855],[-97.25849568519104,49.91656976398032],[-97.25697934535506,49.91657067938981],[-97.25527805315112,49.916571682844655],[-97.2551377504483,49.91657176448345],[-97.25267519753815,49.91657316974028],[-97.25021264697256,49.91657452268665],[-97.25007234486162,49.9165745981947],[-97.24837818235557,49.91657549655899],[-97.24585999866368,49.91657678612762],[-97.24373419379133,49.916577832179186],[-97.24162997330127,49.916578829220185],[-97.24108894439813,49.916579079402936],[-97.22985705970383,49.91658370293788],[-97.22985675834103,49.91982817883192],[-97.2298589557285,49.92383253013545],[-97.22985592382985,49.93108148523432],[-97.22985546761427,49.93308633356322],[-97.20675515744685,49.926935727995655],[-97.20676070006158,49.91645488644695],[-97.1996276819346,49.916457394165406],[-97.19510473912435,49.91646043383428],[-97.19510471814026,49.916365274062194],[-97.18965476330081,49.91113840367621],[-97.18639840117142,49.910096555877296],[-97.19017736674604,49.90517018042717],[-97.19067633959187,49.9045053207491],[-97.19098269942427,49.90409709920085],[-97.19137437809368,49.903539251198794],[-97.1917452091344,49.902995105970724],[-97.19206439307858,49.90241310238959],[-97.19231536646089,49.901806292427395],[-97.19247347641497,49.90126287450592],[-97.1925576981861,49.90078159976051],[-97.19259441965947,49.90037416997765],[-97.19283360279077,49.89757935381207],[-97.19310763547833,49.89399488250737],[-97.20154280386143,49.89425285948423],[-97.20155433086255,49.89411674923177],[-97.20169472441015,49.89235087421137],[-97.20191925979653,49.88953945906369],[-97.20209216642762,49.8873754094681],[-97.2023359630114,49.88432126341041],[-97.20333650187008,49.88436159390993],[-97.20333323984524,49.884398060919494],[-97.20399562527618,49.884423342205594],[-97.2040724154423,49.883566675437706],[-97.20617538224855,49.883646902491556],[-97.20632989354057,49.88193097245303],[-97.20485229001936,49.87963669746601],[-97.20325715668908,49.877159702659036],[-97.20305060313892,49.87683893723789],[-97.20324626783582,49.876807668041295],[-97.20379204325529,49.87678126887217],[-97.20446539094188,49.87680564478895],[-97.20541215854382,49.87692371957057],[-97.20612786216427,49.87696965646077],[-97.20660791433127,49.87697011334391],[-97.20709598123948,49.87689981402777],[-97.20759030673342,49.876757569324205],[-97.20802744440772,49.876508702103976],[-97.2082933592099,49.87622232851588],[-97.20836780614104,49.875959719479745],[-97.20825394824008,49.8750040087558],[-97.20824004290789,49.87450532252874],[-97.2083560222339,49.874286347157714],[-97.2085562387806,49.87407448333758],[-97.20886191024795,49.873879354021085],[-97.20932753575252,49.87373433461403],[-97.2097801013942,49.87365069433315],[-97.21023004667819,49.873637890027865],[-97.21075767451381,49.8737122665564],[-97.21246830160214,49.8741279095376],[-97.2131064452054,49.8742283803254],[-97.21392612034033,49.874330483077344],[-97.21447083534,49.874331903891445],[-97.21527605939028,49.87424089290889],[-97.21648147280749,49.87407237541995],[-97.21891631089315,49.873570676861505],[-97.21958338727748,49.873420465485786],[-97.21966503670765,49.87340207944566],[-97.22061372067604,49.87322260384823],[-97.2212987874944,49.873171536153414],[-97.22218669002487,49.873178186736475],[-97.22307229132335,49.873247539799976],[-97.22340963920334,49.87331429365281],[-97.22413826710783,49.87359502868514],[-97.22527764165447,49.874000566402934],[-97.2263110606108,49.87440330953799],[-97.22704048758962,49.874663123507815],[-97.22771721438052,49.874839622278664],[-97.22883968619472,49.87516821223578],[-97.22992059830227,49.87545426665639],[-97.22995457169533,49.87546019529561],[-97.23052624065633,49.87555995457278],[-97.23127429718886,49.875606230004166],[-97.23202319202377,49.87556998570784],[-97.23314679764216,49.87557317542525],[-97.2344175604376,49.87563320682281],[-97.23561263777114,49.87566767157879],[-97.23663997224472,49.87564844710358],[-97.23754181167662,49.875530895122935],[-97.23942932384853,49.87513428185935],[-97.24037545830248,49.874974358819514],[-97.24124948110831,49.874869106757444],[-97.24151880349014,49.87487900561791],[-97.24338570138681,49.875059523887906],[-97.24386347858001,49.87507257327717],[-97.24409993174547,49.875047107157876],[-97.24430162502911,49.874988579904134],[-97.24445196453296,49.8749083597095],[-97.24483104420577,49.874579493900306],[-97.24547509349601,49.874111659561926],[-97.24580204301905,49.873970204480806],[-97.24630169172957,49.873875515022306],[-97.24688531897888,49.873844838036916],[-97.24770348881502,49.87389090594804],[-97.24866615978166,49.873968199843645],[-97.24920145757874,49.8739904435071],[-97.24950092584581,49.87400288646856],[-97.24995555314723,49.8739597883519],[-97.2508765172389,49.87379823780958],[-97.25256760293827,49.873569281306416],[-97.25291600232342,49.873480416611564],[-97.25387059877178,49.87318340309088],[-97.25474653323539,49.872973504263804],[-97.2557616958939,49.872791256606284],[-97.2569387815367,49.872516187014625],[-97.25906959696114,49.871895174550964],[-97.25966618733214,49.87176357015058],[-97.26023344187783,49.87172674027201],[-97.26137084503846,49.87179377003849],[-97.26256007329434,49.87191966210606],[-97.26349982741765,49.87198385247891],[-97.2637150368344,49.87199855137078],[-97.26484726238945,49.87200969664954],[-97.26522547351905,49.87200157961974],[-97.2655489508189,49.87199463628564],[-97.2657954466846,49.87195884669187],[-97.26620896463758,49.87189880527791],[-97.26691275262715,49.871724583375155],[-97.26803306961156,49.871364863177774],[-97.26908274283483,49.87096921930002],[-97.27005269199843,49.87048987892209],[-97.27079100133577,49.87015347832856],[-97.27175248850504,49.86985990666756],[-97.27282262990663,49.86964463371366],[-97.27338921880241,49.869585683226795],[-97.27425927063125,49.8695870213437],[-97.27509994806583,49.869706432814056],[-97.27643071329643,49.86999695923277],[-97.27702208381501,49.8700499048987],[-97.27752840761273,49.87006788771083],[-97.27818491852776,49.87000792618471],[-97.27856638911025,49.86990098759707],[-97.27879503958654,49.86983688861187],[-97.27921888821098,49.86959569055393],[-97.2795552732404,49.86929299262103],[-97.28029615762877,49.86949465367747],[-97.28006638649552,49.87151161345553],[-97.2783916766516,49.87143423036795],[-97.27837610564384,49.87157087325155],[-97.27827883791227,49.871566378286474],[-97.27817295713403,49.87156157421738],[-97.27777983544664,49.875031754854795],[-97.27774653673102,49.87518311387803],[-97.27767691803679,49.87534644201077],[-97.27761377984883,49.87552011440308],[-97.27757784749257,49.875690618410474],[-97.27768298844946,49.87569513843797],[-97.27790725355449,49.875705780723266],[-97.27795803065574,49.875708190170506],[-97.2782330729948,49.8757212421509],[-97.27850811413946,49.87573429256047],[-97.27893125735396,49.87575436902024],[-97.27958289655967,49.87578528429844],[-97.27957668403518,49.87583997571219],[-97.27956115336727,49.87597670380286],[-97.27954717609377,49.876099759265166],[-97.2795456226019,49.87611343188735],[-97.27953009173909,49.876250159965885],[-97.27951456077881,49.87638688803818],[-97.27951378450932,49.876393721998035],[-97.27949902968912,49.876523617003464],[-97.27949747704166,49.87653728491997],[-97.2794937488038,49.87657010446812],[-97.27948349714278,49.87666034504297],[-97.27947293668575,49.87675331998811],[-97.27946796589015,49.87679707309704],[-97.27945243454003,49.87693380114498],[-97.2794521243927,49.87693653549714],[-97.27943690309246,49.87707052918682],[-97.2794313118927,49.8771197518942],[-97.27942137154743,49.877207257222565],[-97.27941049924962,49.877302967381404],[-97.279405839873,49.87734398615124],[-97.27939030674185,49.87748071415411],[-97.27938968643157,49.87748618285743],[-97.27938254130876,49.877549078186085],[-97.27937477490441,49.87761744217155],[-97.2793688734385,49.87766939832262],[-97.27935924296955,49.87775417018286],[-97.27934806023846,49.87785261467592],[-97.27934371093718,49.877890898188085],[-97.27932817880738,49.87802762618722],[-97.27932724689536,49.87803583011911],[-97.27931264658008,49.87816435418023],[-97.27930643337724,49.878219045551376],[-97.27929711283215,49.8783010830455],[-97.27928561965214,49.87840226187181],[-97.27928158040993,49.878437811026316],[-97.27926604789023,49.87857453900103],[-97.27926449422192,49.87858821161214],[-97.27925051527305,49.878711266969596],[-97.27923498255839,49.878847994932094],[-97.27922560057581,49.878930578392804],[-97.27922236936328,49.87895901825519],[-97.27921913814653,49.87898745811718],[-97.27918185871042,49.879315605362976],[-97.27916098196947,49.879499714485995],[-97.2790572844978,49.879475332512136],[-97.2789631047171,49.88050679110226],[-97.27828514573444,49.88793029045673],[-97.27774351918447,49.89385795179758],[-97.27703237823589,49.901639006260275],[-97.26473425146739,49.90244976184034]]]},"properties":{"cluster":"St. James-Assiniboia East","neighbourhood_count":13,"neighbourhoods":"Airport; Birchwood; Booth; Bruce Park; Deer Lodge; Jameswood; Kensington; King Edward; Murray Industrial Park; Omand's Creek Industrial; Silver Heights; St. James Industrial; Woodhaven"}},{"type":"Feature","geometry":{"type":"Polygon","coordinates":[[[-97.27918185871042,49.879315605362976],[-97.27921913814653,49.87898745811718],[-97.27922236936328,49.87895901825511],[-97.27922560057581,49.878930578392804],[-97.27923498255839,49.878847994932094],[-97.27925051527305,49.878711266969596],[-97.27926449422192,49.87858821161214],[-97.27926604789023,49.87857453900103],[-97.27928158040993,49.878437811026316],[-97.27928561965216,49.87840226187175],[-97.27929711283215,49.8783010830455],[-97.27930643337724,49.878219045551376],[-97.27931264658008,49.87816435418023],[-97.27932724689536,49.87803583011911],[-97.27932817880738,49.87802762618722],[-97.27934371093718,49.877890898188085],[-97.27934806023846,49.877852614675845],[-97.27935924296955,49.87775417018286],[-97.2793688734385,49.87766939832262],[-97.27937477490443,49.87761744217155],[-97.27938254130876,49.877549078186085],[-97.27938968643157,49.87748618285743],[-97.27939030674185,49.877480714154196],[-97.279405839873,49.87734398615124],[-97.27941049924964,49.877302967381304],[-97.27942137154743,49.877207257222565],[-97.2794313118927,49.8771197518942],[-97.27943690309245,49.87707052918682],[-97.27945212439269,49.87693653549723],[-97.27945243454003,49.87693380114498],[-97.27946796589015,49.87679707309704],[-97.27947293668575,49.87675331998811],[-97.27948349714278,49.87666034504297],[-97.2794937488038,49.87657010446812],[-97.27949747704166,49.87653728491997],[-97.27949902968912,49.876523617003464],[-97.2795137845093,49.876393721998035],[-97.27951456077881,49.87638688803818],[-97.27953009173909,49.876250159965885],[-97.2795456226019,49.87611343188735],[-97.27954717609377,49.876099759265166],[-97.27956115336727,49.87597670380286],[-97.27957668403519,49.875839975712104],[-97.27958289655967,49.87578528429844],[-97.27893125735397,49.87575436902024],[-97.27850811413946,49.87573429256047],[-97.2782330729948,49.8757212421509],[-97.27795803065574,49.875708190170506],[-97.27790725355447,49.875705780723266],[-97.27768298844946,49.87569513843797],[-97.27757784749257,49.875690618410474],[-97.27761377984883,49.87552011440308],[-97.27767691803679,49.87534644201077],[-97.27774653673102,49.87518311387803],[-97.27777983544664,49.875031754854795],[-97.27817295713403,49.87156157421738],[-97.27827883791227,49.871566378286474],[-97.27837610564384,49.87157087325155],[-97.2783916766516,49.87143423036795],[-97.28006638649552,49.87151161345553],[-97.28029615762877,49.86949465367747],[-97.2795552732404,49.869292992621205],[-97.2800441814958,49.86857963091425],[-97.28020167392756,49.86814391974366],[-97.28027600189947,49.86777204260465],[-97.28029361266016,49.867276159158074],[-97.28014436157791,49.86682195322896],[-97.27995408341722,49.86646009276171],[-97.27949219176188,49.86574910664994],[-97.27928223891783,49.86528354097709],[-97.27902728688717,49.864617454398356],[-97.27875159927667,49.86352346812665],[-97.27853701610096,49.86303691731936],[-97.2782634410979,49.862541356220305],[-97.27802136167752,49.862019537899556],[-97.27797469111404,49.86161332996494],[-97.27806913644726,49.86118133221433],[-97.27834485621496,49.86075667497736],[-97.27873591425691,49.860323272643456],[-97.27914813193229,49.85995176561046],[-97.27963936668847,49.85963255507843],[-97.28033778141311,49.85935011273151],[-97.28115456805807,49.859125194538805],[-97.28187253907888,49.85905101899829],[-97.28260346384538,49.85906766172269],[-97.28345374535813,49.85916507905507],[-97.28435944509174,49.85937253214407],[-97.28505884045575,49.85961991718654],[-97.28569336727772,49.859923282089255],[-97.28629677950308,49.86034352076708],[-97.2867036960641,49.86080036632269],[-97.28694505303247,49.86129426918418],[-97.28707938568279,49.86166342504603],[-97.28719574471955,49.86208344010772],[-97.28752878685671,49.86252640955967],[-97.2880292513506,49.862911430621736],[-97.28872690220005,49.863261017280436],[-97.28963926476004,49.863537080854684],[-97.29038763089129,49.86370515590414],[-97.29056138564063,49.86374417851276],[-97.2907467335238,49.86378580440366],[-97.29173655800177,49.86385384608939],[-97.29403924294436,49.86385174169526],[-97.29534482294773,49.86393718084766],[-97.29631138501573,49.86395139246951],[-97.29783096864023,49.86388076457868],[-97.29852975950676,49.863944473694765],[-97.29934333457996,49.864117922369175],[-97.30027333422294,49.86440577992168],[-97.30219708942498,49.8652147923155],[-97.30309977084978,49.86551384609969],[-97.30404965763321,49.86574851546893],[-97.30505671378295,49.865942183575456],[-97.30726374541929,49.86631372016387],[-97.3077867129027,49.86636899566039],[-97.30879963798826,49.86639539903849],[-97.30972394603589,49.86638564341914],[-97.3104648841104,49.86642781828887],[-97.31099477452857,49.866542438551676],[-97.31151252555325,49.8667475099562],[-97.31191655231899,49.86706943947716],[-97.3121783100884,49.86750200298328],[-97.31234611542831,49.867948302975506],[-97.31248936449664,49.869254071861256],[-97.31255458213843,49.869652400666226],[-97.31266674493196,49.869993316425635],[-97.31279361036957,49.870186873396285],[-97.31292279397118,49.87038396545624],[-97.31350262131437,49.87082115472239],[-97.315250714374,49.871835376486615],[-97.31595923188708,49.87219192680266],[-97.31684488750498,49.87246971021316],[-97.31770504974851,49.8726018759589],[-97.31863400214847,49.87266880334183],[-97.3195101547274,49.87265129907147],[-97.32037283384753,49.872555743866215],[-97.32107620295731,49.872388159239115],[-97.32162932555845,49.872146355477305],[-97.3221309242381,49.87178296291576],[-97.32249431611405,49.87141292038482],[-97.32294924824473,49.87078741543976],[-97.32331407402569,49.87037556172575],[-97.32402343932216,49.86982577221277],[-97.32480516069771,49.869366492486364],[-97.32553790162511,49.868971567826875],[-97.32615284701707,49.86875968385753],[-97.3265077437051,49.86866834303009],[-97.32779937337132,49.86834772730636],[-97.32857341904021,49.86810907759448],[-97.32966093477745,49.867850540074166],[-97.3313613356504,49.86754272090504],[-97.33231410569586,49.86733334341971],[-97.33339459770268,49.8670688602876],[-97.33435988796101,49.86680852131134],[-97.33531043475513,49.866506133237394],[-97.33617265197735,49.86621060296328],[-97.3370438044814,49.86596864309774],[-97.33787474664474,49.86579813950556],[-97.33893675478619,49.86561252319501],[-97.33889935619963,49.86599196464432],[-97.33883158373446,49.86667972209619],[-97.33880527575646,49.86694649432141],[-97.33877127043426,49.86729100239186],[-97.33870025898425,49.868010399936935],[-97.33865696505903,49.868448987089074],[-97.3386498759608,49.86852078890585],[-97.33863394133088,49.86868233396731],[-97.33862067666871,49.868816947866776],[-97.33858808645137,49.869148197351244],[-97.33857365629339,49.86929486495355],[-97.33856073934695,49.869426151476986],[-97.33854782232176,49.869557437995134],[-97.33852695272797,49.86976955141126],[-97.3385054807679,49.86998778493677],[-97.33846178888422,49.87043077592758],[-97.33841809752425,49.870873765982054],[-97.33837440384424,49.8713167568584],[-97.33831290953665,49.871940225031445],[-97.33829942260758,49.872076950098375],[-97.33825572787899,49.8725199408392],[-97.33821203086096,49.872962931502855],[-97.33816833436659,49.87340592123017],[-97.33812463555188,49.87384891177935],[-97.3380809372299,49.87429190229124],[-97.33803723804039,49.87473489184684],[-97.33797573258595,49.87535835937838],[-97.33796224487763,49.875495085227975],[-97.33791854185665,49.875938074608165],[-97.33787483929743,49.87638106485009],[-97.33783113444846,49.87682405501486],[-97.33778743012294,49.877267044243254],[-97.33774372347672,49.87771003429351],[-97.33770001732306,49.87815302430649],[-97.33767046010968,49.87845258872213],[-97.3376660061126,49.87849773581888],[-97.33762553550486,49.87890791115767],[-97.33758850549867,49.87928320862774],[-97.34350573726002,49.878568467968456],[-97.3434828099709,49.878799874668026],[-97.34153726796461,49.89842726322753],[-97.33468613572725,49.8985793334468],[-97.33126212735338,49.898654769169156],[-97.32954725769743,49.89869251170932],[-97.3287936073257,49.89870909133982],[-97.32266896729607,49.89884325633783],[-97.32149440453034,49.910678122937746],[-97.32145390083633,49.91105102697348],[-97.32140676384155,49.91142315070668],[-97.32135300849117,49.91179437615221],[-97.32129234803175,49.91216634950359],[-97.32122504253007,49.912537178082495],[-97.32115111353012,49.91290674318969],[-97.32001082590017,49.91835999834119],[-97.31987872143888,49.9191450215276],[-97.3198102550392,49.91993813270772],[-97.31980587130964,49.92073418155975],[-97.31986605719237,49.921531946929875],[-97.31999060076049,49.922322225884336],[-97.32017868516047,49.92309983515945],[-97.3207792297808,49.925231155492604],[-97.32086863712298,49.925568628664934],[-97.32094717812024,49.92590879498693],[-97.32101477200914,49.92625130466716],[-97.3210708421052,49.92659237787293],[-97.32111605663415,49.926935059115095],[-97.32115037002028,49.92727900297518],[-97.32118292318506,49.927550351197326],[-97.3211919088272,49.92936622394756],[-97.29849428075758,49.92923365393181],[-97.29850571303793,49.931314167245105],[-97.26230769828932,49.93134161901131],[-97.26233056566221,49.93107033573675],[-97.26291141032203,49.924178399452614],[-97.26355095588008,49.91656656884704],[-97.26414324543697,49.90950079813955],[-97.26415320072178,49.909381963625094],[-97.26470693393455,49.902771080531934],[-97.2647222477827,49.90258822255847],[-97.26473425146739,49.90244976184034],[-97.27703007684524,49.90163915810457],[-97.27774,49.89386],[-97.27829,49.88793],[-97.27896,49.88051],[-97.27906,49.87948],[-97.27916,49.8795],[-97.27920989511125,49.87951120106041],[-97.27916098196947,49.879499714485995],[-97.27918185871042,49.879315605362976]]]},"properties":{"cluster":"St. James-Assiniboia West","neighbourhood_count":7,"neighbourhoods":"Airport; Assiniboia Downs; Buchanan; Glendale; Kirkfield; Saskatchewan North; Westwood"}},{"type":"Feature","geometry":{"type":"Polygon","coordinates":[[[-97.13911157268096,49.822550744885724],[-97.14172578468148,49.82187332325452],[-97.14272349505347,49.821641656693835],[-97.14284490330222,49.8219434820469],[-97.14309134998106,49.822355277827114],[-97.14348559489117,49.82284729216203],[-97.14412397108467,49.82348648412264],[-97.1455177918341,49.824826131040126],[-97.14684299368304,49.826175711708224],[-97.14778156178255,49.82722758461221],[-97.14817207066103,49.82787294352841],[-97.14841151365793,49.828414750270866],[-97.14853206119217,49.828870517664306],[-97.1485260380593,49.829028256243944],[-97.14851344468768,49.82935805693236],[-97.14846175870538,49.82981702139404],[-97.1482489189151,49.8304017439041],[-97.14800856760132,49.83084664439788],[-97.14766248548415,49.831238860881854],[-97.14728655633895,49.83155240927908],[-97.14686304733772,49.83177000792263],[-97.14640625636542,49.831930130038586],[-97.14560320497777,49.83210850646254],[-97.14464232073352,49.83222230834041],[-97.14368573726466,49.83225798130644],[-97.1429306535627,49.83221273678026],[-97.14216661762381,49.83209255348317],[-97.14062682720473,49.83181543839759],[-97.13951972268944,49.83156224853878],[-97.13878012414169,49.83142203779964],[-97.1376519883278,49.831272178796134],[-97.136486709121,49.83116590573201],[-97.13560474594199,49.831140669911946],[-97.1346412662733,49.8312534971993],[-97.13377257432471,49.83149787641126],[-97.1328846868405,49.831865173986465],[-97.1321389081606,49.83232909348736],[-97.13176385715977,49.83265110500725],[-97.13146719568236,49.83298457809176],[-97.13123081370661,49.8334244090175],[-97.13108367956707,49.8341053480562],[-97.13111609769017,49.83459370804765],[-97.13131397697546,49.83508473641132],[-97.13171440174476,49.83570736362019],[-97.13187800132664,49.8359175003061],[-97.132266556027,49.8364165741523],[-97.13280898740855,49.836969245472616],[-97.13329556339187,49.83736888408832],[-97.13402820524108,49.837896567108146],[-97.1360128947467,49.83921779147068],[-97.1367284158225,49.839713735691646],[-97.13717595324339,49.84013907640901],[-97.13742295794191,49.84058498920616],[-97.13756558342472,49.84114820837071],[-97.13756079185016,49.8414438927499],[-97.1375169660248,49.84176359653485],[-97.13724633033483,49.8422742792176],[-97.13692122270578,49.84266340128012],[-97.13645599364682,49.84300522507153],[-97.13613146244181,49.84315124828711],[-97.13587424368717,49.84326698289744],[-97.13469847178052,49.84356252206148],[-97.13427950433918,49.84362376855475],[-97.13365898965972,49.843663070160375],[-97.13270699406472,49.84364178477985],[-97.13170593759637,49.84356360792112],[-97.130740933307,49.8434367103624],[-97.12990227826388,49.84323705354332],[-97.12921522792371,49.84302539006833],[-97.12830335852058,49.842646062795644],[-97.12725379644502,49.842259403771955],[-97.12665184508886,49.84205674918959],[-97.125898961063,49.841849100909684],[-97.12516410820831,49.84168508381576],[-97.12446461946398,49.84159217528123],[-97.12390444524371,49.84153296400389],[-97.1230820917824,49.841524746672505],[-97.12247423653777,49.84157694168203],[-97.12185373059606,49.8417181669499],[-97.12133480325038,49.84191712850037],[-97.12089315856286,49.84215643591597],[-97.12042089398568,49.84250743053198],[-97.12004450395055,49.84282598303864],[-97.11972480110039,49.843241491733394],[-97.11949114115811,49.843720437841284],[-97.11941026644807,49.84417891598518],[-97.11943344268603,49.84466542923782],[-97.11959919624987,49.84513555850548],[-97.11993976509751,49.845673115394284],[-97.12029216858714,49.84611949714863],[-97.12063793082915,49.84651308262888],[-97.12095263671752,49.846836894588044],[-97.12130908610261,49.84713503581826],[-97.12166800571862,49.84740346982268],[-97.12207369230984,49.847652263207145],[-97.12427206304572,49.84888791054594],[-97.12556099916746,49.84964731950185],[-97.12778536164926,49.85086122224162],[-97.12868868065217,49.8513296526312],[-97.12965480713481,49.851771893111454],[-97.13047387841247,49.85207407132705],[-97.13123758077346,49.85227846361078],[-97.13191205239872,49.852410871786915],[-97.13252684871236,49.85248877146402],[-97.1331009193405,49.852532016294944],[-97.13368132545064,49.852547314004326],[-97.13429831281715,49.8525343015441],[-97.13491401326179,49.8524864196883],[-97.13559810818923,49.85236909421715],[-97.1363381438437,49.85216427601569],[-97.13727305255445,49.85181385519241],[-97.14010426843133,49.850652487455214],[-97.14061961045893,49.85047888110717],[-97.14114543518635,49.85034028601267],[-97.14183532630904,49.85020771886969],[-97.14273037364964,49.85010648201844],[-97.14305368090085,49.850107413583835],[-97.14332487721096,49.8501353893713],[-97.14344383060234,49.850147660031894],[-97.14383300480807,49.850213386159226],[-97.1444416663642,49.85041690772122],[-97.14491551202643,49.85067436062592],[-97.14521772725618,49.85098600720592],[-97.14538351761982,49.85135921131757],[-97.14542882622031,49.85175513388179],[-97.14531026707569,49.852173930597935],[-97.14504400073982,49.852607916871754],[-97.14468941898201,49.85300878058541],[-97.14461363870504,49.85306086250972],[-97.14421691115544,49.853333520940055],[-97.14318380102391,49.853811607092375],[-97.1426215106545,49.85399746634774],[-97.14205052540134,49.854158895470704],[-97.14112182949617,49.854347126007326],[-97.14014241347756,49.85452093697053],[-97.13981596656734,49.85456680286754],[-97.1389317764727,49.8546910267881],[-97.1379347872755,49.85477444889207],[-97.13694787287783,49.85483507743365],[-97.13591109386611,49.85485920025393],[-97.13477026308148,49.85485444276638],[-97.133744511535,49.85483112997973],[-97.1324350027079,49.85483723125371],[-97.1315138295014,49.854863177637036],[-97.13069568524249,49.85491032600686],[-97.12991770954375,49.85500656040291],[-97.1290961500823,49.85514203072547],[-97.12802103901195,49.855341390956745],[-97.12685973862726,49.855593741039364],[-97.12661090355526,49.85565574505968],[-97.12387450037315,49.856337548238095],[-97.12289372696286,49.85664547413721],[-97.12193796172076,49.857020088325655],[-97.120287741145,49.857708090384],[-97.11953856353534,49.85807668667965],[-97.11812706538109,49.85891216251648],[-97.11753530717517,49.85932239687495],[-97.11708176290166,49.85969407922865],[-97.11664686245075,49.86009325921837],[-97.11520518506381,49.861667612027276],[-97.11483556531054,49.862145186707885],[-97.11449452904158,49.862698865277984],[-97.1139578873625,49.86368365259626],[-97.11319243889534,49.86497237205847],[-97.1129518983917,49.86547668877589],[-97.1128351840297,49.86580624463556],[-97.11277638365297,49.86613419376058],[-97.11271632113436,49.86721809740904],[-97.1128335425633,49.86785402232733],[-97.113100117505,49.868470281614314],[-97.11343191263205,49.86896521805824],[-97.1138903879002,49.8694826123786],[-97.11448596445707,49.86989005018272],[-97.11495504164408,49.87013564873187],[-97.11581125353945,49.87043513325943],[-97.11664218712531,49.87062755822375],[-97.11511959944589,49.87112254479772],[-97.11354225317731,49.871656240276],[-97.1068767569509,49.87385717151968],[-97.10670868845963,49.87381687142912],[-97.10535383914963,49.87426368581356],[-97.10467372332947,49.87448797093088],[-97.103739324645,49.87479610357167],[-97.10365888606574,49.87482483341192],[-97.1031383445792,49.874605883710245],[-97.10269261819892,49.87436831451353],[-97.1024327875382,49.87419392236522],[-97.10241711385635,49.8741305971715],[-97.10245020293475,49.87406807032161],[-97.1025409393183,49.874040221583186],[-97.10334702452343,49.87400061365057],[-97.1038446274888,49.87389875207973],[-97.10408014283371,49.87382486914303],[-97.1042547358814,49.873683987284245],[-97.10456000406796,49.873161697300006],[-97.10458905529708,49.87305730254344],[-97.10451270252398,49.87294971732235],[-97.10434123931846,49.87289484481107],[-97.10418011254568,49.872923743660515],[-97.1036416535223,49.873228811042075],[-97.1034670316831,49.873370424872014],[-97.10329582582023,49.87342482502069],[-97.10314022372847,49.873399544523416],[-97.10304666267298,49.87329681018735],[-97.10303540956214,49.87323649084407],[-97.10307132687817,49.87301487191837],[-97.1030516637525,49.872821677544955],[-97.10299210879734,49.872748833944854],[-97.10287417513274,49.87268896852478],[-97.10274955169996,49.872683995157956],[-97.10265044925038,49.87272270743507],[-97.10254818690562,49.872842037031326],[-97.10242152351402,49.872889098176394],[-97.10222511356459,49.872891749190764],[-97.10109263881371,49.87274779676215],[-97.1009342003902,49.87267919881597],[-97.10086021107645,49.8723091084435],[-97.10074137827974,49.87198301787959],[-97.10073033644423,49.871801698007026],[-97.10063197436965,49.87147447603404],[-97.10067176866367,49.871385658729736],[-97.10074125945528,49.871320795441875],[-97.10096624494066,49.87125481320793],[-97.10108517884107,49.87128902953787],[-97.10117115500596,49.871353506750516],[-97.10135775250416,49.871716641450234],[-97.10146479957753,49.87182253154023],[-97.10172382732362,49.87193017746103],[-97.101906510843,49.87193023594465],[-97.1026578321351,49.871752598542706],[-97.10275716233647,49.871708023143945],[-97.10285636444887,49.87157984299396],[-97.1027311479258,49.871184714538884],[-97.10273984817464,49.871078520347766],[-97.1028842656509,49.87078094173546],[-97.10300804277291,49.87031508658592],[-97.10313317901881,49.870075127187675],[-97.1030725946378,49.86991279729671],[-97.10296735580512,49.86987660708157],[-97.1019874203823,49.869866430396605],[-97.10165848473245,49.86983464237088],[-97.10159724000545,49.86980503833008],[-97.10155075181933,49.86974634172288],[-97.10153947733139,49.869570884915476],[-97.10156102261757,49.86919502608599],[-97.10140459012712,49.86846790759286],[-97.10122898498683,49.86808515219444],[-97.10129776221478,49.86780687016031],[-97.10126401010824,49.867683846690305],[-97.1011036807705,49.8675770833309],[-97.10083018001627,49.867491932724704],[-97.10066201082229,49.86746937627374],[-97.10038820032939,49.867536757697145],[-97.10035420946231,49.86759340237965],[-97.10037202755342,49.867717631676555],[-97.10051038092814,49.86783503623216],[-97.10058351313236,49.86799537314054],[-97.1005444242564,49.868095202356415],[-97.10030790915185,49.86822406341031],[-97.09990460941842,49.86838172409882],[-97.09979555097638,49.86844300475572],[-97.09965233651081,49.8684494568962],[-97.09955097738833,49.868430194354886],[-97.09936263082203,49.86834350315911],[-97.09922812386974,49.86824376087453],[-97.09913535770164,49.8681212356211],[-97.09908420528693,49.867950257935426],[-97.09914767192426,49.86780756098053],[-97.09931910235973,49.86763143347865],[-97.09936852301722,49.86741297032283],[-97.09936044940333,49.867233086172526],[-97.09935883896392,49.86719720466727],[-97.09946359940051,49.86701411673896],[-97.09943713259433,49.86685014419062],[-97.09905918674791,49.866709008164264],[-97.09895228907385,49.866715321717805],[-97.09865407706941,49.86682630018932],[-97.09781551244066,49.867002479611386],[-97.0977227672173,49.86699509053243],[-97.09760450851002,49.86694401454337],[-97.0975711732972,49.8668972658835],[-97.09756355636408,49.866744602639336],[-97.09770440439493,49.8662929666684],[-97.0977070271905,49.8660818029419],[-97.09776877295666,49.86569413724389],[-97.09779323426744,49.865649070598785],[-97.09775236187095,49.86550539515619],[-97.09754914247291,49.86533558745388],[-97.0974516816535,49.86530391995365],[-97.09723536536222,49.86532310279527],[-97.09705769540982,49.86536932063738],[-97.09662926170614,49.86544515461619],[-97.09626280015893,49.865416401580426],[-97.095941038584,49.865433849902544],[-97.09573724093843,49.865423167978264],[-97.09554249447491,49.86535543257316],[-97.09548604414952,49.8652907028777],[-97.09547989443772,49.86515859753701],[-97.09568542886647,49.864980835674565],[-97.09608587943325,49.86486641092759],[-97.09642536438265,49.86483091939611],[-97.09669916708646,49.86485008336679],[-97.09692129443805,49.864827330169454],[-97.09705754106436,49.864795832903575],[-97.09721542672058,49.864791091603415],[-97.0974388781121,49.86473462472977],[-97.09764817237273,49.864605322702204],[-97.09788011911438,49.864419190230464],[-97.09792105260169,49.86427245726689],[-97.09785283064842,49.86421853588352],[-97.09764426118214,49.86418504490268],[-97.09703486547315,49.86424690947391],[-97.09637613756028,49.864236091558766],[-97.09555757526896,49.86413537404064],[-97.09534740328021,49.864084985364],[-97.09523911800919,49.8640113367207],[-97.0952101975592,49.86385245623028],[-97.09537162564516,49.8637575727297],[-97.09591506664853,49.86372836778577],[-97.09637745180154,49.86368316181037],[-97.09712563663082,49.86349597541242],[-97.09742176532808,49.86337983319852],[-97.09765247313399,49.863311751341016],[-97.09784698842678,49.86309640357738],[-97.09785718771727,49.86301003482455],[-97.09771090703961,49.86286389586729],[-97.09756747455343,49.862789672482734],[-97.09730719089885,49.86274433159111],[-97.0965261826019,49.8627278400545],[-97.09606979239926,49.86276507814102],[-97.09551147911654,49.862711169983086],[-97.0954129294802,49.86262081423687],[-97.09529653822685,49.86237836018873],[-97.09529647099428,49.86226468867579],[-97.0954586423197,49.861977677609566],[-97.0955463620121,49.861939517806775],[-97.0958814358959,49.86190028867559],[-97.09612627208578,49.86184784249762],[-97.09622913279384,49.86179966390691],[-97.09635684690701,49.86166755735407],[-97.09651060046801,49.86127700315262],[-97.09670230026921,49.86116208099389],[-97.09696280221928,49.86111502384026],[-97.09721142679281,49.86102376964742],[-97.09730747162112,49.860946877258456],[-97.09742809353673,49.86067751524272],[-97.09738608144822,49.860505219882356],[-97.09733155599945,49.86044932291391],[-97.09728045692104,49.86030621262371],[-97.09717961253902,49.86021655402223],[-97.09700606108544,49.86018730352231],[-97.09659136166205,49.860174626453],[-97.09629917690818,49.86013315941054],[-97.09596031864135,49.86003812307249],[-97.09558755673251,49.859910994236145],[-97.09534805220788,49.85988579095098],[-97.09520216300116,49.85981665767363],[-97.09515580718252,49.85975502707191],[-97.09517025686345,49.85967606193009],[-97.09538186923368,49.85948740009163],[-97.09590864808658,49.85924598115883],[-97.09654888693599,49.859119360497424],[-97.09670162249034,49.85907200064499],[-97.09715915092237,49.858831638814245],[-97.09718281746585,49.85869122270823],[-97.09713212708104,49.858624388220484],[-97.09703638945537,49.85857808141115],[-97.09681686440699,49.8585642095613],[-97.09671083016917,49.85857786872797],[-97.0963945314261,49.85854407278116],[-97.0960758015594,49.85845670090584],[-97.09581537856239,49.85835781910062],[-97.09539541136618,49.85836411842262],[-97.09515735568043,49.858302270614615],[-97.0950024314896,49.858145718944634],[-97.0948607959804,49.85782437996181],[-97.09494769236822,49.857691603903035],[-97.09510662151041,49.857573212241185],[-97.09537615505285,49.85746910524002],[-97.09566141496045,49.857455459068426],[-97.096114222231,49.85753696792411],[-97.09666599179789,49.85758269909136],[-97.09712980738418,49.85755731450584],[-97.09722068824979,49.85752507222074],[-97.0972354755868,49.85735077583124],[-97.09705576998331,49.85716081891763],[-97.09682783873626,49.85695686931295],[-97.09679330058313,49.85693494545718],[-97.09669613534663,49.856873303654815],[-97.09665679136721,49.85674871999045],[-97.09648711985312,49.85656332709945],[-97.09639129012973,49.8564906173175],[-97.09621101297131,49.856228780555945],[-97.09614075948923,49.85616801851051],[-97.09606839860967,49.85610543358126],[-97.0959971045527,49.85595685730235],[-97.09604221437598,49.85579039276222],[-97.09611139008872,49.855704259609155],[-97.09627792801035,49.85559405828788],[-97.09648580277737,49.85549993622385],[-97.09692946062428,49.85540968591361],[-97.0972723329847,49.85528624481544],[-97.09757204381175,49.85501982270583],[-97.09761944769001,49.854939198119084],[-97.09773402465467,49.8544189278859],[-97.09773950550378,49.85416380919576],[-97.09778398560887,49.85404206848304],[-97.09776566659473,49.853873095395194],[-97.09770538920554,49.85373276789726],[-97.09758896458008,49.85360691919545],[-97.09751375502094,49.85355801625115],[-97.09743245721835,49.85354861465394],[-97.09728807764878,49.853585845601195],[-97.09712543901446,49.85368364530002],[-97.09706114768986,49.853761058967535],[-97.09653450552067,49.85411615582178],[-97.09639857679728,49.85414032402263],[-97.09633015046671,49.8541208660669],[-97.09615652271309,49.8539786757221],[-97.09599620189769,49.85390197263319],[-97.09554682840569,49.85373398324432],[-97.09547995887152,49.85367494900889],[-97.09550665417119,49.853630652853646],[-97.09566288908556,49.85358041848193],[-97.0961183677715,49.853593035749896],[-97.09619328591347,49.85356273211241],[-97.09625419623458,49.853455929041694],[-97.09617384732933,49.853335805025615],[-97.09607632011556,49.85305784984653],[-97.09628897090357,49.852688481416266],[-97.09634627732791,49.85265123395203],[-97.09642495728936,49.85263030741959],[-97.0965085855841,49.852633764096446],[-97.0966762489039,49.85269866153954],[-97.09684916616558,49.85279384891272],[-97.09717165581843,49.85288142406606],[-97.0972829564859,49.852891236455726],[-97.09740118179384,49.852875124586774],[-97.09771111767876,49.8528038349095],[-97.09794393969412,49.85271357304164],[-97.09854909402223,49.85235758540702],[-97.098931592208,49.852161112742074],[-97.09904547705636,49.852036610601836],[-97.0990833687233,49.851741442320375],[-97.0989911088969,49.85132853107976],[-97.09899347425997,49.85122719589159],[-97.09891865040619,49.85114993796484],[-97.09877488261709,49.85110557170133],[-97.09850395815155,49.8511271644724],[-97.09809735024201,49.8512267264458],[-97.09781242619873,49.85137237514774],[-97.0976855715787,49.85151263307122],[-97.09747937175024,49.851800177556186],[-97.09724645843775,49.85200222612017],[-97.09709688095691,49.85202372492718],[-97.09692238498792,49.85196878383947],[-97.09662931455196,49.85161089756718],[-97.09629789874631,49.85135444896864],[-97.09603469135541,49.85107030482965],[-97.09593851655733,49.8506757267452],[-97.0958317222422,49.85036012912569],[-97.09571087938686,49.850115123494696],[-97.09569614084992,49.84997519599749],[-97.09569406581086,49.8499554955444],[-97.09574611894863,49.84973763292942],[-97.09571396208628,49.848943817842425],[-97.09568646930028,49.8488919846909],[-97.09554114193595,49.848805580979324],[-97.09545768398112,49.84879796031242],[-97.09516544556371,49.84889765568564],[-97.09489917019812,49.848883210567635],[-97.09474859217647,49.84884844808542],[-97.09418728967756,49.848608696548695],[-97.09409353855723,49.8485488298906],[-97.09386702194077,49.848479141661706],[-97.09332661702747,49.848527187670534],[-97.09302568425204,49.84845210732444],[-97.09277953170039,49.84836299939556],[-97.09267251717097,49.84824458846154],[-97.09268807124664,49.84817679883427],[-97.09282688199895,49.84811485665913],[-97.09331112364532,49.84802040946256],[-97.09368193821062,49.84790222260101],[-97.09385361557104,49.84771444941232],[-97.09387517475068,49.84763044134125],[-97.09386747375137,49.84755324258278],[-97.09337215906383,49.84713786200046],[-97.09316572196084,49.84702198171675],[-97.09270534105578,49.84686512155472],[-97.0924563896535,49.846724585405035],[-97.09237032143311,49.84671518366622],[-97.09215003264123,49.846787587741396],[-97.09199801020009,49.84687153056368],[-97.09153460784268,49.847023251600206],[-97.09130628856553,49.84706774809239],[-97.091204509992,49.847061905615305],[-97.09116082420557,49.8469851554297],[-97.09128541311011,49.84688895800796],[-97.09151900050456,49.84679247256678],[-97.09169043079008,49.846692880072034],[-97.09182068269317,49.8465346316011],[-97.09177930538226,49.84639924763977],[-97.09173111940277,49.84636859739622],[-97.09158811865882,49.846182588651736],[-97.09142592766732,49.84604764507787],[-97.09135174648867,49.846036355321196],[-97.09118520441574,49.846093672883356],[-97.09091215248397,49.84625165124792],[-97.09075464817431,49.846311200115494],[-97.09068266065927,49.84632598395468],[-97.09043445499294,49.84633022631534],[-97.09025260533666,49.8462991086724],[-97.09022620983878,49.84626048477908],[-97.09022786436479,49.8462185042626],[-97.09029892977267,49.84614538065364],[-97.09042185344617,49.84610505136239],[-97.09049834169313,49.846044168003985],[-97.0905045759756,49.84588596040483],[-97.0904608956353,49.84582274972015],[-97.09026953813138,49.84571961085968],[-97.08992033513512,49.84556214143556],[-97.08981942153073,49.84553444015698],[-97.08967066309418,49.84545387430144],[-97.08965079940229,49.84539938804064],[-97.08969868899,49.84528769382939],[-97.09002601540223,49.84497855161213],[-97.09019234397675,49.844844854395774],[-97.09024085909401,49.84470366066168],[-97.09018119870086,49.84454193686295],[-97.08994561181156,49.84434884530685],[-97.0897435708841,49.844298993898185],[-97.08964163421972,49.84429731347333],[-97.089405771021,49.84432918363191],[-97.08926831360566,49.84438420058921],[-97.08911805691399,49.84447788957809],[-97.0889862960668,49.844606253408585],[-97.08875017213646,49.844780805589025],[-97.08840480535774,49.84496188739343],[-97.08824612803652,49.84499676430149],[-97.08812248029139,49.844987433757815],[-97.08796823803823,49.84490989975998],[-97.0878693504572,49.844817309048125],[-97.0878453703964,49.84466311619574],[-97.08799231755874,49.84423157594478],[-97.08813960882766,49.84402257839399],[-97.08849781517704,49.84369277240671],[-97.08854271116842,49.8436025539206],[-97.08854772003802,49.843543617308015],[-97.08843209550368,49.84333097664064],[-97.0882628415349,49.843212229063774],[-97.08809668390093,49.8431647025801],[-97.08793881728502,49.843165569569216],[-97.08769039415336,49.84324375002609],[-97.08734506807008,49.843532799846514],[-97.08718774889464,49.843601373395146],[-97.0864640369428,49.843751901552785],[-97.08633337714262,49.84374349480687],[-97.0862288423135,49.84365810000521],[-97.08616842927432,49.84351580324862],[-97.08603540288196,49.84332266154319],[-97.0859303487003,49.84280190409155],[-97.08581793853129,49.842562581568515],[-97.08582928497479,49.842275310482684],[-97.08587835020487,49.84207962153432],[-97.08593571813606,49.84202710462379],[-97.08601388963793,49.842005135274924],[-97.08612560767872,49.84204447505657],[-97.08615788018723,49.842138050194535],[-97.08615534551505,49.842202235174646],[-97.08627509427541,49.84239168579167],[-97.0864067933792,49.84246884986007],[-97.08647275617831,49.842484173177006],[-97.08660730962302,49.84243466633572],[-97.08674145196633,49.84231539161637],[-97.08683802320712,49.84217948522901],[-97.08692338465974,49.84197536862044],[-97.08710282458793,49.84183741005919],[-97.08718891411534,49.84181727543595],[-97.08727191797895,49.84182246443243],[-97.08777378099342,49.841933162930836],[-97.08815919953125,49.84196104705593],[-97.08842008588687,49.8419205657916],[-97.08861030342487,49.8417935139854],[-97.08865492369246,49.84171023433187],[-97.08864272608027,49.84159754939292],[-97.08810612294742,49.841170007694565],[-97.08805297419714,49.84104762054175],[-97.08796548587087,49.84096563306528],[-97.08791277348641,49.840750558082085],[-97.08799050267613,49.84064384586337],[-97.08844093831658,49.840180536029365],[-97.08859866361607,49.83981548248203],[-97.08873032414304,49.839351151411215],[-97.09287300637726,49.83825656290442],[-97.10889241217397,49.8328043069062],[-97.11504590377434,49.830709022948554],[-97.13911157268096,49.822550744885724]]]},"properties":{"cluster":"St. Vital North","neighbourhood_count":11,"neighbourhoods":"Alpine Place; Elm Park; Glenwood; Kingston Crescent; Lavalee; Norberry; Pulberry; St. George; Varennes; Victoria Crescent; Worthington"}},{"type":"Feature","geometry":{"type":"Polygon","coordinates":[[[-97.12982643811549,49.74792506942745],[-97.13094695159208,49.74905167612435],[-97.13159893836654,49.749585081941],[-97.13210479398215,49.74990813492194],[-97.13530424754774,49.75168056574162],[-97.13603623528964,49.75214086802784],[-97.13666776629255,49.75255539469783],[-97.13739631004191,49.75310626625101],[-97.13804336939117,49.75367790054155],[-97.13857630988447,49.754232591512725],[-97.13972139075624,49.755710419358316],[-97.14022413995966,49.75644588423078],[-97.1403936217795,49.75679777640172],[-97.14056310599018,49.757149668332524],[-97.14076036857504,49.757807022021375],[-97.14082157805784,49.75831694571603],[-97.1408218806367,49.75920004471942],[-97.14069784479605,49.76094216427345],[-97.1405558108173,49.76170097160839],[-97.13984245770219,49.764170313417274],[-97.13971392722686,49.7647631753068],[-97.1396425256571,49.76531628581814],[-97.13950604289903,49.76676428126783],[-97.13934116970628,49.77013915233352],[-97.13922983567646,49.77133424176156],[-97.1393764006827,49.772665121821284],[-97.14014359847364,49.773661535536554],[-97.14102226785212,49.77412832287417],[-97.14208140057532,49.77429906730787],[-97.14314892754679,49.774299917340564],[-97.14452757027648,49.77400014525042],[-97.14582581329829,49.77350270262532],[-97.14692747995748,49.77289054359492],[-97.14822312958773,49.77194218674848],[-97.14980393801193,49.7709722140895],[-97.1507221910369,49.77062726176655],[-97.15201723574718,49.77039809465171],[-97.15314002960432,49.770548474194804],[-97.15391852198712,49.77092925162111],[-97.15441980697405,49.771522886620595],[-97.15472747059896,49.77211568339043],[-97.15472503563217,49.772650209167146],[-97.15437385077767,49.77326632422936],[-97.15389384221156,49.77384540105591],[-97.1533765163651,49.77437975371334],[-97.15277428451485,49.77483381837704],[-97.15124382602045,49.77558786621375],[-97.14948392340372,49.776182789331095],[-97.14780660855664,49.77673167532259],[-97.14516261108838,49.77732410772909],[-97.14256918980973,49.77778443857312],[-97.14041741342234,49.778020540597105],[-97.13841862312032,49.778229538629034],[-97.13619044718273,49.77827735688493],[-97.1341308798781,49.77848530310652],[-97.13303933386757,49.77881214817705],[-97.13233184654106,49.779228823739714],[-97.13185038459817,49.779721237634455],[-97.13151015520502,49.780402470407076],[-97.13148400236324,49.780942361373214],[-97.1318689736208,49.781757296584296],[-97.13267052049584,49.782566164651016],[-97.1347405324118,49.78417745909172],[-97.13517177071847,49.784555656055616],[-97.13594943616984,49.785743174211994],[-97.13637888027864,49.78689260708337],[-97.13612146720536,49.788351676470405],[-97.13549374685583,49.78943794605769],[-97.1345894380915,49.79041273170028],[-97.13346789560228,49.79168314403072],[-97.13235496173625,49.79342976567901],[-97.13118602878397,49.79557730325284],[-97.13038113463232,49.79645392465975],[-97.12925185573225,49.797220610272596],[-97.12816656529957,49.79754779030693],[-97.1266963763658,49.797570722886164],[-97.12554376478973,49.79701484996426],[-97.12477672543655,49.796085215530724],[-97.1241705354631,49.79518438666725],[-97.12327745392285,49.79437499703939],[-97.12225684275083,49.7936595720389],[-97.12116516921719,49.79316584150472],[-97.11962009130005,49.79299227016195],[-97.11787382379943,49.79345443964008],[-97.11695224257258,49.79418598569599],[-97.11648826358622,49.79497367997619],[-97.11641392531556,49.79589952006061],[-97.11655435068585,49.79682055139432],[-97.11739210748918,49.79773446191255],[-97.11834394681611,49.79879706265342],[-97.12069383834039,49.80025655030786],[-97.12309721006244,49.8012378227412],[-97.12578606985335,49.80210041861622],[-97.12772801859789,49.8028141591581],[-97.1287310145455,49.80335273119892],[-97.12958561403372,49.80411421304734],[-97.12989581974969,49.80475665894321],[-97.12995920367777,49.8052085173151],[-97.12993277461186,49.80566418788767],[-97.12969673033791,49.80617845011724],[-97.12957680924815,49.80639066613867],[-97.12922509930172,49.806742978348744],[-97.12874514663031,49.807122415096835],[-97.12815492842265,49.8074438103865],[-97.12742902066398,49.80770344232693],[-97.12610481232392,49.80809569406657],[-97.12374523343722,49.808885974213254],[-97.12147185398027,49.809514368169914],[-97.1192130709676,49.810120631424226],[-97.11783732099225,49.81054921946459],[-97.11691027631252,49.81099200619254],[-97.1155944464657,49.812061128396756],[-97.115249116011,49.81280856855889],[-97.11534857434957,49.813805011738935],[-97.11589402952536,49.814739243385716],[-97.11665442073567,49.81539083293595],[-97.11823150711461,49.8162272020932],[-97.11994253255929,49.816754361633244],[-97.12150005875272,49.81697019261056],[-97.12292017925455,49.81687969528131],[-97.12401611830754,49.816618720059736],[-97.1245009975936,49.8164563862518],[-97.12563468432523,49.81597741410985],[-97.12751987601261,49.815056253271514],[-97.12941822656278,49.81407136674209],[-97.13048433707912,49.813619143366296],[-97.1318576583627,49.81320904670832],[-97.13282900940877,49.81297836970496],[-97.13350642856192,49.812873088992546],[-97.134247205792,49.81284783769339],[-97.1354648022321,49.81289067774222],[-97.13658980922828,49.812959902854224],[-97.13691741083724,49.813005130004576],[-97.1383615524978,49.81330211257292],[-97.13939428747123,49.81360342700888],[-97.14028528740633,49.81413010851311],[-97.14089916742519,49.81455826442495],[-97.14123192585697,49.81496563999805],[-97.14160079196176,49.81560249898422],[-97.14181986505444,49.81625903162473],[-97.14190871653116,49.81684608208951],[-97.14197689265771,49.818394899761095],[-97.14203185761212,49.819069715080694],[-97.14213939343398,49.81982554813689],[-97.14231642557507,49.82054879854898],[-97.14272349505347,49.821641656693835],[-97.14172578468148,49.82187332325459],[-97.13911157268096,49.822550744885724],[-97.11504590377434,49.830709022948554],[-97.10889241217397,49.8328043069062],[-97.09287300637726,49.83825656290442],[-97.08873032414304,49.839351151411215],[-97.08890020774724,49.83867548216639],[-97.08892258777581,49.83848907261137],[-97.0890151921346,49.83814169173588],[-97.08897514956769,49.83775497582687],[-97.08902193168186,49.83745336029615],[-97.08899890840816,49.837274881226584],[-97.0890101662483,49.837179941680034],[-97.08905897405144,49.83708562138065],[-97.08948987077977,49.83658516068519],[-97.08946033946165,49.83646281630275],[-97.08930266936291,49.83644563532814],[-97.08915123850117,49.83646014930046],[-97.08897453991511,49.83654507033264],[-97.0887696146178,49.83667812925517],[-97.08810776042515,49.83692342411077],[-97.08777640206618,49.83701068465055],[-97.08761838132517,49.83700077381088],[-97.08702940553793,49.83682751307959],[-97.0868560413331,49.83673195589902],[-97.0867908048491,49.83665762543582],[-97.08674523129953,49.836573904607505],[-97.0867455451696,49.83637636285191],[-97.0866680308001,49.83624593482932],[-97.08624375258412,49.83591189196429],[-97.08615771465655,49.83579347384487],[-97.08607077522294,49.835711493876325],[-97.08605242177683,49.835591763398284],[-97.08610908799564,49.8355024345137],[-97.08617736057568,49.8354862035156],[-97.0862635741789,49.83550498603088],[-97.08639524569578,49.83560957645209],[-97.08643346783875,49.83568832146238],[-97.08653538864688,49.835785129789144],[-97.08669007021646,49.83587794879385],[-97.08685842706024,49.835909891024116],[-97.08695615045117,49.83590907421894],[-97.08731755197867,49.83574180116235],[-97.08761125755451,49.835739358178415],[-97.08770645604302,49.8357214772276],[-97.08778765588056,49.83567630653258],[-97.08806112802766,49.83532948064959],[-97.08819037767961,49.83520975567442],[-97.08828804960687,49.83503326765611],[-97.08831538103935,49.83491186104469],[-97.08824370224521,49.83481034564324],[-97.08809720111157,49.83470065222133],[-97.08804135782924,49.834687579772954],[-97.08795451816933,49.83469829790358],[-97.08750483131082,49.8348179418891],[-97.08683697394085,49.834916623594495],[-97.08660258374078,49.83493948571845],[-97.08634656603063,49.83492553708399],[-97.08580445246196,49.834816597217376],[-97.08561253543127,49.834756143213376],[-97.08544207292678,49.834682503647194],[-97.08538348762958,49.83463015411032],[-97.0853643160311,49.8345447800578],[-97.08538319939566,49.83444718941173],[-97.08544293511049,49.83437527018374],[-97.08562919519895,49.834239131354785],[-97.08574100144938,49.83418403894425],[-97.08595982231431,49.834076214513885],[-97.08659006239903,49.83386964042233],[-97.0873469827165,49.833744309349925],[-97.08757796594736,49.83363077748521],[-97.087910109829,49.83333387154844],[-97.0879283991305,49.83325119911183],[-97.0878876669206,49.833140820445934],[-97.08773338847125,49.833037941619736],[-97.08746437366933,49.832972746546915],[-97.08718622125782,49.83294871354085],[-97.0868235494707,49.832971888567286],[-97.08564192300287,49.8331964351731],[-97.0850250625138,49.83334976063629],[-97.08486673266398,49.83334957411465],[-97.0844879840435,49.83330408311789],[-97.08437471074397,49.83330464074571],[-97.08410878205032,49.833256500346685],[-97.08402458894403,49.83318671522419],[-97.08380061722825,49.83285111453246],[-97.08385511601185,49.832803064416815],[-97.08399948120966,49.832776289123565],[-97.08414606530285,49.83278843367963],[-97.08474135004462,49.83289583013255],[-97.08485818518207,49.83290019143752],[-97.084968758156,49.832872856418696],[-97.08534259749084,49.83266205132542],[-97.0854684891667,49.832532205847215],[-97.08548976965922,49.83246902485867],[-97.0854081654646,49.8323336678772],[-97.08517493835132,49.8321371331466],[-97.08500034730305,49.83207314546407],[-97.08438524346072,49.83199215493474],[-97.08421502194297,49.83199420111583],[-97.08406487758428,49.83197713734761],[-97.08400229721184,49.83194450985583],[-97.08398170298516,49.831895217964245],[-97.08401633948645,49.83183364677163],[-97.08418159966365,49.83175340498846],[-97.08456853162737,49.83168654836677],[-97.08473542141573,49.83156501918106],[-97.08477572374478,49.831509443351194],[-97.08472764079701,49.83128645803449],[-97.08481840346559,49.83104042405712],[-97.08489682603536,49.830970896988156],[-97.08531865293978,49.830794908025695],[-97.08570778231433,49.830767314461916],[-97.08591000578514,49.83070226214071],[-97.08602064872431,49.830632225043416],[-97.08608948780797,49.830506296887954],[-97.08605809423655,49.830445023109725],[-97.08589978604627,49.83034936580474],[-97.08572528257197,49.830283297581616],[-97.08555872480875,49.830192711105354],[-97.08533745550918,49.829979015519264],[-97.08519049578138,49.82988146170892],[-97.08497925179655,49.829645017678246],[-97.08488466412238,49.82945806407823],[-97.08481906111345,49.829408063030314],[-97.08475326777436,49.82921113542288],[-97.08452222066478,49.829041367544754],[-97.08441093290509,49.82900550483189],[-97.08428226836747,49.82901552871184],[-97.08416467310565,49.82912572126367],[-97.08396687569865,49.82936408299117],[-97.08384629229374,49.829454784128195],[-97.08377306490011,49.829487943261164],[-97.08349326292934,49.8295197688242],[-97.08333171096186,49.829492794537835],[-97.08320368105092,49.82940527213861],[-97.08318649871819,49.82935117609801],[-97.08321966244885,49.82928610903075],[-97.08343671170914,49.82913104132437],[-97.08368567181965,49.82903760340464],[-97.08373660392527,49.82898463392844],[-97.08374093685838,49.82887499894667],[-97.0836173264669,49.82868930014426],[-97.08342141544688,49.82858121357506],[-97.08307217071324,49.82848274110872],[-97.08246101707061,49.82850665167384],[-97.08228112403243,49.82848214975454],[-97.0820785646918,49.82842012486657],[-97.0819905120897,49.82840903381531],[-97.08151943558661,49.82844489157733],[-97.08144920182481,49.82841595484295],[-97.08139908507445,49.82835332821298],[-97.08146098881357,49.82824013328778],[-97.08164753308375,49.828218572595425],[-97.08184053848076,49.82816934472247],[-97.08198402998791,49.828029765522125],[-97.08198358694017,49.82799769008205],[-97.08198275366121,49.827937362976456],[-97.0819422248495,49.82787801400822],[-97.08178232732294,49.82782294389469],[-97.0816385031425,49.82772786759976],[-97.08160249691679,49.8276748483373],[-97.0815862366164,49.82759750670451],[-97.08160835810158,49.82752670248425],[-97.08172203617639,49.82742061371771],[-97.08216665423785,49.82721064341702],[-97.0822894245116,49.826996733767146],[-97.08221479411544,49.826834757429616],[-97.0821295877811,49.82681807150551],[-97.08191835342232,49.82686699808504],[-97.08155453793067,49.827015109667144],[-97.08131432728958,49.82706391270065],[-97.08114718326016,49.8270701735129],[-97.08099125780367,49.827036690612495],[-97.08087957672376,49.82697026671288],[-97.08059432636568,49.826706203478494],[-97.08056895068098,49.826628710682364],[-97.08060666157964,49.82644880534327],[-97.08066807022887,49.826348100843724],[-97.08089125740453,49.826132731405536],[-97.08097858281761,49.825973783729175],[-97.081133026849,49.825800324748485],[-97.08124728485222,49.82557099956238],[-97.08144804827032,49.825311861071235],[-97.08168480019911,49.82510608839027],[-97.08175659921842,49.82498680798246],[-97.08218815691187,49.82444159927348],[-97.08245852143837,49.82422700768595],[-97.08251870240417,49.82415718029999],[-97.08260833183469,49.82388543822249],[-97.08253883188422,49.82370236933113],[-97.08240637231098,49.82356443246738],[-97.08230297692896,49.823519324572416],[-97.0821658810295,49.823498655249544],[-97.08201206805226,49.823520758524445],[-97.08106088576686,49.823826144598726],[-97.08087663098661,49.82391231643267],[-97.08066993185022,49.82395541387466],[-97.08041771435768,49.82394186195045],[-97.0801980022295,49.82389343638671],[-97.08012355362624,49.82384915333165],[-97.08008738640848,49.82378675719801],[-97.08010008867282,49.82370989519888],[-97.08024841152086,49.82358250998006],[-97.08043883841356,49.82346241841073],[-97.08068083819984,49.823259512073896],[-97.08114104748951,49.8227088798005],[-97.08122347598979,49.82242938164166],[-97.08133995641187,49.822252169091186],[-97.08141531382452,49.82209712366473],[-97.08145447934653,49.82201656926906],[-97.08152387113951,49.821943799955335],[-97.08155214745733,49.82183942178989],[-97.08151761400995,49.82174927926691],[-97.0814433046614,49.8217015276079],[-97.08131110825121,49.82166566274054],[-97.08119230654286,49.8216574462447],[-97.08015419543132,49.82186868988122],[-97.0795559816111,49.82192022585929],[-97.07928933771522,49.821918930549884],[-97.0784083904979,49.82195535816415],[-97.07816358200992,49.82198532083369],[-97.07790806179784,49.82194705928861],[-97.07772950192938,49.821876051015884],[-97.07758233459387,49.82174411361875],[-97.07754333989882,49.82164486934239],[-97.07762113893577,49.82148264144861],[-97.07785544024706,49.821230314575566],[-97.07790371641129,49.82109537059697],[-97.07786809027063,49.82103298269637],[-97.07746707509378,49.82080726287166],[-97.07711178203321,49.82056528894143],[-97.07707206014976,49.8204844326109],[-97.07706955864018,49.82042571875831],[-97.07711936107894,49.820374122076686],[-97.07735629773387,49.82028535868217],[-97.07771072459855,49.82025131451641],[-97.07817155971613,49.82017251304266],[-97.07838007292763,49.820083276103574],[-97.07842540487724,49.82002257820949],[-97.07848140339965,49.81973326980981],[-97.07845746270027,49.819524915789636],[-97.0783517545108,49.81934888147583],[-97.07818311653207,49.81924436254969],[-97.07807438603744,49.81925297420508],[-97.07789340233037,49.81935169380615],[-97.07781145543231,49.81960515976234],[-97.07762584950937,49.81982045259785],[-97.0775563038405,49.819855751927584],[-97.07742667236201,49.81987720878181],[-97.07723068431444,49.819855483945005],[-97.07703211476515,49.81980018482208],[-97.07686126897866,49.819711489961435],[-97.07675333184595,49.81963169162694],[-97.07673156768423,49.819571616489654],[-97.07674584108096,49.81950936216188],[-97.07680004249954,49.81946860101627],[-97.07689257672003,49.81946249911848],[-97.07699663263973,49.81947707161964],[-97.07722622191245,49.81946525910088],[-97.07731519515828,49.819440697568076],[-97.07746367656924,49.8193497717226],[-97.07757371422588,49.81921342243011],[-97.07760055389271,49.81903715637119],[-97.07755090522687,49.8189766187242],[-97.07746785931948,49.818946425350795],[-97.07728683533686,49.818951406452456],[-97.07706179817816,49.81905147674196],[-97.07692350625994,49.81908841210716],[-97.07670362082982,49.8190527289687],[-97.07629156258751,49.81890884791927],[-97.07623155033332,49.81879849178704],[-97.07628626049224,49.818744893899044],[-97.07648020886451,49.81871166068811],[-97.0767413488415,49.81871599575207],[-97.0769042787478,49.81866662412424],[-97.07696619249414,49.81862078330432],[-97.07699002521925,49.818572121986],[-97.07696146677299,49.818388098491845],[-97.07682803259917,49.81830256204519],[-97.07658988415551,49.81823369019507],[-97.07650539927735,49.81813056291139],[-97.07643877514302,49.817983991034524],[-97.07640814907619,49.81774150246933],[-97.0764600703687,49.81755523781818],[-97.076675013411,49.81730363337639],[-97.07672547529378,49.81714060501751],[-97.07673369679144,49.81701635631032],[-97.07672835464781,49.816864996827974],[-97.07676233067492,49.816725302601604],[-97.0767145289539,49.816604734148115],[-97.07662704887812,49.81648350699283],[-97.07649667184118,49.81642926650628],[-97.07629477265718,49.81644674487985],[-97.07618889296229,49.81649185532595],[-97.07605494908131,49.816622251594104],[-97.07594711830588,49.81679821728964],[-97.07585177062417,49.81698306286989],[-97.075768918944,49.81735385722404],[-97.075672576787,49.81749301923007],[-97.07551376909947,49.81760444499855],[-97.07534761108579,49.817640568439664],[-97.07514215953991,49.81765277820876],[-97.07505460745622,49.81762806299896],[-97.07498428455133,49.817574818554704],[-97.07495876998543,49.8175146807386],[-97.07492622393876,49.817126383685626],[-97.07503638912749,49.81693347750785],[-97.07538430293137,49.81668833517503],[-97.07538748285198,49.8166081890476],[-97.07524266976885,49.8164833863821],[-97.07510989491777,49.816389261042595],[-97.07492715510347,49.81628105740575],[-97.07453838877586,49.81610368172999],[-97.07422767864679,49.81603404961092],[-97.07387228649345,49.815986417345144],[-97.07365628623266,49.815930554243415],[-97.07353279983559,49.815928696970786],[-97.07341476796876,49.815965962529404],[-97.07335677048975,49.81600925110802],[-97.07333036082929,49.81606593496118],[-97.07337529090506,49.81615243531525],[-97.07352200568097,49.816317328857316],[-97.07357255595217,49.8164206999008],[-97.07361044441352,49.816681677315756],[-97.0735624791317,49.81680041971011],[-97.07338052714668,49.816939626228645],[-97.07323961558654,49.81703721801624],[-97.07312866005586,49.8170509001605],[-97.0730142128249,49.817018158202224],[-97.07288040607109,49.81692429811613],[-97.07260432803668,49.8166530161933],[-97.07233850878768,49.81631325684527],[-97.07197030847034,49.81611370660644],[-97.07166350666161,49.81587309818671],[-97.07144398097545,49.81573211343369],[-97.0714110141708,49.81562971001603],[-97.07154146724355,49.8153271266755],[-97.07152023374599,49.815120174404385],[-97.07125719568545,49.81482171461042],[-97.07116057977919,49.81435492475792],[-97.07120048335541,49.81426243284135],[-97.07131612074983,49.814223203148885],[-97.07143909896016,49.814227863266474],[-97.07159970079745,49.814352694174154],[-97.07184508100275,49.8144273290514],[-97.07211101571292,49.81444231556774],[-97.07224795281601,49.814443440497605],[-97.0723585390129,49.81439144379474],[-97.07255809378742,49.814171544673826],[-97.07273120490046,49.81389750342021],[-97.07275283105693,49.813697864737556],[-97.07269861985282,49.813517317111355],[-97.07263492031932,49.81325259197854],[-97.07257188498352,49.81311900580418],[-97.0725132437922,49.81307901067236],[-97.07236461397335,49.81306601900345],[-97.07203127067946,49.81310210446454],[-97.07183489753083,49.813153510564064],[-97.07126406268075,49.81337046757738],[-97.07078438591465,49.81349139004168],[-97.07013741956554,49.813758887141944],[-97.0696801794661,49.81391274465427],[-97.06949082606134,49.81401135820194],[-97.06935278447413,49.81405203451091],[-97.0691884975531,49.814053664883744],[-97.06897688082682,49.81400317323138],[-97.0684789016194,49.813940855712424],[-97.06827582508231,49.81386270444974],[-97.06816665381467,49.813785535084804],[-97.06814702156066,49.813686207708294],[-97.0682155680794,49.81360559746652],[-97.06841226471742,49.81355022597878],[-97.06867868649005,49.813499289107874],[-97.06881191678775,49.81342727594032],[-97.06884101097826,49.81331114386137],[-97.06880974346336,49.81317578568038],[-97.06879051364523,49.81312823990194],[-97.06876871558202,49.81307973697037],[-97.06872363740278,49.81298993312834],[-97.0686920573818,49.81291024899029],[-97.068669843734,49.81283971617285],[-97.06867284974005,49.81276420663951],[-97.06869067125811,49.81270063782852],[-97.06873777235931,49.812634858525215],[-97.06879887222269,49.812566613985005],[-97.06887072731352,49.81250754387726],[-97.0689763154278,49.81243914124679],[-97.0690903392964,49.81240326181715],[-97.06922559375583,49.812357841369604],[-97.06930478124382,49.812324079736385],[-97.06936590971479,49.812290017119615],[-97.06941083337875,49.81224399069078],[-97.0694126219457,49.81219904451586],[-97.06938491720054,49.81217031458143],[-97.0693658978247,49.8121505913875],[-97.06928318260401,49.812127873706835],[-97.06926827036374,49.81212377795565],[-97.0691556067724,49.8121254984832],[-97.06900685503992,49.812160799175544],[-97.06884737720085,49.812221107442085],[-97.0686818056116,49.81229480670407],[-97.06858217419777,49.8123183323881],[-97.06850854941453,49.81231710500069],[-97.06837668784803,49.81231220808086],[-97.06825608942877,49.81226881946015],[-97.06815002697134,49.8122094817357],[-97.06806085354971,49.812149504236096],[-97.06804443012949,49.812138457920426],[-97.06797800890507,49.81209597240809],[-97.06796512682786,49.81203548976766],[-97.06798330695014,49.81196293183804],[-97.06802435056721,49.811909645079396],[-97.06808028080785,49.81186650125739],[-97.06815530086091,49.81183267091604],[-97.06829497249336,49.811781028569904],[-97.0684045773693,49.811751372776705],[-97.0684682334677,49.81172364941021],[-97.06853403014837,49.811677071780466],[-97.06860990844754,49.81162166698101],[-97.06880562826937,49.81145402078874],[-97.06887042872108,49.81139753164632],[-97.06889493827123,49.81137545217884],[-97.0689077601938,49.81135596121865],[-97.06894820247237,49.811294483674324],[-97.06894187763753,49.81120892387936],[-97.06891044144952,49.81112564409349],[-97.06882393553417,49.81106393437171],[-97.06873201012662,49.811033617437175],[-97.06861293379181,49.811056819003795],[-97.06849862648195,49.81109988939046],[-97.06838320951125,49.81117082627833],[-97.06825592765502,49.81126045513994],[-97.06812558758683,49.8113221477543],[-97.06801826754494,49.81132935338696],[-97.0679657219411,49.81132242413208],[-97.06788552078648,49.81131184785539],[-97.06775484346102,49.81127728580767],[-97.06765216344837,49.81123779345353],[-97.0675708215727,49.81118606363783],[-97.06753005056123,49.81112781432302],[-97.0675274071688,49.811097127187345],[-97.06752624855179,49.81108367443183],[-97.06751856565907,49.81103227364849],[-97.06751149146545,49.810965591178714],[-97.06746438387314,49.810891944305155],[-97.06740488191437,49.810815392102946],[-97.0673217938193,49.81077262817552],[-97.0672170890378,49.81071421173],[-97.0671247789571,49.810658700533025],[-97.0670219246548,49.81058130702251],[-97.06692505985542,49.81046242491126],[-97.06692438954661,49.81037535865318],[-97.06700260406795,49.81024764355442],[-97.06699493666603,49.81014572815457],[-97.06695904739213,49.81008553011046],[-97.06687711709263,49.810029474645766],[-97.06675913973883,49.80998094692203],[-97.06672609717646,49.809967355458646],[-97.06657325929221,49.80985565130099],[-97.06643130832938,49.809756405632186],[-97.06633165836665,49.809660321206415],[-97.06623638727153,49.809549577379656],[-97.06623319902734,49.809503477984336],[-97.06598162788246,49.808932006155075],[-97.06119267107658,49.810604963131574],[-97.06100524210026,49.81067043246429],[-97.06081781262424,49.81073590148701],[-97.04702407021264,49.81555271893438],[-97.02954597276154,49.82156916105344],[-97.02681965319316,49.822251602395006],[-97.02566823172576,49.8224265971261],[-97.02591324114154,49.821822474147645],[-97.02632814706283,49.82079939813214],[-97.02640598919628,49.820607449634714],[-97.02667684762714,49.820658922977856],[-97.02667506346666,49.81973103265279],[-97.02667472095771,49.81955293025241],[-97.02660975345128,49.81955266455002],[-97.02632284819401,49.81201811038216],[-97.02635343319277,49.80480827406723],[-97.02636465853637,49.802585183029166],[-97.02639131575462,49.79734126806821],[-97.03861082141904,49.7973528351285],[-97.04402856322093,49.79500733290781],[-97.04448412738373,49.794810091314815],[-97.04582323139712,49.794230270677915],[-97.04710931470943,49.793673379137175],[-97.0486994262234,49.79298480160044],[-97.04910660554161,49.792808471437965],[-97.04909213706787,49.7890251613358],[-97.04907902119669,49.78559694211161],[-97.04907714144336,49.78510572247304],[-97.04907320482359,49.78407708845745],[-97.0490699533617,49.78305557681032],[-97.04893403415194,49.783054662948416],[-97.04345180216156,49.78301798593487],[-97.04344114016672,49.77614661265615],[-97.0438598187081,49.776006823604575],[-97.04385966908698,49.77597639008495],[-97.04789136366828,49.774630752499625],[-97.04826402333053,49.77450636082266],[-97.04848113884243,49.77443385606549],[-97.05002850510398,49.77391709824862],[-97.05709223514324,49.77155769433024],[-97.0581408418347,49.77120738537934],[-97.07977262027826,49.76397756251273],[-97.08015320006132,49.76385030897773],[-97.08356784618029,49.76270846900415],[-97.08354695816645,49.76147294834498],[-97.08350469034747,49.75897297750506],[-97.08348359003533,49.75772492849565],[-97.08346246300137,49.75647523716005],[-97.08344306478804,49.75532788719638],[-97.08343964306627,49.7551254362702],[-97.08342029852642,49.75398127217008],[-97.08341713848318,49.75379239938465],[-97.08340798031864,49.753245095659025],[-97.0830843453179,49.75324523469506],[-97.08193177252691,49.75324572178003],[-97.08262859921412,49.75301174039792],[-97.08304538723768,49.75287146986222],[-97.08418838054301,49.752486463830074],[-97.09825733170148,49.747746039413066],[-97.10640349586636,49.74500003714933],[-97.11206720166516,49.74309032506243],[-97.11244809790655,49.7429618774048],[-97.12100910938153,49.740074377812036],[-97.12177333003773,49.73981656980113],[-97.12546400319164,49.73857141971245],[-97.12638710814132,49.73825995609128],[-97.12800701104975,49.73771335911269],[-97.12899083694272,49.73738137373538],[-97.12900505204895,49.737533085514954],[-97.12891705960882,49.73818933949889],[-97.12873791114025,49.73888478947367],[-97.12845931795098,49.739648350344595],[-97.1281252000965,49.7402704145997],[-97.1278028974875,49.74086478157917],[-97.12760981910232,49.7413624694556],[-97.12747470717228,49.741891305476734],[-97.12738376439187,49.742437123092586],[-97.12737148976046,49.74303533934006],[-97.12742820731711,49.743657910483634],[-97.12754638688317,49.744221052813195],[-97.12772101560022,49.74476186814717],[-97.12794335847958,49.74527440518457],[-97.12815583523133,49.74563757988395],[-97.12872714504203,49.74657453421008],[-97.12924419105168,49.74725799137672],[-97.12982643811549,49.74792506942745]]]},"properties":{"cluster":"St. Vital South","neighbourhood_count":9,"neighbourhoods":"Dakota Crossing; Maple Grove Park; Meadowood; Minnetonka; Normand Park; River Park South; St. Vital Centre; St. Vital Perimeter South; Vista"}},{"type":"Feature","geometry":{"type":"Polygon","coordinates":[[[-97.06359928817764,49.89282003270444],[-97.06390049796339,49.89287393087965],[-97.07116535532109,49.89417362478468],[-97.0707435257292,49.89522347860448],[-97.06994193770196,49.89636488203512],[-97.06933819226715,49.897484019775725],[-97.06904244502697,49.89817009191303],[-97.06895236112479,49.89834490483042],[-97.068343792133,49.89952583136423],[-97.06802057510033,49.90026732844622],[-97.06757452544196,49.90091195528294],[-97.06713064265465,49.90150206156387],[-97.06618689182206,49.90257827614548],[-97.06322541394927,49.90595505477909],[-97.06151109748168,49.906938551826634],[-97.05906129057936,49.90776834979398],[-97.0582062757599,49.908474935880264],[-97.0568790843468,49.91042217036172],[-97.05677171343187,49.91057969556729],[-97.04746484871733,49.91208637810135],[-97.04704173462574,49.912154855692286],[-97.03573361052227,49.91397937323745],[-97.03445261610521,49.914186590913346],[-97.02540038935147,49.915650451218006],[-97.02497985872687,49.91571843694186],[-97.02497578252566,49.91591767602333],[-97.02465937998228,49.915915826589114],[-97.02296644077765,49.91590591341716],[-97.01377589901578,49.915851665295456],[-97.01327728069012,49.915848647024205],[-97.0127786611342,49.91584562568597],[-97.01228004305828,49.9158426031265],[-97.01178142371528,49.91583957839912],[-97.00675946350498,49.91580899141578],[-97.00379106541844,49.91579080964432],[-97.002578894531,49.915783362033324],[-97.00215783725855,49.9157811228973],[-97.00181253966707,49.915779352867595],[-97.0008860574827,49.91577467779437],[-96.99856182711612,49.9157627130139],[-96.99834966590322,49.91576161807315],[-96.99718740345192,49.91575561532216],[-96.99672913428307,49.91575324538921],[-96.99644908204557,49.915751795924336],[-96.99623692100496,49.91575069801668],[-96.99602476002268,49.915749598821954],[-96.9958125976694,49.91574849921495],[-96.99560043669199,49.915747400142685],[-96.99538827577291,49.91574629978336],[-96.99517611483763,49.91574519993468],[-96.99496395396076,49.91574409879897],[-96.99475179167563,49.91574299814983],[-96.99453963084092,49.91574189623778],[-96.99432746999003,49.91574079483623],[-96.99411530919754,49.915739692147696],[-96.99390314838887,49.91573858996985],[-96.9936909876386,49.91573748650502],[-96.9934788254801,49.91573638352656],[-96.99326666477208,49.91573527928524],[-96.99305450404788,49.91573417555469],[-96.99284234338214,49.915733070536945],[-96.9926301827002,49.9157319660298],[-96.99241802068471,49.91573086021158],[-96.99220586004503,49.915729754928144],[-96.99192580840153,49.9157282945384],[-96.9909498688436,49.915723200521036],[-96.99084140120323,49.91572261009503],[-96.99055525052162,49.9157210519933],[-96.97974886147108,49.91566169456088],[-96.97932874249948,49.915658378859085],[-96.97714141307408,49.91564108981286],[-96.96804876906556,49.915568739967846],[-96.9663866982654,49.91555560654688],[-96.96237607061887,49.908037591498086],[-96.95836022830841,49.90050867860084],[-96.95806103170294,49.89994746150318],[-96.95718208628155,49.898298705733566],[-96.95674687004221,49.89748226832377],[-96.9565412139956,49.8864435776486],[-96.95652942301814,49.88581260822759],[-96.96697770617591,49.885815966766614],[-96.96795817077447,49.88581561605546],[-96.9681677136996,49.885815657900594],[-96.96837643965259,49.88581581682516],[-96.97980609609796,49.88582041741178],[-96.9810779569587,49.885821194644045],[-96.98107654006388,49.883757378582104],[-96.98107429232495,49.87840078570624],[-96.98107012670924,49.87093374424737],[-96.99268757748818,49.87093893289845],[-97.00425204012728,49.87094565893622],[-97.02681052071276,49.870939032665724],[-97.02681094038968,49.871119869206495],[-97.02695085309944,49.87111981438661],[-97.02697030171664,49.87840032894468],[-97.0271101482537,49.87840026956447],[-97.02802192663229,49.878399889985694],[-97.02998746901515,49.878399048162876],[-97.02999144298143,49.880210474303794],[-97.02999180122733,49.88039025882127],[-97.02999505265053,49.88195406380974],[-97.02999516639997,49.882008014914945],[-97.02999519919298,49.88202337430504],[-97.03000004409759,49.88429659183264],[-97.03000050394292,49.88451237818933],[-97.03000154396493,49.88500055892383],[-97.03097436684783,49.885000263811456],[-97.03097577643314,49.885630473921935],[-97.03097620484675,49.88582227713338],[-97.03098389588459,49.88600039920155],[-97.03372178616628,49.88589765126626],[-97.03414181528434,49.88759742041291],[-97.03520742728502,49.88773558481077],[-97.06329807908372,49.8927661337539],[-97.06359928817764,49.89282003270444]]]},"properties":{"cluster":"Transcona","neighbourhood_count":14,"neighbourhoods":"Canterbury Park; Griffin; Kern Park; Kildare-Redonda; Meadows; Melrose; Mission Gardens; Peguis; Radisson; Regent; Transcona North; Transcona South; Transcona Yards; Victoria West"}}],"_meta":{"source":"D:\\Dropbox\\Appraisal\\RProjects\\appraisal-templates\\base-files\\WpgNeighbourhoodClusters.geojson","generated_at":"2026-08-06T12:38:02.837Z","cluster_count":23}}